# File generated by ImageToStl.com - Free Image and 3D model conversion tools

o obj1
v 1.46654 1.1574 -0.456756
v 2.33162 1.46314 -0.474639
v 2.2735 1.10321 -0.452646
v 1.16505 -0.602212 -0.450395
v 1.37976 0.0337773 -0.437522
v 1.45308 -0.471666 -0.450277
v 1.96379 0.764707 -0.452
v 1.32922 0.411527 -0.439785
v 2.69032 1.29357 -0.443675
v 2.97781 -1.18266 -0.420041
v 2.80097 -1.46865 -0.43283
v 2.30818 -0.937218 -0.443821
v 2.65565 1.63795 -0.443323
v 1.45728 -0.596928 -0.452494
v 2.21162 -1.00067 -0.448887
v 1.79471 -1.00524 -0.44995
v 3.13439 0.982182 -0.454076
v 2.64514 0.785599 -0.42659
v 2.28512 0.591424 -0.428115
v 5.25069 3.13816 -0.655042
v 5.75261 3.90125 -0.482976
v 6.12858 3.63348 -0.49961
v 3.79501 -0.138992 -0.542738
v 3.4507 -0.441204 -0.479432
v 2.84795 -0.0826112 -0.53163
v 2.07128 -0.616305 -0.541837
v 2.50297 -0.247656 -0.533434
v 2.52405 -0.517418 -0.539819
v 2.45032 -0.757899 -0.515694
v 2.9233 1.93931 -0.571636
v 2.91026 1.76586 -0.567622
v 2.62921 1.72899 -0.57547
v 2.6779 1.3709 -0.565409
v 2.3561 1.43508 -0.5609
v 3.55337 -1.4318 -0.533777
v 4.17098 -2.29061 -0.51439
v 3.01136 -1.63843 -0.529322
v 2.39474 -1.04631 -0.544313
v 4.05995 -1.22508 -0.502021
v 3.08642 -1.21926 -0.51753
v 5.63404 -2.58884 -0.509024
v 7.36843 -2.65909 -0.557846
v 5.77525 -3.52802 -0.480403
v 3.61882 0.983847 -0.559667
v 4.1312 0.463679 -0.544698
v 2.76949 0.389869 -0.548785
v 4.7591 0.940927 -0.546827
v 2.81717 1.429 -0.565121
v 3.23194 1.18114 -0.562658
v 2.50167 0.898912 -0.560162
v 3.85246 1.89913 -0.560358
v 2.1602 1.16135 -0.556861
v 1.96018 0.717553 -0.548691
v 2.18503 1.09116 -0.554003
v 3.57394 -2.33395 -0.516871
v 4.78785 -3.23616 -0.48766
v 2.50018 -1.73616 -0.528892
v 2.43892 -1.2152 -0.541887
v 2.93869 -1.78238 -0.513089
v 2.54977 0.729701 -0.549854
v 2.49192 0.422905 -0.547271
v 1.988 0.504746 -0.542615
v 2.89525 0.786505 -0.539959
v 2.7159 0.166046 -0.535588
v 2.05942 0.106607 -0.54189
v 2.30321 0.150255 -0.543876
v 2.23907 0.0159096 -0.536735
v 2.83808 2.19909 -0.572967
v 3.18722 2.04905 -0.557743
v 3.38816 -2.55259 -0.51701
v 3.39206 -2.85001 -0.522404
v 3.05008 -2.34526 -0.497378
v 2.84295 -0.168895 -0.544196
v 3.37268 -0.381772 -0.513087
v 2.81908 0.21149 -0.534463
v 3.42968 0.595384 -0.54547
v 4.03399 1.63523 -0.559017
v 4.47761 1.37601 -0.5298
v 2.76943 -0.631334 -0.521095
v 2.86375 -1.05451 -0.534357
v 2.51496 -0.77037 -0.524493
v 4.39029 -0.484943 -0.533543
v 3.34886 -2.27045 -0.536358
v 3.27243 -1.42987 -0.51169
v 5.6716 2.68446 -0.54899
v 6.60119 3.56362 -0.526505
v 4.61112 -0.0213834 -0.505885
v 2.97813 1.31312 -0.560449
v 3.11052 1.73442 -0.5606
v 4.86751 -1.36263 -0.511123
v 6.406 -0.844789 -0.50163
v 6.57781 -1.82739 -0.488855
v 5.60177 1.85398 -0.513918
v 2.72671 1.50213 -0.558778
v 2.8854 -0.355614 -0.54671
v 2.48011 1.20781 -0.575266
v 2.58571 -0.0659701 -0.53909
v 2.58982 0.117162 -0.538715
v 4.48667 -1.76951 -0.498025
v 3.47126 -1.76386 -0.522508
v 3.76791 -0.881588 -0.4998
v 3.32411 -1.21037 -0.51944
v 2.54161 -1.70278 -0.516677
v 6.60356 1.12525 -0.528693
v 2.89007 0.799383 -0.54752
v 2.76449 0.388761 -0.542161
v 6.06667 0.13448 -0.439718
v 6.26887 -0.314823 -0.469659
v 5.77192 0.165272 -0.495338
v 4.26904 3.33973 -0.449675
v 5.38762 3.33582 -0.605267
v 3.86111 2.62357 -0.578922
v 5.36578 4.28437 -0.47097
v 4.16 1.50965 -0.551092
v 3.2367 0.0142369 -0.536117
v 3.525 1.56828 -0.551647
v 4.50482 1.2689 -0.561687
v 4.42726 0.277934 -0.541942
v 3.78911 -0.145225 -0.549097
v 5.20149 -0.0965052 -0.513448
v 4.96332 -0.69835 -0.510217
v 3.34813 -0.120172 -0.523092
v 3.42238 -0.447386 -0.499907
v 6.23249 -1.22944 -0.531315
v 4.7866 -1.18328 -0.513968
v 4.0545 -0.754833 -0.5315
v 6.53439 -1.81595 -0.471608
v 5.01392 -1.93066 -0.535086
v 6.99131 -2.83072 -0.508854
v 4.00081 -1.49245 -0.509834
v 3.78279 -0.891451 -0.503233
v 4.33262 2.48703 -0.563799
v 3.63779 2.08853 -0.562817
v 3.28757 -1.18602 -0.529044
v 3.93722 -1.93035 -0.541571
v 7.70833 3.83319 -0.532128
v 6.23164 3.70975 -0.49782
v 6.95998 4.5006 -0.452371
v 4.798 2.08253 -0.549758
v 3.19158 -1.867 -0.509674
v 4.04895 -2.29304 -0.529932
v 5.345 3.00294 -0.52759
v 4.08587 1.75122 -0.538093
v 7.25259 -3.28808 -0.517367
v 6.85619 -3.89509 -0.436895
v 5.52256 -3.16828 -0.488088
v 4.84081 -3.2996 -0.523053
v 6.65486 1.57327 -0.466951
v 5.07744 1.11344 -0.52411
v 6.06976 2.19819 -0.515391
v 3.55536 -2.39182 -0.514487
v 3.18573 -2.40357 -0.50666
v 3.73576 -2.79598 -0.509559
v 3.78453 -2.44392 -0.525683
v 5.42976 0.088027 -0.516877
v 6.27329 0.129643 -0.487223
v 5.4488 0.69221 -0.504277
v 6.17755 0.598571 -0.466443
v 6.14717 -0.554147 -0.481357
v 4.38594 -0.491227 -0.516493
v 5.09072 2.55215 -0.540853
v 4.11496 -0.2088 -0.533082
v 3.3466 -0.928503 -0.530674
v 5.40823 -1.53949 -0.524022
v 3.66134 2.09799 -0.570382
v 4.00814 2.82713 -0.578622
v 4.03244 1.57857 -0.534639
v 4.24579 0.71574 -0.537353
v 3.44603 1.27212 -0.559601
v 6.44142 2.02475 -0.505533
v 4.54795 -2.78813 -0.509074
v 4.96295 -3.88679 -0.466273
v 4.65006 -3.54178 -0.517369
v 4.5299 -3.93457 -0.495401
v 3.64686 1.62822 -0.560548
v 5.10933 3.78453 -0.517074
v 5.65394 4.101 -0.483469
v 3.18107 -1.37498 -0.53872
v 4.48838 -1.80563 -0.499251
v 4.42949 -2.4873 -0.509411
v 7.7784 -5.38615 -0.505246
v 8.52566 -5.2994 -0.395605
v 7.7212 -5.51885 -0.413712
v 2.95756 -1.79346 -0.522156
v 7.51019 -5.54014 -0.513276
v 2.93298 -1.88583 -0.516526
v 7.70299 -5.94653 -0.412301
v 4.05086 -3.44165 -0.526571
v 3.50752 0.667403 -0.532752
v 3.28775 -3.16085 -0.501419
v 3.93448 -3.84566 -0.496098
v 3.36593 -2.83064 -0.521651
v 4.39425 2.80108 -0.544648
v 2.65925 -2.2298 -0.510724
v 2.84282 -2.04308 -0.5402
v 7.24426 -6.2851 -0.365951
v 6.60853 -4.87554 -0.479285
v 4.10113 -1.25193 -0.512433
v 4.62856 -0.769881 -0.517053
v 7.27504 -5.47394 -0.443357
v 6.46806 3.36715 -0.520004
v 5.69468 2.69384 -0.572098
v 4.58656 -2.82312 -0.508354
v 4.76508 -2.28576 -0.504427
v 10.4151 4.64158 -0.445566
v 10.4134 4.08383 -0.461881
v 9.21096 3.90434 -0.537177
v 5.99001 -0.0235137 -0.516606
v 7.7005 0.0741768 -0.504268
v 6.29883 -0.773392 -0.476532
v 4.68916 -0.61333 -0.526437
v 5.62706 -0.642845 -0.523895
v 5.39113 -0.937557 -0.506794
v 6.76803 -2.89462 -0.557167
v 6.17689 -3.29481 -0.51236
v 5.70993 -2.65354 -0.555547
v 10.8579 3.11409 -0.495636
v 10.1183 3.2039 -0.484333
v 9.47234 -1.13522 -0.536889
v 8.00675 -2.03114 -0.466512
v 8.09106 -1.36501 -0.494192
v 9.27051 2.32827 -0.465133
v 10.6297 1.31252 -0.461286
v 7.51012 -3.91669 -0.492633
v 8.2125 -3.8828 -0.452306
v 8.82223 -5.22978 -0.486043
v 6.87194 -2.37139 -0.468792
v 6.15593 -1.76282 -0.497154
v 6.62906 -1.80772 -0.498035
v 7.5599 -3.90895 -0.446413
v 6.74518 -3.25255 -0.488183
v 7.11583 -3.14686 -0.466107
v 8.79281 -0.893624 -0.485768
v 10.1309 -1.1255 -0.495007
v 9.14054 -1.42601 -0.492589
v 10.2373 -5.30115 -0.407586
v 10.3859 -6.49346 -0.308653
v 10.011 -5.81781 -0.375852
v 7.77383 0.934124 -0.518209
v 8.17218 0.625184 -0.477331
v 7.45904 0.646827 -0.492037
v 10.6406 4.53289 -0.457973
v 10.3831 3.63086 -0.543303
v 8.54053 -2.80439 -0.481311
v 9.64112 -3.08805 -0.449784
v 9.49052 -3.68288 -0.461482
v 11.3818 -1.14973 -0.446622
v 12.7262 -2.1568 -0.516649
v 11.5773 -1.87949 -0.54688
v 10.6138 4.13479 -0.497906
v 10.1261 3.8451 -0.630388
v 8.08881 -0.980347 -0.483239
v 8.15736 -1.4401 -0.527767
v 7.7172 -0.818177 -0.505049
v 10.1803 -3.84488 -0.446833
v 9.06964 -3.47378 -0.469063
v 9.67242 -3.38569 -0.482752
v 10.7944 2.81397 -0.509411
v 11.2891 3.9829 -0.504911
v 11.7408 3.64855 -0.501878
v 10.3127 -1.13431 -0.529288
v 13.4519 2.43777 -0.485585
v 12.2289 2.67332 -0.506674
v 13.9535 3.57114 -0.499713
v 10.1339 3.25271 -0.557094
v 9.13726 1.96166 -0.523627
v 14.7319 1.98358 -0.342823
v 11.3464 2.53776 -0.506303
v 12.2752 -1.53322 -0.458961
v 13.7213 -0.905146 -0.524076
v 14.0936 -2.11932 -0.433217
v 11.4121 2.70395 -0.489507
v 10.2708 2.08246 -0.527587
v 11.0263 3.11834 -0.548083
v 12.092 2.67687 -0.458017
v 13.7415 3.15201 -0.547215
v 10.4452 -0.957486 -0.500787
v 11.4195 -0.395482 -0.46727
v 11.7749 2.97888 -0.46916
v 11.0288 -1.32084 -0.475899
v 11.2352 -1.83353 -0.44614
v 10.4376 -1.58725 -0.474334
v 14.4458 -2.92267 -0.431997
v 14.7226 -1.88119 -0.49834
v 15.9287 -2.05989 -0.451773
v 10.7064 -2.95382 -0.443214
v 10.5521 -2.15728 -0.456567
v 11.3295 -3.13163 -0.461429
v 12.8135 -5.81105 -0.348436
v 13.1528 -5.26205 -0.343741
v 13.3749 -6.59537 -0.309123
v 12.919 1.9081 -0.487308
v 13.8872 2.1309 -0.403108
v 11.4084 -1.22104 -0.427706
v 12.8229 -1.12897 -0.466027
v 12.2755 -1.54644 -0.435543
v 11.3703 -2.66226 -0.454391
v 11.2934 -3.10749 -0.444772
v 10.6666 -2.55903 -0.440351
v 13.5997 3.18077 -0.495485
v 13.2007 2.26596 -0.541106
v 12.3658 1.96046 -0.471683
v 12.4377 -1.1615 -0.504645
v 13.7217 -1.2774 -0.419226
v 13.5228 -2.03487 -0.447235
v 11.5051 -1.10292 -0.457426
v 12.2292 -1.52006 -0.440616
v 12.6455 -1.07126 -0.48575
v 13.097 -1.15343 -0.50733
v 13.407 -1.75599 -0.484072
v 13.0506 2.14847 -0.475309
v 13.054 1.70098 -0.474371
v 12.7163 1.83246 -0.463693
v 12.8971 -2.26108 -0.446307
v 12.3816 -2.26637 -0.458787
v 12.4089 -1.60193 -0.468702
v 13.6811 -3.28877 -0.436111
v 12.8967 -3.19396 -0.452104
v 13.0585 -2.68377 -0.448486
v 13.7831 -2.82439 -0.443075
v 13.6648 -2.2682 -0.447923
v 14.4531 -2.96385 -0.468448
v 17.0047 -1.10948 -0.410987
v 16.0546 -1.50061 -0.367312
v 15.2109 -0.848137 -0.47509
v 17.5176 5.6705 -0.386041
v 18.1462 5.09708 -0.265488
v 16.7778 4.46669 -0.459608
v 15.9869 -1.52448 -0.335878
v 15.4102 -1.11252 -0.432603
v 14.0907 -1.16288 -0.419881
v 14.8842 -1.52918 -0.399297
v 13.9906 -1.4952 -0.38539
v 15.9859 -2.78651 -0.408593
v 15.7073 -3.27858 -0.417066
v 14.6635 -2.25188 -0.386981
v 16.783 -3.89283 -0.377776
v 14.5943 -2.46625 -0.40211
v 14.5483 -3.02611 -0.410319
v 13.9709 -2.53102 -0.404203
v 15.1633 -3.44864 -0.395224
v 15.5076 -3.97088 -0.390917
v 14.5173 -3.28584 -0.387991
v 15.0999 -4.32696 -0.378689
v 17.0874 -5.46326 -0.381284
v 18.8581 -6.01386 -0.297835
v 17.1197 -6.12913 -0.236053
v 20.4885 -0.417023 -0.395695
v 20.4014 -2.12137 -0.412953
v 19.6063 -1.09698 -0.348445
v 16.1145 -1.53644 -0.38671
v 15.5964 -1.20117 -0.400418
v 18.2992 -2.22165 -0.393714
v 17.9519 -3.16112 -0.395842
v 17.7244 -2.34845 -0.399635
v 18.9769 1.89135 -0.41865
v 18.7439 1.95222 -0.451142
v 18.7084 2.15028 -0.375442
v 14.9357 -1.50002 -0.425295
v 15.0906 -0.880457 -0.435933
v 15.3083 -1.03821 -0.454233
v 17.0308 -2.26098 -0.417231
v 15.7848 -1.71617 -0.411576
v 14.9463 -1.81956 -0.39767
v 15.3285 -2.12487 -0.414647
v 16.2069 -2.47659 -0.404839
v 16.5689 -2.96779 -0.393331
v 15.4726 -2.70595 -0.404831
v 14.7064 -2.28268 -0.42112
v 17.7381 -3.5497 -0.3698
v 16.7985 -3.93957 -0.360317
v 16.7395 -4.34385 -0.41903
v 17.452 -5.37471 -0.412001
v 16.8591 -5.21093 -0.434691
v 21.6517 -1.10121 -0.363343
v 21.4605 -2.39314 -0.455709
v 19.6698 0.0112095 -0.419631
v 20.9621 0.254061 -0.380924
v 19.3737 -1.11982 -0.397351
v 17.7281 -0.0810172 -0.420394
v 18.8052 0.476952 -0.390293
v 17.6126 0.496807 -0.405618
v 20.4678 3.97092 0.03951
v 19.8405 3.42688 -0.369419
v 20.4121 4.02209 -0.351671
v 16.385 2.1637 -0.443556
v 16.2758 1.71332 -0.427304
v 15.6799 1.57168 -0.422726
v 15.9749 0.261 -0.398401
v 16.4332 -0.0871236 -0.409666
v 15.6388 -0.068495 -0.41401
v 16.979 -1.08404 -0.41639
v 17.8026 -1.91708 -0.416546
v 16.1595 -1.47119 -0.398026
v 16.2671 -0.593727 -0.41613
v 17.0698 -0.718555 -0.449645
v 16.0552 -1.07873 -0.414478
v 15.4973 -0.82989 -0.433123
v 16.7939 -2.07184 -0.416013
v 16.1382 -1.58905 -0.37816
v 16.1636 -2.25672 -0.401263
v 17.6644 -2.80812 -0.372114
v 18.4889 -3.10465 -0.384918
v 17.145 -3.22097 -0.40944
v 16.055 0.601755 -0.415516
v 15.8266 0.507954 -0.429665
v 15.8375 1.40922 -0.427666
v 15.6049 1.09462 -0.422351
v 20.2475 3.99378 0.803471
v 19.8458 4.14501 -0.390228
v 16.2451 1.33519 -0.418316
v 15.6041 0.559825 -0.415584
v 18.7348 -3.88516 -0.347083
v 18.1373 -4.18771 -0.426971
v 17.4268 2.10026 -0.408877
v 17.2084 1.35348 -0.443141
v 16.483 1.20548 -0.437919
v 18.7923 2.02286 -0.426207
v 15.4562 -2.61418 -0.420295
v 15.3989 -2.07156 -0.407385
v 15.862 -2.91794 -0.393675
v 16.1857 -2.52253 -0.417058
v 16.8198 -3.34031 -0.402086
v 17.2739 0.994515 -0.445666
v 15.5242 -0.392005 -0.431257
v 19.4096 -5.84292 -0.310171
v 20.226 -5.82929 -0.339002
v 19.4305 -6.80238 -0.249671
v 15.8589 -3.03468 -0.394854
v 15.9188 -3.47766 -0.382124
v 15.6582 -3.28435 -0.426411
v 15.5244 -3.5232 -0.400029
v 17.8018 0.909868 -0.428402
v 19.2641 1.78713 -0.488723
v 19.3317 1.02411 -0.387636
v 18.6236 -0.429377 -0.41429
v 18.4126 -1.10679 -0.410791
v 19.0576 -1.8735 -0.380314
v 18.4874 1.47568 -0.420948
v 18.5312 1.91839 -0.417589
v 17.5748 0.137068 -0.390795
v 16.8587 -0.224039 -0.444185
v 16.7155 0.189758 -0.409244
v 17.7685 -0.0783291 -0.4245
v 17.7732 -0.453096 -0.376132
v 17.4168 -1.33526 -0.389616
v 16.8647 -1.49582 -0.403634
v 16.9772 -1.09402 -0.422327
v 16.4676 1.20233 -0.436517
v 17.1153 1.33088 -0.422899
v 16.2692 0.534759 -0.413933
v 19.3001 -2.30424 -0.411942
v 19.1111 -2.85733 -0.410408
v 16.2169 -1.22513 -0.41109
v 16.6964 -1.69692 -0.391067
v 18.0691 -2.77436 -0.388219
v 16.1506 -1.46482 -0.399605
v 16.2138 -0.506038 -0.410315
v 20.4194 4.04306 -0.392613
v 19.8897 4.19005 -0.389396
v 20.4487 4.12441 -0.186208
v 16.6217 -2.17209 -0.399243
v 16.1711 -1.88911 -0.405272
v 21.8133 4.12625 -0.373313
v 18.1319 2.39183 -0.424906
v 17.0022 0.491688 -0.432396
v 18.7217 -3.48686 -0.391568
v 17.8836 -3.18877 -0.39222
v 17.939 -3.42934 -0.38737
v 17.1264 -3.25482 -0.413066
v 16.8372 -2.66636 -0.406707
v 18.2478 -4.3926 -0.36172
v 18.727 -4.01543 -0.344599
v 16.1675 -2.25713 -0.4019
v 19.495 -5.33295 -0.32707
v 16.1326 -2.46178 -0.383729
v 16.9672 -0.714296 -0.388543
v 16.5604 0.34809 -0.425686
v 16.4765 0.0157999 -0.420143
v 20.9316 -5.56567 -0.417265
v 19.9158 -6.27105 -0.260838
v 19.4293 -0.936364 -0.417279
v 20.1698 -1.89428 -0.416508
v 19.2444 0.0772084 -0.434497
v 20.1759 0.239239 -0.475382
v 19.9566 -2.58913 -0.405466
v 21.1345 1.15932 -0.413375
v 22.5508 2.34977 -0.436758
v 22.0033 0.805821 -0.339027
v 17.8254 -0.901482 -0.393289
v 17.5598 -1.41477 -0.302261
v 17.3612 -1.0542 -0.409771
v 20.0238 -3.29501 -0.359096
v 18.4177 1.13252 -0.458783
v 17.4648 0.605413 -0.429328
v 17.7367 1.17171 -0.428124
v 17.6498 -0.755957 -0.412799
v 20.1169 3.8002 -0.303367
v 20.3967 4.02375 0.885771
v 20.5005 4.0299 0.0752519
v 19.7122 3.19098 -0.473963
v 21.2606 3.68476 -0.334437
v 17.8079 -2.00819 -0.378738
v 17.1811 -1.65057 -0.412329
v 17.7452 -1.90714 -0.388321
v 17.375 -1.94272 -0.397867
v 17.1049 -2.14871 -0.409922
v 17.8246 -2.66613 -0.397906
v 18.5072 -3.09422 -0.393694
v 19.9619 -3.61754 -0.378323
v 22.3487 3.73258 -0.590525
v 22.248 4.37748 -0.326133
v 17.7104 0.464359 -0.405142
v 17.1898 0.372539 -0.408498
v 17.2577 0.849896 -0.434112
v 17.2936 1.22425 -0.421435
v 22.3663 3.69968 -0.371255
v 18.503 -3.39615 -0.381934
v 17.9138 -3.20487 -0.404842
v 17.1666 -2.66981 -0.388047
v 19.8244 1.9229 -0.389392
v 20.3086 1.47552 -0.445982
v 19.3085 1.49998 -0.431318
v 19.3321 1.85074 -0.514
v 19.2833 1.16349 -0.454873
v 18.4607 -3.72804 -0.369418
v 17.6021 -3.24855 -0.344314
v 18.3717 -4.19471 -0.360927
v 17.2535 -3.08532 -0.413969
v 17.6414 -3.67393 -0.37446
v 17.9335 -0.093434 -0.403799
v 18.8501 0.525575 -0.405214
v 17.3348 -0.395239 -0.409079
v 17.6533 0.18441 -0.378186
v 17.122 -3.25296 -0.409879
v 17.2892 -3.60957 -0.398449
v 17.3297 -0.497534 -0.398239
v 17.7296 -3.97457 -0.3807
v 23.4573 1.47335 -0.399791
v 22.7679 0.473109 -0.404317
v 22.9012 4.17347 -0.270707
v 22.2696 3.28819 -0.528904
v 21.9033 4.13037 -0.384415
v 18.9108 -1.34027 -0.405164
v 19.6975 -1.32193 -0.427288
v 19.5407 -1.66662 -0.419276
v 18.7113 -1.04462 -0.384072
v 18.3635 -1.10877 -0.404423
v 18.303 -0.561163 -0.41302
v 18.2471 -1.94409 -0.401424
v 20.7255 -1.80889 -0.368931
v 20.8746 -2.52336 -0.442937
v 19.9949 -2.17721 -0.397764
v 19.1977 1.79227 -0.49746
v 19.2212 2.21434 -0.513989
v 19.5836 2.08912 -0.388806
v 18.5491 1.48185 -0.447815
v 20.675 1.13453 -0.481947
v 19.2304 0.0557257 -0.43213
v 20.1845 -2.66604 -0.382648
v 20.9183 -3.16121 -0.405191
v 18.2496 0.780481 -0.429836
v 19.7523 1.73157 -0.441563
v 19.2871 1.47749 -0.438826
v 20.0309 -3.19898 -0.406809
v 20.9297 -3.89353 -0.377947
v 19.5771 1.07956 -0.413461
v 19.2067 1.07615 -0.430323
v 18.5764 -2.03706 -0.38382
v 18.2141 -2.40506 -0.381901
v 19.0518 -2.83726 -0.391263
v 20.2967 -3.92325 -0.40207
v 18.9481 -0.585649 -0.410739
v 18.7792 -3.20093 -0.403074
v 18.3862 0.564767 -0.418987
v 18.7182 0.56815 -0.411185
v 18.4139 0.210767 -0.405908
v 18.373 -0.0917649 -0.407043
v 18.8558 -0.147809 -0.412369
v 19.6316 0.00116867 -0.42493
v 18.3589 -0.367715 -0.386321
v 21.3541 -5.73078 -0.286686
v 22.1584 -5.53021 -0.378397
v 21.2582 -6.60162 -0.261132
v 19.4537 -0.697562 -0.382973
v 20.1749 -4.60724 -0.363812
v 20.6278 -5.75816 -0.275336
v 19.3276 -4.32362 -0.399567
v 17.9954 -3.4674 -0.390213
v 18.0692 -2.79139 -0.393539
v 18.3687 -3.36272 -0.396688
v 18.837 -3.9111 -0.387347
v 21.4631 0.900393 -0.430509
v 21.0549 1.19524 -0.44015
v 21.9314 1.17439 -0.411444
v 21.116 1.66571 -0.445972
v 22.0953 1.5076 -0.422673
v 19.9351 -1.22052 -0.38117
v 19.3172 -1.11424 -0.386843
v 19.4424 -0.837223 -0.39601
v 19.6039 -1.38534 -0.385716
v 23.2787 -1.9429 -0.393309
v 21.8829 -1.31043 -0.392039
v 22.2687 -0.780178 -0.402865
v 21.4829 -1.65513 -0.409186
v 21.7121 -2.66955 -0.360353
v 20.5922 -2.23352 -0.396792
v 19.2257 0.734316 -0.417555
v 19.9219 1.56746 -0.441966
v 19.8028 1.01546 -0.398638
v 20.0159 -1.96012 -0.385459
v 20.1507 -2.46811 -0.371802
v 19.2335 -2.89758 -0.38202
v 19.4409 -1.7134 -0.382103
v 20.2111 -3.05342 -0.395148
v 22.4784 2.49042 -0.398121
v 21.053 2.19287 -0.443068
v 22.6228 3.38075 -0.434123
v 19.9166 -3.30138 -0.379015
v 20.3808 -2.7548 -0.378112
v 21.9545 -3.45661 -0.335918
v 20.958 -3.28925 -0.383506
v 20.3938 -3.69499 -0.3801
v 22.2536 0.818829 -0.409884
v 22.2211 0.0481883 -0.402571
v 20.8798 0.304289 -0.391786
v 19.4606 0.316154 -0.422425
v 19.4284 0.691073 -0.405022
v 19.7515 0.607016 -0.399341
v 21.7108 -3.75653 -0.330492
v 19.876 -0.693883 -0.410903
v 20.0226 0.175581 -0.427011
v 19.3909 0.0187313 -0.396986
v 20.6084 -0.279349 -0.409121
v 19.7325 -0.473193 -0.408178
v 23.3348 -5.83686 -0.301838
v 23.0876 -6.72722 -0.217395
v 22.8935 -6.08369 -0.21301
v 19.2888 -0.489249 -0.411281
v 20.5329 -0.710692 -0.3678
v 19.5274 -3.22452 -0.377271
v 20.4469 -4.02881 -0.341119
v 19.5719 -3.92516 -0.371705
v 19.0178 -3.17735 -0.382714
v 22.802 -0.77054 -0.374353
v 22.7288 -1.45829 -0.318518
v 22.2743 -0.965682 -0.340197
v 21.1568 1.68641 -0.450633
v 21.7221 1.87068 -0.40766
v 21.5937 1.55103 -0.421525
v 23.3087 1.79916 -0.38388
v 21.8583 0.808349 -0.391065
v 20.8186 -1.16779 -0.398816
v 22.078 -1.08237 -0.360503
v 21.4775 -1.65531 -0.389468
v 21.0422 0.696769 -0.417692
v 20.8692 0.333622 -0.402156
v 20.4669 -0.138849 -0.406677
v 20.3326 0.481657 -0.419335
v 20.0743 -1.18113 -0.363768
v 20.6182 -0.727582 -0.380654
v 20.7737 -1.46507 -0.389806
v 20.168 -2.47819 -0.367663
v 20.0972 -1.62925 -0.370309
v 20.5884 -2.2403 -0.379786
v 20.8326 -1.84256 -0.404366
v 21.4412 -2.36304 -0.39438
v 20.6929 1.39571 -0.459641
v 21.0302 1.834 -0.44061
v 21.0667 1.1032 -0.412748
v 20.52 1.06422 -0.445872
v 21.6718 -3.46326 -0.379969
v 22.9187 -3.39475 -0.370633
v 23.1661 -4.08991 -0.357874
v 22.0748 -0.198061 -0.368248
v 21.8522 0.25029 -0.378327
v 21.5367 -2.64839 -0.370861
v 21.1398 -2.91695 -0.391264
v 20.6867 -3.27302 -0.393075
v 20.7135 -0.0739835 -0.400844
v 22.8842 0.581959 -0.360219
v 20.1254 -3.13082 -0.373392
v 20.1787 -2.78726 -0.371527
v 20.494 -3.24643 -0.353831
v 22.641 -2.22314 -0.372618
v 22.6803 -1.43962 -0.395494
v 23.3044 -1.89483 -0.361023
v 21.5377 -1.58969 -0.373343
v 23.9711 -1.34851 -0.371725
v 22.0008 -1.16392 -0.406557
v 25.9208 -2.14085 -0.436451
v 27.0368 -3.33607 -0.378294
v 25.44 -3.00628 -0.364013
v 26.5925 -2.27604 -0.364357
v 21.076 -1.48165 -0.396462
v 21.1488 -0.743911 -0.399586
v 21.6336 -2.01552 -0.400243
v 21.0425 -1.891 -0.392941
v 21.2334 0.345293 -0.418916
v 21.4442 0.895855 -0.413811
v 21.9189 0.81041 -0.4156
v 21.4518 1.09732 -0.424801
v 22.1881 1.77755 -0.408479
v 22.1624 1.37259 -0.414256
v 22.0894 -2.61986 -0.372338
v 23.1095 -2.95236 -0.385394
v 22.643 1.84002 -0.44101
v 21.5709 -2.69443 -0.378426
v 21.051 -2.7129 -0.390155
v 21.7296 -3.15381 -0.391665
v 23.1563 1.25977 -0.445376
v 24.1755 2.48927 -0.436551
v 24.8083 1.95763 -0.422621
v 24.3111 3.41196 -0.404568
v 23.8204 -3.16238 -0.332151
v 23.0704 -3.44486 -0.374692
v 22.3478 -3.4176 -0.370524
v 21.2063 0.10327 -0.407977
v 21.8732 0.486491 -0.420404
v 21.6404 -0.0416273 -0.402485
v 25.5505 0.650625 -0.389531
v 23.8309 0.80028 -0.386066
v 23.4532 -3.97643 -0.305353
v 22.9234 0.585124 -0.376018
v 21.8114 -3.50833 -0.348638
v 22.7958 -0.0079877 -0.386575
v 21.1159 -0.5673 -0.419535
v 21.6683 -0.370018 -0.391754
v 23.0042 -0.304473 -0.385073
v 22.1692 -0.782483 -0.398034
v 22.4031 -4.26865 -0.364292
v 21.6957 -4.00315 -0.355345
v 22.426 -0.972273 -0.389978
v 21.3005 -3.54157 -0.387775
v 23.3343 -1.90425 -0.340885
v 24.0509 -1.3407 -0.376964
v 24.8312 -1.42424 -0.345009
v 22.8852 -1.50692 -0.345476
v 24.0288 0.306173 -0.381624
v 24.793 0.789183 -0.367228
v 25.2047 0.210005 -0.305557
v 24.1844 -0.824832 -0.346088
v 22.8193 -1.21343 -0.36434
v 22.7652 -0.789482 -0.361652
v 22.9922 -0.327781 -0.355968
v 23.6117 -0.457379 -0.347612
v 22.3254 -0.529798 -0.367975
v 22.5971 -2.01073 -0.349234
v 22.0337 -1.43526 -0.362668
v 23.5648 1.61919 -0.382594
v 22.817 1.51316 -0.380131
v 23.7975 2.06195 -0.39601
v 22.7571 0.854293 -0.350161
v 23.5876 1.02915 -0.373556
v 22.2183 0.801154 -0.365062
v 23.8535 -2.56273 -0.343259
v 25.5156 -3.04763 -0.357205
v 25.3278 -3.6981 -0.365561
v 23.5098 -2.95733 -0.363359
v 22.9183 -2.66544 -0.368531
v 25.2495 -0.0769952 -0.376666
v 22.9787 0.59918 -0.368344
v 23.5357 0.426283 -0.385899
v 22.587 0.238624 -0.353831
v 22.4184 0.399192 -0.364692
v 22.1321 0.106182 -0.380997
v 22.0932 -0.183917 -0.362458
v 22.5394 -2.66145 -0.372999
v 23.7414 -3.23039 -0.380066
v 23.0575 -3.43946 -0.338057
v 24.6618 -3.93165 -0.343428
v 23.9592 -4.25218 -0.341866
v 22.4118 -1.00183 -0.360017
v 22.0934 -1.09316 -0.340073
v 25.6993 -5.45187 -0.340259
v 22.1187 -2.94095 -0.362425
v 23.4482 -4.00678 -0.350523
v 22.4461 -3.30909 -0.345076
v 22.35 -3.43848 -0.364808
v 23.0272 -4.35716 -0.337114
v 24.0494 -5.44439 -0.323108
v 24.9016 -5.81389 -0.213022
v 24.4667 -5.99614 -0.206784
v 23.7219 -1.72932 -0.387709
v 24.6039 -1.45451 -0.404513
v 25.32 -1.88943 -0.398327
v 24.109 -1.33544 -0.394586
v 24.654 -1.02349 -0.406998
v 23.3155 -1.97472 -0.387048
v 23.4627 -1.1695 -0.408955
v 23.9897 -1.02258 -0.401795
v 26.2697 -2.12556 -0.388604
v 26.007 -2.87921 -0.402735
v 24.4464 -2.42959 -0.388104
v 23.7092 -2.5425 -0.383962
v 24.3916 -2.82296 -0.393911
v 23.9672 -2.07989 -0.38491
v 27.0237 3.2208 -0.391716
v 25.5599 2.82881 -0.464545
v 26.3575 3.71252 -0.47807
v 23.4651 1.13479 -0.421257
v 23.7466 1.32957 -0.420379
v 23.5836 0.859878 -0.408838
v 23.7525 -3.3648 -0.375125
v 23.1241 -3.15213 -0.370494
v 23.3364 -2.80879 -0.388062
v 23.9208 0.875147 -0.425995
v 23.5337 0.384715 -0.419657
v 23.9328 0.77453 -0.412503
v 24.0447 0.281959 -0.398106
v 24.7036 1.03519 -0.404742
v 24.8576 0.725326 -0.404451
v 23.8181 -3.02324 -0.38167
v 24.8232 -3.34945 -0.432601
v 24.752 -3.96228 -0.338361
v 25.926 1.18368 -0.40551
v 25.3783 0.274883 -0.371648
v 23.5283 0.199774 -0.409899
v 24.0683 -0.0623892 -0.392005
v 23.1184 -0.628309 -0.380409
v 24.0371 -0.468407 -0.383084
v 23.2479 -0.951217 -0.389725
v 25.2344 -0.120074 -0.383622
v 27.1316 0.153706 -0.449741
v 26.526 -0.686855 -0.394724
v 25.8359 0.183255 -0.349026
v 25.6858 -3.66592 -0.37327
v 23.1622 -2.48313 -0.37979
v 23.7411 -3.52028 -0.396842
v 23.6184 -3.7996 -0.368316
v 25.112 -5.38362 -0.317507
v 26.3769 -5.41301 -0.336915
v 26.229 -6.49639 -0.221101
v 24.8721 -1.5391 -0.390988
v 25.6735 -1.03263 -0.391542
v 26.368 -1.59386 -0.377612
v 27.1164 -1.57884 -0.35733
v 26.2948 -2.11796 -0.386071
v 24.7602 -2.06488 -0.395408
v 27.0804 -0.948423 -0.414457
v 25.9877 -2.52223 -0.379942
v 27.0168 -2.83231 -0.370202
v 24.6993 -1.1424 -0.398319
v 24.1535 -1.41219 -0.369181
v 24.3823 -1.04985 -0.402547
v 24.2996 0.0491345 -0.409004
v 25.0301 0.180094 -0.38592
v 24.4551 -0.17653 -0.399173
v 25.2052 0.886067 -0.437681
v 24.5842 -2.44836 -0.37174
v 24.1147 -1.90007 -0.381574
v 26.1876 2.05053 -0.426185
v 25.7215 1.22454 -0.436534
v 24.9036 1.27966 -0.411482
v 24.8356 0.790365 -0.41516
v 25.9298 -2.85897 -0.375878
v 27.037 -3.29941 -0.34272
v 26.6786 -3.86802 -0.304061
v 27.2133 2.45221 -0.46766
v 28.3531 3.60446 -0.478276
v 28.1619 2.14901 -0.432565
v 24.0946 -2.38452 -0.372122
v 25.3139 -3.13667 -0.428866
v 24.7525 -3.30337 -0.403288
v 25.4737 0.281475 -0.366575
v 25.8991 1.16722 -0.390749
v 27.3437 0.973392 -0.377947
v 25.243 -0.070149 -0.38859
v 25.9433 0.215943 -0.391192
v 24.3131 -0.608728 -0.396615
v 24.7047 -0.68525 -0.403505
v 25.1388 -0.894743 -0.399079
v 26.2636 -0.464384 -0.375668
v 27.3298 -0.172615 -0.397781
v 24.8262 -4.1563 -0.35577
v 24.0739 -3.35079 -0.390483
v 24.6149 -3.49396 -0.37619
v 27.1458 -5.97374 -0.222196
v 27.621 -5.83036 -0.233743
v 27.5113 -6.9477 -0.246268
v 26.9968 -1.1612 -0.412545
v 27.1543 -1.58711 -0.384194
v 26.1773 -1.29767 -0.393868
v 27.8251 -1.0868 -0.366555
v 26.6571 2.1243 -0.451726
v 26.9312 1.85179 -0.450191
v 26.1573 1.74733 -0.431732
v 27.3143 -0.844669 -0.406315
v 25.5173 -1.60775 -0.416167
v 26.0657 -1.42696 -0.407826
v 26.7022 -1.9602 -0.408668
v 25.3751 -1.14162 -0.439551
v 29.4179 -1.88431 -0.42504
v 29.933 -0.596488 -0.397109
v 27.8971 1.75662 -0.419996
v 27.2966 0.956099 -0.435495
v 26.663 1.18015 -0.420475
v 26.9038 0.124487 -0.396889
v 26.0799 0.51972 -0.416223
v 28.096 -2.46777 -0.405566
v 28.0085 -3.34406 -0.367593
v 26.9782 -2.8416 -0.37165
v 25.8914 1.15405 -0.402455
v 26.312 -2.14348 -0.411122
v 26.0113 -2.45316 -0.391745
v 25.6936 0.766636 -0.41626
v 28.1739 2.29111 -0.429201
v 28.2122 1.34879 -0.398871
v 25.2749 -2.09359 -0.393976
v 26.1209 -2.89576 -0.394038
v 30.0726 0.68746 -0.447197
v 28.016 0.734881 -0.405155
v 26.2901 -0.697891 -0.405916
v 25.9543 -3.25978 -0.386715
v 27.003 -3.56274 -0.40149
v 26.8148 -3.95927 -0.375564
v 26.0932 -3.66334 -0.395377
v 26.384 -4.27613 -0.382611
v 28.8263 -2.07539 -0.33405
v 26.7434 -1.12458 -0.382159
v 26.5023 -0.613471 -0.429937
v 25.5741 0.108021 -0.411383
v 26.7099 -0.268829 -0.398037
v 26.0532 -0.107711 -0.396197
v 31.2808 0.81835 -0.432874
v 26.5354 0.82067 -0.412089
v 27.3287 -0.152438 -0.428681
v 25.7418 -0.958938 -0.400473
v 25.8903 -0.71076 -0.417469
v 25.9229 -0.472674 -0.41616
v 26.1982 -1.33788 -0.38509
v 28.6158 -2.17402 -0.388944
v 27.4831 -2.1832 -0.401713
v 26.6805 -1.96217 -0.403251
v 26.1458 2.02275 -0.422298
v 25.9179 1.54296 -0.443294
v 25.7713 -1.76133 -0.405864
v 25.863 -1.43738 -0.390055
v 27.4019 -2.55786 -0.388915
v 26.7668 -2.44893 -0.4006
v 25.7799 -2.0352 -0.388398
v 26.0436 -2.47456 -0.388573
v 28.0246 -3.34619 -0.370034
v 29.4953 -3.5141 -0.367834
v 28.8999 -3.89939 -0.377777
v 27.0083 -2.84561 -0.380352
v 27.5622 -3.56544 -0.395191
v 28.4988 -4.41799 -0.38859
v 26.5023 -2.86241 -0.394732
v 26.7411 -3.52589 -0.406502
v 26.5078 2.46091 -0.421803
v 28.1132 1.87133 -0.40145
v 26.0874 1.13442 -0.394756
v 25.8927 0.662278 -0.411033
v 26.7606 -1.39827 -0.398834
v 26.1876 -0.897155 -0.417545
v 28.2419 3.44754 -0.481233
v 28.9443 5.2582 -0.482544
v 29.8247 4.44709 -0.453783
v 25.807 2.20334 -0.452729
v 26.8593 3.54354 -0.461459
v 27.1872 2.74133 -0.43284
v 28.1513 3.39281 -0.461151
v 26.2195 1.67847 -0.457279
v 27.4045 2.86466 -0.43755
v 27.1002 3.49915 -0.445844
v 26.0877 2.56698 -0.451182
v 26.3575 3.4318 -0.470556
v 25.3627 2.08095 -0.463019
v 25.6027 2.04026 -0.451577
v 25.7679 1.59884 -0.433037
v 28.1713 3.91198 -0.461829
v 25.85 1.24625 -0.438032
v 28.8337 1.58098 -0.430708
v 27.7225 -1.27463 -0.429816
v 28.1051 -0.821044 -0.410193
v 28.7449 -1.10254 -0.44017
v 27.1645 -1.5865 -0.385394
v 27.8276 -1.7155 -0.422439
v 30.4497 -1.28767 -0.364721
v 29.3758 -1.85207 -0.420902
v 29.2783 6.21816 -0.522798
v 29.6612 4.3935 -0.44334
v 28.9849 4.89266 -0.447772
v 30.5704 1.55552 -0.443286
v 29.6976 0.587314 -0.38076
v 29.3261 1.10402 -0.399939
v 29.1405 1.7082 -0.410487
v 28.3087 3.33634 -0.40565
v 27.898 2.17306 -0.425504
v 28.4555 2.88967 -0.402559
v 28.3489 1.964 -0.39154
v 29.4118 3.86085 -0.433012
v 30.6404 3.56762 -0.411369
v 28.0793 3.92141 -0.468335
v 27.9244 4.7131 -0.445654
v 28.7524 5.14305 -0.416343
v 27.3052 3.41214 -0.456591
v 31.2608 1.49045 -0.414396
v 31.1116 0.777317 -0.407953
v 30.0936 1.13362 -0.404769
v 29.4975 0.287592 -0.377901
v 27.2016 5.04758 -0.488868
v 27.4741 5.9274 -0.483296
v 28.0243 5.75294 -0.474685
v 25.7753 5.39094 -0.447624
v 26.076 6.86404 -0.488251
v 26.3458 5.03373 -0.46603
v 28.2053 1.05629 -0.394973
v 27.6505 0.909417 -0.387698
v 28.2102 1.37455 -0.377998
v 29.6394 4.38599 -0.443509
v 30.6683 4.38673 -0.49549
v 29.9879 4.07915 -0.47785
v 28.3328 2.79106 -0.410768
v 28.5844 2.59231 -0.441783
v 32.1704 2.74716 -0.39909
v 30.7415 2.06578 -0.4136
v 29.1742 0.23255 -0.38776
v 29.6973 0.600304 -0.383423
v 30.1373 0.349339 -0.390938
v 25.5735 3.49491 -0.423665
v 28.844 0.416095 -0.40904
v 28.3752 0.129275 -0.387933
v 30.5021 0.0370985 -0.370312
v 29.4837 -0.181935 -0.392059
v 26.0625 3.52784 -0.409618
v 26.0312 3.01902 -0.437089
v 25.6628 2.74247 -0.439759
v 26.4516 3.82224 -0.460775
v 26.1283 2.31276 -0.43276
v 26.3001 2.88633 -0.422925
v 26.6585 2.30882 -0.409419
v 25.978 2.52867 -0.440014
v 27.066 3.91461 -0.491498
v 26.9814 3.46342 -0.44455
v 28.1312 4.78618 -0.419951
v 28.0937 3.94995 -0.473452
v 27.2867 2.83695 -0.417589
v 27.1691 2.42477 -0.433965
v 30.8258 1.54127 -0.451203
v 28.2262 0.423519 -0.392634
v 27.9562 0.756044 -0.409146
v 28.556 0.637525 -0.398533
v 27.7431 1.32183 -0.426375
v 28.0883 1.8934 -0.393416
v 25.559 2.64229 -0.448621
v 25.6025 3.10342 -0.427731
v 25.8656 2.64924 -0.425317
v 25.293 2.77507 -0.419256
v 31.0735 1.28205 -0.420499
v 30.2292 0.665362 -0.392647
v 31.0563 0.799745 -0.400655
v 25.3717 3.27205 -0.430715
v 25.0057 4.55412 -0.414118
v 25.6003 4.61625 -0.479572
v 25.0506 2.99979 -0.430409
v 25.0292 3.38873 -0.441937
v 26.0893 3.57485 -0.442032
v 26.5182 3.25222 -0.44341
v 26.0122 2.56102 -0.407592
v 25.8089 4.91732 -0.463998
v 26.3636 5.13846 -0.506952
v 25.8425 5.16717 -0.400742
v 26.9632 5.0258 -0.476735
v 26.3546 2.34799 -0.416288
v 27.0504 3.29404 -0.44511
v 27.9867 4.82332 -0.498336
v 28.4803 1.81469 -0.396872
v 27.5826 2.30701 -0.45001
v 27.1564 2.40757 -0.415259
v 26.9057 1.81768 -0.428793
v 30.4846 2.70934 -0.369308
v 29.1347 3.58526 -0.465893
v 28.1235 3.44516 -0.4732
v 27.2256 1.73362 -0.425178
v 27.1459 2.78988 -0.448345
v 23.8747 4.6275 -0.448107
v 24.3203 4.31608 -0.449939
v 24.2949 3.53312 -0.413903
v 24.6332 4.35426 -0.46166
v 28.0762 3.89521 -0.468035
v 26.5615 2.06534 -0.416386
v 26.033 1.95671 -0.427271
v 26.4337 1.54367 -0.428516
v 25.6793 2.2148 -0.439487
v 24.948 3.35461 -0.447124
v 25.597 4.5315 -0.460396
v 25.5448 2.62363 -0.431043
v 25.7851 4.12604 -0.437317
v 25.2318 2.68635 -0.458922
v 25.4624 5.24289 -0.434732
v 27.8235 1.75563 -0.4259
v 27.3766 2.24354 -0.440358
v 32.5761 3.4952 -0.433676
v 31.1454 3.16257 -0.382634
v 30.99 3.64394 -0.361767
v 28.0516 2.99292 -0.437055
v 28.7395 2.63228 -0.392027
v 24.9459 3.33803 -0.445864
v 26.1346 2.33141 -0.44571
v 27.1466 2.40245 -0.41448
v 26.4576 2.27251 -0.417407
v 27.7002 3.11552 -0.429019
v 26.593 1.75697 -0.434981
v 25.7242 2.21848 -0.421796
v 30.3146 6.26736 -0.457659
v 29.0733 5.6435 -0.56314
v 29.9009 7.31201 -0.577656
v 27.5482 1.31379 -0.417492
v 28.2102 1.66149 -0.409785
v 29.1416 2.44006 -0.411298
v 29.249 2.00213 -0.394208
v 27.858 1.43094 -0.412211
v 29.5479 1.96949 -0.389731
v 28.081 1.12234 -0.396309
v 24.726 3.89721 -0.443267
v 24.5684 3.49657 -0.446828
v 24.6415 2.86821 -0.452265
v 30.0108 2.52189 -0.417883
v 28.1219 1.72427 -0.385359
v 27.5404 1.93388 -0.440921
v 27.8114 1.75838 -0.415112
v 27.2375 4.25513 -0.430204
v 26.7319 4.51327 -0.446188
v 29.9901 5.22498 -0.438498
v 25.3126 3.80837 -0.461785
v 27.1261 2.76151 -0.441626
v 28.0659 3.91453 -0.463632
v 26.6824 2.24372 -0.443594
v 27.9159 5.44014 -0.43216
v 27.6414 2.53114 -0.399877
v 23.7113 7.32454 -0.531863
v 23.2407 6.2361 -0.378344
v 22.7913 8.0453 0.218456
v 23.9404 5.68847 -0.486709
v 26.7508 5.71244 -0.471644
v 24.69 3.62986 -0.445026
v 24.351 5.20877 -0.49739
v 28.6812 4.76246 -0.450804
v 28.4658 2.90199 -0.411593
v 27.9243 2.33303 -0.445023
v 30.7013 2.27779 -0.388313
v 30.5946 3.50403 -0.375017
v 23.5051 5.09183 -0.477129
v 23.9908 4.33052 -0.453967
v 25.949 2.56554 -0.425767
v 24.7068 6.88981 -0.515663
v 24.116 6.78836 -0.520593
v 25.1052 3.54995 -0.426363
v 24.9276 3.37314 -0.447439
v 24.5631 3.2807 -0.440499
v 25.3662 2.73185 -0.429692
v 25.8812 3.75006 -0.431908
v 25.8459 5.09226 -0.454412
v 25.6566 6.69567 -0.505668
v 26.3434 6.96235 -0.513811
v 27.9019 7.4132 -0.525819
v 32.7782 5.77057 -0.458691
v 32.8906 4.34996 0.335353
v 33.2 4.71627 -0.248063
v 28.4753 1.82003 -0.397524
v 29.6285 2.83821 -0.417463
v 28.3442 1.9575 -0.389647
v 26.5975 3.58592 -0.450529
v 25.3304 4.72622 -0.464145
v 27.5517 3.40743 -0.443004
v 26.5472 2.66562 -0.424444
v 24.3993 3.72386 -0.440491
v 22.4722 8.27679 -0.399362
v 23.7763 4.72176 -0.456133
v 25.9351 2.94861 -0.432803
v 26.9433 1.94421 -0.421978
v 27.1859 2.38955 -0.404175
v 28.2073 1.65566 -0.405872
v 28.2619 1.40073 -0.399658
v 24.8245 2.90971 -0.448251
v 24.3107 3.37372 -0.452605
v 25.0532 3.01316 -0.442643
v 25.6344 3.06599 -0.425882
v 26.1246 2.30349 -0.431706
v 27.0238 7.31733 -0.606504
v 26.4248 2.23213 -0.436043
v 28.0817 3.56316 -0.46833
v 25.7126 2.69937 -0.444989
v 33.703 4.73048 0.267597
v 34.4874 4.09717 -0.390334
v 33.2705 4.3972 -0.341199
v 28.805 5.23419 -0.442819
v 28.5027 6.39736 -0.503816
v 27.2626 2.75898 -0.429621
v 27.7349 3.40381 -0.427704
v 28.0607 3.02556 -0.445427
v 26.9499 8.96796 -0.509887
v 30.7172 4.93648 -0.490317
v 29.7393 4.63179 -0.434003
v 26.0662 5.44022 -0.450661
v 27.541 3.39218 -0.423424
v 27.1089 2.75565 -0.432998
v 27.1793 3.49024 -0.430082
v 25.3416 4.72218 -0.465913
v 25.3271 3.78209 -0.444615
v 25.0217 4.5586 -0.399309
v 28.0281 3.85248 -0.455399
v 28.6205 3.64903 -0.410903
v 28.2537 2.60123 -0.414354
v 25.0842 5.42518 -0.451143
v 24.5783 6.97146 -0.544353
v 25.1445 6.73108 -0.470263
v 24.8182 5.20128 -0.464716
v 24.8836 4.05041 -0.448984
v 25.9383 3.4346 -0.425127
v 25.9512 3.77891 -0.419289
v 26.1209 3.55945 -0.443766
v 25.7825 5.39317 -0.45047
v 25.6058 4.54186 -0.447913
v 26.4619 4.69329 -0.531129
v 26.6247 3.82723 -0.435982
v 27.1226 4.97368 -0.458678
v 27.4642 4.03761 -0.451945
v 29.6535 3.5432 -0.418686
v 30.5292 4.75679 -0.420732
v 30.884 4.31368 -0.415839
v 28.048 2.98931 -0.428818
v 27.8179 2.97287 -0.425384
v 27.8891 2.66699 -0.437252
v 28.6003 5.53148 -0.431467
v 27.5889 4.75189 -0.445153
v 28.039 5.71329 -0.426092
v 32.7915 7.59651 -0.349802
v 32.1073 6.39299 -0.443612
v 28.2773 4.69972 -0.448043
v 26.8777 4.134 -0.441789
v 26.6703 3.45879 -0.420044
v 27.7484 3.95787 -0.443042
v 28.6468 4.71153 -0.429351
v 29.1131 4.15024 -0.450395
v 27.0698 2.98124 -0.427245
v 27.3904 2.73607 -0.416111
v 29.2257 3.72698 -0.444289
v 25.4743 5.89051 -0.466464
v 26.8926 4.9734 -0.460827
v 26.5473 4.44094 -0.443038
v 27.4678 5.91817 -0.462393
v 26.2584 4.89053 -0.477982
v 25.8041 4.91536 -0.453161
v 26.8214 3.12487 -0.441369
v 29.032 3.49523 -0.432839
v 28.337 2.6342 -0.392791
v 29.092 3.21186 -0.436108
v 28.2529 2.59365 -0.409946
v 28.1855 2.39884 -0.411822
v 25.3898 4.18004 -0.447104
v 25.3325 3.74335 -0.437054
v 25.0709 3.91252 -0.45123
v 32.5714 4.2082 -0.364802
v 33.628 5.02817 -0.0206087
v 33.2615 4.34244 -0.332652
v 25.5743 4.20841 -0.450234
v 25.869 3.73542 -0.440387
v 26.6549 3.10408 -0.434215
v 26.3485 3.3932 -0.430151
v 25.7894 4.1606 -0.431665
v 25.5127 4.92038 -0.46141
v 26.1362 3.67899 -0.413411
v 26.0749 3.58348 -0.434444
v 26.416 3.7305 -0.438443
v 27.1832 6.54625 -0.465297
v 26.3325 4.99278 -0.438926
v 29.1529 6.05928 -0.47621
v 29.2357 7.15622 -0.561601
v 29.9414 6.94277 -0.48141
v 28.4941 6.38131 -0.483211
v 28.0523 7.26198 -0.502552
v 27.7749 4.84314 -0.462298
v 28.269 4.6895 -0.448594
v 27.749 4.30932 -0.458874
v 28.5251 4.40389 -0.436024
v 28.1079 3.90002 -0.419796
v 27.1675 4.33157 -0.444826
v 31.8714 8.68678 0.445663
v 33.3842 8.08271 0.0931867
v 32.5922 8.47826 -0.536569
v 29.1164 4.39154 -0.452381
v 28.5853 3.9961 -0.425816
v 24.9935 6.57804 -0.483242
v 25.1532 8.18376 -0.495052
v 25.6471 6.69165 -0.517491
v 29.5661 4.31815 -0.41208
v 29.8904 4.95352 -0.460266
v 30.6811 4.99104 -0.415292
v 28.6489 3.75002 -0.410452
v 25.7842 5.40449 -0.438883
v 25.3874 5.69468 -0.479386
v 25.9102 4.68564 -0.449416
v 26.0665 5.46409 -0.467283
v 26.2461 4.83646 -0.451476
v 25.7205 8.47793 -0.472196
v 27.0118 7.08569 -0.55773
v 26.3321 6.87198 -0.487704
v 26.7774 7.30023 -0.473421
v 25.798 4.91554 -0.439922
v 26.717 5.00129 -0.455925
v 26.748 4.41983 -0.458159
v 26.5061 4.73043 -0.486438
v 26.2706 7.99522 -0.47601
v 28.0304 7.85921 -0.520135
v 25.8065 6.48301 -0.492654
v 26.2212 5.25051 -0.449472
v 27.6461 5.27303 -0.460103
v 27.7704 6.14305 -0.474239
v 27.452 5.92079 -0.469414
v 26.889 4.94563 -0.463617
v 29.0981 7.00919 -0.517702
v 30.2239 6.92756 -0.479628
v 29.2501 6.04927 -0.46851
v 27.2692 6.40547 -0.524272
v 23.6633 10.7276 -0.515029
v 24.8104 10.3781 -0.5335
v 24.0234 10.071 -0.534666
v 26.3974 6.88102 -0.490731
v 26.7473 5.67987 -0.448215
v 27.1902 4.9428 -0.446862
v 26.8266 5.05945 -0.455026
v 27.081 5.93982 -0.445463
v 25.3623 6.47624 -0.503174
v 25.6127 7.08216 -0.499034
v 25.6054 5.93227 -0.483916
v 27.6645 6.27036 -0.471345
v 28.3936 6.23645 -0.487947
v 28.4871 7.24802 -0.496138
v 28.428 5.90937 -0.454944
v 27.1636 4.78233 -0.454542
v 27.4708 4.93949 -0.448526
v 27.3611 4.575 -0.452585
v 29.6262 5.62161 -0.448564
v 28.832 4.93474 -0.432496
v 27.8424 4.75861 -0.455601
v 28.1453 4.68355 -0.462464
v 27.7209 4.33257 -0.455904
v 30.4346 6.36465 -0.504496
v 25.7672 5.15071 -0.447471
v 25.2452 5.89242 -0.495109
v 25.8207 5.1172 -0.447578
v 25.7877 5.85539 -0.484899
v 26.0702 5.45593 -0.453495
v 25.994 6.92885 -0.516595
v 25.8008 6.7028 -0.489479
v 26.0483 6.06238 -0.471475
v 26.2943 6.43493 -0.510728
v 26.4328 5.46779 -0.498049
v 26.317 5.17564 -0.461855
v 26.2023 5.11061 -0.45611
v 26.7567 5.12325 -0.459455
v 28.0437 8.54896 -0.461672
v 28.565 10.2153 -0.4793
v 28.9937 9.46089 -0.468104
v 28.0785 7.52236 -0.487559
v 28.5172 7.35296 -0.465361
v 27.921 7.03459 -0.468548
v 28.1015 6.87815 -0.461107
v 27.7481 6.63009 -0.456116
v 27.4424 11.571 -0.526912
v 27.3714 13.4353 -0.46223
v 28.0177 13.32 -0.510338
v 27.4897 6.7637 -0.465573
v 28.066 6.54059 -0.469343
v 28.54 6.94716 -0.438922
v 29.0802 7.30515 -0.465292
v 29.6344 8.43746 -0.484009
v 30.449 8.20978 -0.469083
v 24.8499 10.6035 -0.527462
v 25.1556 11.8476 -0.561622
v 25.4098 10.1689 -0.499205
v 27.1291 7.34827 -0.46538
v 27.3392 7.06693 -0.472087
v 26.9821 7.1582 -0.470179
v 27.3278 7.37886 -0.468221
v 25.7224 8.65657 -0.476132
v 26.1648 8.36525 -0.467594
v 26.076 8.10783 -0.467675
v 25.8501 9.67574 -0.464896
v 26.4624 7.63509 -0.474041
v 26.449 8.71185 -0.502664
v 26.8169 8.66734 -0.504318
v 26.735 8.96229 -0.460239
v 27.5593 8.3021 -0.477024
v 27.1223 7.94308 -0.455356
v 26.343 7.37332 -0.467405
v 26.6337 7.26224 -0.469502
v 26.8121 7.48568 -0.456766
v 26.8446 7.09929 -0.456198
v 28.5162 13.6825 -0.520002
v 28.0675 10.6775 -0.536756
v 28.0276 9.15138 -0.45051
v 27.2295 8.99419 -0.492408
v 27.5761 7.21591 -0.469489
v 27.9108 7.5478 -0.457369
v 28.619 8.37129 -0.491487
v 30.1627 10.8492 -0.518467
v 29.2175 9.83183 -0.518434
v 29.7087 11.4411 -0.481821
v 30.8782 12.6362 -0.632476
v 26.8843 15.4673 -0.486975
v 26.4536 13.851 -0.574976
v 25.267 14.6543 -0.599988
v 28.5959 10.4447 -0.530922
v 28.5215 9.27724 -0.523995
v 28.0912 9.69787 -0.513911
v 28.9017 9.24254 -0.523525
v 29.4371 9.43576 -0.507908
v 28.9878 9.0498 -0.52041
v 28.5233 8.81442 -0.504205
v 27.3987 9.88114 -0.522357
v 27.5555 9.22961 -0.52194
v 27.1244 9.43076 -0.520845
v 27.9428 9.59071 -0.536124
v 30.3698 9.26898 -0.493311
v 30.9809 10.3997 -0.511067
v 31.1269 9.81302 -0.49227
v 30.2645 9.85194 -0.537314
v 29.4905 8.86566 -0.484277
v 29.0785 8.40702 -0.495537
v 26.4415 10.4371 -0.53743
v 26.8965 10.2895 -0.515614
v 26.9202 9.70489 -0.534696
v 32.4729 11.2372 -0.420373
v 32.1287 10.2982 -0.502939
v 32.4276 12.6937 -0.41915
v 33.9822 11.8715 -0.326561
v 30.0297 8.49232 -0.464681
v 29.6605 8.65931 -0.494571
v 26.543 11.879 -0.558237
v 25.7355 13.5576 -0.577352
v 26.5603 9.88004 -0.559639
v 36.2214 11.7974 -0.150287
v 33.7701 10.7277 -0.2715
v 27.0907 11.1584 -0.49194
v 27.6268 10.4231 -0.534446
v 27.0648 9.94765 -0.529488
v 28.0457 10.6661 -0.560195
v 28.0978 8.89792 -0.528773
v 32.6206 9.41901 -0.347299
v 32.4614 8.737 -0.364802
v 32.083 8.64802 -0.479758
v 28.5944 11.9842 -0.520708
v 28.9585 10.3072 -0.523321
v 29.2862 13.1085 -0.566348
v 30.1476 14.0414 -0.542425
v 30.0497 13.1511 -0.515383
v 26.9527 16.6496 -0.534624
v 26.4104 14.9763 -0.614285
v 25.5983 15.27 -0.630353
v 33.793 14.343 -0.357337
v 32.48 13.5334 -0.446053
v 32.4244 15.3278 -0.511078
v 28.1766 13.1151 -0.547718
v 28.0697 11.9875 -0.55139
v 27.6674 13.363 -0.576181
v 30.5278 10.3024 -0.519931
v 30.5307 9.8473 -0.498821
v 30.1419 10.0591 -0.517929
v 26.8575 12.0865 -0.596218
v 27.1024 11.28 -0.536623
v 26.7187 11.6365 -0.561554
v 27.3255 10.9601 -0.559398
v 27.4098 11.6069 -0.555388
v 27.747 11.5701 -0.564686
v 32.0715 9.68895 -0.47295
v 32.6741 9.47856 -0.364323
v 32.0752 9.14419 -0.471366
v 28.0376 10.5845 -0.518426
v 29.2915 14.3831 -0.523836
v 29.7603 14.0841 -0.439433
v 28.5625 13.741 -0.562795
v 28.3927 11.807 -0.534735
v 28.4788 10.8109 -0.542786
v 28.9408 11.4275 -0.545435
v 28.6805 10.6297 -0.532405
v 29.0746 10.9296 -0.545626
v 28.9125 10.5268 -0.531959
v 28.6821 11.2116 -0.507501
v 29.2823 12.2093 -0.533806
v 29.1613 11.0776 -0.496904
v 29.2051 12.8972 -0.459903
v 28.4756 12.2121 -0.521112
v 27.3848 13.5245 -0.562015
v 27.4139 12.3876 -0.551023
v 26.81 13.8571 -0.625496
v 28.0018 15.5392 -0.569315
v 30.6315 12.7221 -0.535015
v 29.8012 12.3283 -0.555619
v 29.9651 11.7386 -0.512632
v 29.7348 13.8705 -0.551057
v 29.9494 14.5782 -0.513345
v 28.0225 12.3927 -0.535594
v 28.0254 11.892 -0.558954
v 30.0114 10.76 -0.509169
v 30.4534 11.5231 -0.500666
v 30.3233 10.6816 -0.499805
v 31.1494 12.616 -0.470839
v 32.5302 12.7039 -0.335399
v 31.2894 11.5443 -0.51314
v 32.2869 11.7499 -0.567234
v 33.0775 12.3733 -0.354419
v 32.6431 11.6914 -0.354903
v 32.3715 11.5546 -0.513066
v 27.67 12.2222 -0.497481
v 27.6849 13.343 -0.491952
v 32.9125 11.1342 -0.352795
v 31.7476 10.4179 -0.486422
v 32.6594 10.5208 -0.361852
v 32.124 10.2483 -0.480749
v 32.7361 10.073 -0.33514
v 29.1025 12.2902 -0.535577
v 29.4025 11.3875 -0.531791
v 28.8237 13.9457 -0.52897
v 28.627 12.9562 -0.525535
v 30.3354 13.9689 -0.533955
v 30.5075 15.43 -0.518295
v 29.6262 13.0102 -0.513952
v 26.989 14.4544 -0.456993
v 27.4009 13.2382 -0.605114
v 26.2522 16.3845 -0.631873
v 27.6081 17.5922 -0.416725
v 26.8674 15.7122 -0.542903
v 27.7057 13.1833 -0.40633
v 27.8167 12.4302 -0.507886
v 29.5973 11.7699 -0.509364
v 30.3256 12.365 -0.518703
v 29.9584 11.7349 -0.505294
v 30.2396 12.869 -0.536307
v 29.1129 15.7171 -0.558227
v 29.2786 12.1677 -0.524296
v 28.9102 11.9029 -0.503601
v 30.6502 12.236 -0.50648
v 30.2981 11.5161 -0.49722
v 31.0827 12.0327 -0.485726
v 32.1513 12.5211 -0.539046
v 32.6463 13.9066 -0.389544
v 33.0351 13.4271 -0.364921
v 31.4183 11.5482 -0.458658
v 32.1133 11.9299 -0.522574
v 33.0751 12.4602 -0.346876
v 31.6358 11.2041 -0.46721
v 32.6177 11.6502 -0.32732
v 28.6053 12.0404 -0.52424
v 28.3001 12.1644 -0.51834
v 27.5259 13.5425 -0.417856
v 32.0543 11.2173 -0.477508
v 33.3497 11.4669 -0.359172
v 28.0634 13.1284 -0.535721
v 28.0453 13.9793 -0.526367
v 28.1214 12.6146 -0.527372
v 28.334 13.2635 -0.510776
v 36.1367 12.8686 -0.153259
v 36.0152 13.5165 -0.328504
v 35.8851 12.7322 0.401656
v 28.3491 13.725 -0.528932
v 32.6712 10.9978 -0.331417
v 32.418 10.7189 -0.364181
v 30.9014 13.7176 -0.489904
v 27.5982 16.4739 -0.530689
v 27.223 16.0258 -0.446734
v 27.3227 17.3021 -0.569648
v 28.1037 18.9347 -0.550985
v 27.8151 18.298 -0.595178
v 26.3021 18.8505 -0.726991
v 28.4814 16.3941 -0.568806
v 29.0905 15.5782 -0.495549
v 29.812 14.7815 -0.464783
v 29.2008 14.0601 -0.464305
v 28.0252 14.654 -0.570399
v 28.2922 13.7303 -0.529417
v 27.8866 13.8666 -0.51707
v 30.5601 14.8285 -0.521027
v 30.3098 14.1349 -0.465487
v 30.2873 14.558 -0.52449
v 29.9694 13.3282 -0.5108
v 30.4041 13.4029 -0.517118
v 30.7351 13.1384 -0.47606
v 30.9276 13.7604 -0.498224
v 31.6469 14.7652 -0.488984
v 32.5394 15.1478 -0.334547
v 32.6342 14.7676 -0.376194
v 31.0957 13.514 -0.474432
v 27.6163 14.6712 -0.526225
v 27.1225 15.1736 -0.521341
v 33.3097 14.0258 -0.348691
v 32.6724 13.6519 -0.327472
v 32.032 13.6241 -0.469061
v 36.0521 15.4631 -0.125077
v 36.0456 16.0602 -0.134226
v 36.165 15.3975 0.675106
v 28.1992 14.4812 -0.496543
v 28.5922 14.7973 -0.546782
v 31.9123 12.6272 -0.452565
v 35.9927 14.6391 -0.0774224
v 35.9289 14.5057 0.901678
v 33.1417 13.3879 -0.327878
v 32.6129 12.633 -0.330308
v 35.5845 13.8659 0.930075
v 35.8071 13.8054 0.731449
v 35.9062 13.8543 -0.0783602
v 33.4813 13.1418 -0.340322
v 29.0005 13.4486 -0.508036
v 29.5573 14.183 -0.451974
v 29.9172 13.6661 -0.532908
v 28.7162 16.2169 -0.486472
v 29.5455 16.3142 -0.41815
v 30.5465 15.4351 -0.538383
v 28.7468 13.6845 -0.527178
v 30.3378 17.2246 -0.515079
v 31.8467 16.931 -0.499328
v 30.7107 16.6561 -0.485231
v 28.6844 18.2456 -0.588372
v 28.866 20.0751 -0.481683
v 26.7892 16.1744 -0.521362
v 27.2773 15.6405 -0.48677
v 26.8488 15.7942 -0.542645
v 27.284 16.0801 -0.436518
v 30.5352 15.3439 -0.522207
v 30.6474 16.5586 -0.513694
v 31.6872 16.5203 -0.485414
v 29.0012 15.2408 -0.499549
v 29.161 16.6766 -0.577515
v 29.5413 16.3191 -0.491729
v 28.0502 16.4725 -0.516112
v 27.5198 17.5029 -0.469927
v 29.3768 14.3971 -0.532595
v 29.8808 14.57 -0.448392
v 29.6326 13.854 -0.441931
v 27.5927 16.4205 -0.483815
v 28.0123 15.3847 -0.530742
v 27.5981 15.2488 -0.501851
v 30.2007 14.3626 -0.442516
v 29.3267 13.8273 -0.487803
v 31.2188 15.4918 -0.47256
v 30.4053 14.4329 -0.396221
v 30.3083 14.0457 -0.401434
v 30.1281 13.7339 -0.443293
v 27.0307 15.215 -0.549058
v 27.4138 14.7537 -0.518481
v 30.9873 14.4892 -0.493835
v 30.5325 13.8607 -0.459107
v 26.7859 17.5927 -0.528617
v 28.2454 14.8031 -0.496798
v 28.7166 15.6479 -0.51748
v 28.5774 14.6361 -0.489863
v 28.0238 14.3972 -0.515515
v 31.6348 14.3097 -0.46355
v 32.7791 15.8783 -0.35285
v 32.4764 14.8116 -0.404929
v 33.0597 14.7385 -0.310304
v 32.2957 14.1808 -0.480507
v 28.5501 16.3916 -0.558973
v 29.6502 15.1763 -0.471243
v 29.089 14.7615 -0.493332
v 28.3277 14.5922 -0.492703
v 28.6908 14.0881 -0.471802
v 33.9231 14.5466 -0.334622
v 29.8222 14.7456 -0.452124
v 28.6509 14.4694 -0.51948
v 31.5574 13.4556 -0.458256
v 32.6148 13.8266 -0.357649
v 31.9785 13.2049 -0.43726
v 30.7786 15.3962 -0.48033
v 30.2063 15.8251 -0.528549
v 29.4914 14.4354 -0.478763
v 29.7068 15.017 -0.484487
v 30.0163 14.1436 -0.433364
v 29.6247 14.3159 -0.557953
v 27.6052 16.3945 -0.460558
v 27.9766 16.6338 -0.5717
v 27.5915 15.7507 -0.513813
v 27.6089 17.4332 -0.511459
v 27.0301 19.1974 -0.566083
v 28.0104 17.6463 -0.451318
v 29.2042 16.6609 -0.535104
v 28.458 16.4581 -0.50144
v 28.0022 15.3251 -0.518619
v 27.2911 16.5379 -0.448803
v 26.752 15.9707 -0.512372
v 26.9274 16.7277 -0.555614
v 27.0086 16.2014 -0.552433
v 26.1821 19.1032 -0.629745
v 25.4714 20.8093 -0.524769
v 26.1351 20.2239 -0.628962
v 26.8817 15.7132 -0.495472
v 27.4347 17.1586 -0.492787
v 28.9744 14.3298 -0.477492
v 27.7936 18.4508 -0.498304
v 27.3252 15.8699 -0.509984
v 32.5058 15.8704 -0.419064
v 32.4794 16.8395 -0.443082
v 28.8237 15.6665 -0.498549
v 28.4343 15.2463 -0.482767
v 28.5505 15.7678 -0.501907
v 27.4288 15.1475 -0.509183
v 30.2541 14.4406 -0.409872
v 30.6426 14.2782 -0.4711
v 27.6976 15.0171 -0.500517
v 28.0227 14.784 -0.502444
v 28.324 14.8413 -0.505759
v 30.8384 14.0697 -0.458063
v 29.491 17.4244 -0.50555
v 28.9905 15.2296 -0.494815
v 31.9773 14.8543 -0.455499
v 31.819 14.3316 -0.472968
v 31.2982 14.1179 -0.448233
v 36.0108 15.7519 -0.121962
v 35.9725 15.7775 0.687202
v 35.7818 15.5124 0.708706
v 28.6161 18.3175 -0.57538
v 28.1852 18.942 -0.539878
v 28.6826 19.5216 -0.549016
v 28.4487 16.4873 -0.510435
v 27.9778 16.859 -0.538053
v 28.2389 16.1236 -0.52026
v 28.5684 16.3401 -0.513843
v 28.821 17.1386 -0.54229
v 29.1858 16.6539 -0.542624
v 28.0079 16.3348 -0.53793
v 27.9793 15.6665 -0.517607
v 27.5903 16.3952 -0.440851
v 27.2922 16.611 -0.505468
v 27.4069 17.1645 -0.487467
v 27.4988 16.2319 -0.58345
v 29.1062 15.4853 -0.518242
v 29.3764 15.3378 -0.504207
v 29.0367 15.1308 -0.502206
v 26.5829 17.4574 -0.594289
v 26.4919 17.9432 -0.571797
v 26.7891 17.9211 -0.543464
v 29.5438 15.3447 -0.492432
v 30.2416 15.6003 -0.49554
v 29.9248 15.1264 -0.49245
v 26.9209 18.5875 -0.63853
v 26.9713 16.3046 -0.549194
v 27.0452 16.6282 -0.533593
v 27.1415 16.259 -0.498849
v 31.7838 17.1426 -0.47226
v 32.3506 16.6461 -0.421581
v 31.4171 16.2276 -0.473488
v 30.7222 15.355 -0.458214
v 30.2198 15.0086 -0.457635
v 35.4883 18.3118 -0.250119
v 35.6685 19.0885 -0.327135
v 36.0811 18.5047 0.63007
v 27.5997 17.3365 -0.457836
v 27.7935 17.844 -0.533205
v 35.6157 17.2971 -0.256455
v 35.5855 17.3178 0.686241
v 27.6011 16.0582 -0.441542
v 30.5885 14.8694 -0.435043
v 30.9224 15.0731 -0.466132
v 27.1451 18.6392 -0.547083
v 27.9471 21.2608 -0.590522
v 29.5464 21.2813 -0.47049
v 31.1579 15.5146 -0.463347
v 32.3917 15.9942 -0.381173
v 32.7163 15.8068 -0.389195
v 32.0086 15.3288 -0.491303
v 29.4272 19.0273 -0.527955
v 28.6534 16.0434 -0.503585
v 28.8221 15.6503 -0.520058
v 28.2243 15.656 -0.50951
v 29.2584 17.3684 -0.530364
v 32.3869 15.2366 -0.429845
v 28.5388 18.3699 -0.57298
v 28.1774 18.9121 -0.546264
v 28.6718 19.3631 -0.485797
v 28.0097 17.6929 -0.47057
v 27.9696 20.0485 -0.636643
v 28.5666 20.4274 -0.525806
v 28.5114 19.8776 -0.554579
v 29.1757 17.8985 -0.553512
v 28.9417 17.1943 -0.525305
v 28.7926 17.4322 -0.531421
v 29.0196 19.0871 -0.510701
v 27.8536 17.3769 -0.527473
v 27.9124 18.0325 -0.552076
v 27.5327 18.3057 -0.550684
v 26.7152 20.6883 -0.610711
v 27.3543 19.46 -0.579286
v 27.9609 18.8495 -0.546728
v 29.0508 18.168 -0.501745
v 28.356 17.5964 -0.535382
v 28.4635 17.0405 -0.526711
v 28.0059 17.5726 -0.614863
v 29.1894 20.687 -0.576854
v 29.8097 19.1141 -0.580227
v 29.8423 18.3011 -0.547621
v 31.9229 17.6195 -0.489467
v 32.7171 18.9378 -0.431623
v 32.682 18.1502 -0.373488
v 32.5783 17.6765 -0.387378
v 31.7604 17.1159 -0.461931
v 32.6088 17.2438 -0.339592
v 31.696 16.6972 -0.510374
v 32.2099 16.8967 -0.305353
v 31.749 16.4089 -0.462127
v 32.3416 16.5975 -0.40432
v 29.0602 23.8132 -0.685254
v 27.9628 22.5189 -0.624838
v 27.9285 23.9213 -0.66937
v 29.3173 19.1953 -0.558898
v 28.852 19.9271 -0.59277
v 28.8821 19.2092 -0.578625
v 28.2876 19.6416 -0.544017
v 27.9749 19.7979 -0.568676
v 28.2656 19.9556 -0.51001
v 28.0505 18.9057 -0.51849
v 27.9461 20.2566 -0.580749
v 29.6781 20.1044 -0.558052
v 28.8002 20.3016 -0.516515
v 28.7053 19.4444 -0.514904
v 28.8532 21.0256 -0.585682
v 28.4813 18.7883 -0.541676
v 35.8958 21.0677 -0.310459
v 36.1746 21.4703 0.263402
v 36.1465 20.0665 0.620939
v 31.9718 17.9947 -0.482089
v 32.3531 18.5593 -0.41017
v 33.107 18.4122 -0.358974
v 28.7179 18.8053 -0.535738
v 33.6116 18.8923 -0.369222
v 33.8236 18.5045 -0.351859
v 32.7486 18.0462 -0.357194
v 31.946 17.6382 -0.473134
v 30.0969 21.5761 -0.580926
v 33.1516 17.8755 -0.388989
v 32.4469 17.6327 -0.32688
v 29.8889 19.5519 -0.544281
v 27.6238 23.5068 -0.543487
v 27.9346 22.5354 -0.616003
v 27.4056 22.1358 -0.578227
v 28.4605 21.1197 -0.549108
v 28.8254 20.9734 -0.560722
v 28.6973 20.7818 -0.625415
v 28.4796 22.3948 -0.591396
v 27.9417 24.282 -0.565618
v 28.6606 23.644 -0.591764
v 32.5924 24.1166 -0.491274
v 34.2398 23.6072 -0.376593
v 32.5151 23.2752 -0.441054
v 30.2796 21.2062 -0.543665
v 30.8237 21.562 -0.538838
v 30.3904 20.7869 -0.550432
v 31.0271 20.7195 -0.519812
v 30.2018 20.3696 -0.531545
v 29.7305 20.312 -0.537749
v 30.5464 20.038 -0.520855
v 30.2352 19.4759 -0.52566
v 28.33 21.0659 -0.559393
v 28.2796 20.6354 -0.537104
v 27.918 21.6688 -0.592882
v 31.8733 21.9284 -0.490416
v 32.5096 21.8323 -0.41863
v 27.9888 20.7775 -0.568494
v 28.0356 20.451 -0.5577
v 29.5815 19.6944 -0.51796
v 28.373 20.1661 -0.544313
v 31.0276 19.8901 -0.528669
v 30.385 19.4184 -0.516566
v 29.0028 23.4996 -0.5799
v 29.2384 22.8524 -0.663795
v 29.2611 20.2228 -0.537054
v 29.3688 20.7553 -0.523638
v 29.5076 20.246 -0.524572
v 28.8261 20.2238 -0.455872
v 31.971 20.2657 -0.52925
v 32.5153 21.3369 -0.409931
v 32.557 20.5891 -0.404914
v 31.1222 20.3486 -0.522008
v 29.8398 21.4258 -0.564286
v 30.0637 21.8718 -0.538683
v 29.5807 22.2791 -0.531103
v 29.3994 20.0038 -0.530898
v 29.188 20.0173 -0.517835
v 30.622 24.5286 -0.567789
v 31.1338 23.1412 -0.562303
v 30.7006 22.5841 -0.610636
v 35.9991 22.8522 -0.331302
v 35.6699 23.9582 -0.169337
v 36.0191 23.6871 0.452604
v 34.2662 21.6152 -0.352475
v 35.7519 22.109 0.640442
v 33.066 20.3232 -0.416525
v 31.5186 19.5798 -0.493961
v 35.836 21.6094 -0.144274
v 35.8048 22.1363 -0.287477
v 33.8389 21.0166 -0.394414
v 31.9578 19.0189 -0.488345
v 32.0281 19.3942 -0.495092
v 32.234 19.3603 -0.519506
v 32.6114 19.2008 -0.383199
v 32.3035 18.9624 -0.398679
v 31.3841 25.7301 0.0666157
v 30.9397 26.7889 -0.211296
v 31.0873 26.0173 0.612153
v 32.4613 25.9596 -0.362313
v 32.3004 26.5114 -0.470794
v 30.2586 27.0009 -0.659926
v 28.8067 22.854 -0.563107
v 27.9136 23.4886 -0.669316
v 28.7807 23.6098 -0.581168
v 27.9492 22.6818 -0.566616
v 30.8487 22.4961 -0.602106
v 30.2981 21.2646 -0.573469
v 30.284 21.9701 -0.539863
v 31.0131 21.7238 -0.55339
v 31.0687 21.2018 -0.533744
v 30.6172 21.2428 -0.546222
v 32.5819 24.0958 -0.493981
v 32.5106 23.261 -0.433453
v 32.1358 23.6162 -0.661715
v 28.9522 21.6533 -0.544135
v 30.3837 20.8842 -0.527034
v 29.9243 20.9449 -0.527389
v 29.6534 22.9788 -0.567501
v 29.0541 22.7174 -0.57239
v 29.6482 21.1989 -0.55057
v 29.943 21.4296 -0.536832
v 29.5927 22.4001 -0.571706
v 29.4141 21.5651 -0.540212
v 28.8162 21.1763 -0.539051
v 29.0191 21.2483 -0.547368
v 32.019 22.3298 -0.571485
v 33.4837 22.6877 -0.411073
v 30.9338 20.5985 -0.5184
v 31.9565 21.1269 -0.518251
v 29.678 21.7599 -0.597261
v 29.3599 21.2432 -0.53663
v 30.4642 23.9639 -0.59421
v 31.0582 23.4959 -0.589788
v 29.7471 22.1619 -0.580508
v 32.4892 21.8445 -0.409265
v 32.6447 21.5638 -0.409257
v 35.8399 24.6553 -0.0427551
v 35.9481 23.6119 0.486031
v 35.8163 23.3118 -0.0126584
v 33.3981 21.5105 -0.40453
v 32.2206 20.8055 -0.545772
v 35.77 21.6337 0.642577
v 35.796 22.3516 -0.28158
v 32.7272 20.7104 -0.372911
v 31.9049 20.4103 -0.50729
v 31.8844 20.2552 -0.512296
v 32.5386 20.1232 -0.389987
v 35.9537 21.4859 -0.308669
v 35.797 21.938 -0.288524
v 32.3446 19.9092 -0.384088
v 35.307 26.2643 2.11707
v 34.4054 26.3573 3.10281
v 35.3862 25.6363 3.11738
v 35.8665 23.5175 0.479873
v 35.7877 22.8609 -0.282373
v 35.9771 23.1667 -0.378385
v 35.9146 22.5605 0.506698
v 33.8953 27.1529 1.10249
v 33.5776 27.5391 2.48418
v 34.2163 26.7675 1.27646
v 33.3961 28.1467 2.06897
v 33.1564 27.7907 2.89011
v 33.4773 27.5879 2.97166
v 29.2637 25.326 -0.645018
v 30.5436 24.5834 -0.620894
v 30.107 23.6525 -0.589008
v 34.0969 27.2282 -0.397287
v 32.9227 27.0117 0.623194
v 34.2112 26.7649 2.46836
v 35.5324 25.9677 4.36204
v 35.8727 24.9341 4.5882
v 36.167 25.2435 4.56131
v 31.2618 23.6798 -0.521643
v 30.9574 23.0223 -0.549261
v 30.5149 23.0055 -0.535106
v 31.2985 23.0599 -0.545645
v 28.7748 23.5867 -0.596189
v 28.4857 24.5027 -0.609555
v 28.9544 24.7538 -0.596408
v 27.9052 24.4502 -0.622201
v 30.7803 22.6026 -0.553709
v 30.3188 21.8882 -0.565915
v 30.176 22.6997 -0.576727
v 32.3174 22.0906 -0.579643
v 31.9547 22.2185 -0.540545
v 32.4561 22.6446 -0.400396
v 27.9265 23.6995 -0.603033
v 28.8042 22.8163 -0.569364
v 33.0867 24.261 -0.441535
v 33.3542 23.6239 -0.431342
v 31.9597 22.8543 -0.549528
v 29.091 23.5836 -0.588146
v 28.5451 22.345 -0.584724
v 28.9686 22.1517 -0.557567
v 29.2063 22.646 -0.587535
v 35.4881 26.529 3.81915
v 29.3548 22.6986 -0.570667
v 29.9939 22.6934 -0.582156
v 29.7146 22.026 -0.536594
v 29.5897 23.0862 -0.561657
v 33.0947 22.6572 -0.414913
v 32.5056 21.7956 -0.403935
v 30.7271 24.131 -0.574363
v 35.5604 25.5017 2.27642
v 35.9265 23.931 -0.353148
v 36.1951 24.6664 -0.0887807
v 35.8534 25.0374 0.421771
v 35.7374 24.3748 0.624015
v 31.1836 26.2933 0.530962
v 31.1891 26.0442 -0.415448
v 32.3621 21.1956 -0.415873
v 32.6391 21.5141 -0.420615
v 33.3337 22.0258 -0.38194
v 36.2395 22.4606 0.00414021
v 29.4908 26.2178 -0.659433
v 29.756 24.8399 -0.617388
v 29.1465 24.6526 -0.587179
v 33.3785 27.965 1.37513
v 32.9184 28.6521 3.05126
v 32.4085 22.595 -0.45573
v 31.9516 22.8697 -0.540429
v 32.5452 23.1016 -0.453801
v 32.4136 25.8819 -0.439173
v 32.0687 26.5765 -0.610727
v 31.4109 25.4743 0.0874493
v 33.5767 26.7844 0.36159
v 32.9784 27.1532 0.72473
v 36.8428 25.5945 4.06123
v 35.5947 25.9329 4.49994
v 35.9229 25.5213 4.74551
v 34.8972 26.9284 3.28215
v 34.4767 28.1087 3.67331
v 34.3885 26.8408 3.83427
v 35.7433 26.4881 -0.194652
v 36.5842 27.3398 1.06718
v 35.9561 25.5204 0.607228
v 33.7755 24.9003 -0.451424
v 33.4067 24.1489 -0.45013
v 32.5846 24.1595 -0.436577
v 30.3268 25.2601 -0.68888
v 30.4059 23.8696 -0.586064
v 29.7379 23.814 -0.578379
v 30.6663 24.5989 -0.604598
v 30.9853 26.3949 -0.30084
v 30.4281 25.9299 -0.68532
v 32.3482 25.644 0.136029
v 30.8726 24.4052 -0.585469
v 31.5348 24.2468 -0.629716
v 31.014 23.9144 -0.578305
v 33.4875 25.3108 -0.455813
v 27.9423 26.346 -0.634767
v 28.5817 26.4288 -0.646152
v 28.5156 24.8065 -0.607171
v 30.6914 24.0088 -0.609463
v 30.4313 23.1849 -0.587183
v 34.4685 26.9035 1.82614
v 32.9744 25.5735 -0.469524
v 30.5092 23.1649 -0.580836
v 30.8707 23.1114 -0.540363
v 31.4274 23.821 -0.591534
v 32.0021 24.4705 -0.597866
v 31.9566 23.5241 -0.558641
v 27.8215 28.3143 -0.695136
v 27.2994 27.9992 -0.702555
v 27.9367 29.0406 -0.667663
v 34.9071 26.2003 4.73154
v 34.7144 27.2186 5.87869
v 34.2065 26.1004 5.1007
v 34.4884 26.2153 0.625017
v 28.9661 24.7853 -0.610836
v 29.1272 24.1582 -0.57978
v 28.8199 24.3268 -0.591003
v 31.2409 23.0468 -0.566934
v 35.2997 26.3857 4.09576
v 35.54 26.3224 4.19811
v 28.8408 26.0883 -0.627755
v 35.4253 26.4648 1.82956
v 35.406 26.2397 2.25078
v 29.8538 26.4185 -0.608142
v 29.4898 24.2382 -0.590406
v 31.9962 23.3685 -0.583655
v 35.7317 25.6874 5.43213
v 29.2124 23.6818 -0.591236
v 30.1286 23.3844 -0.582492
v 35.9163 25.4673 -0.381011
v 35.9352 25.8754 -0.20362
v 35.8513 25.0595 0.453729
v 36.4524 25.8992 1.64088
v 36.4575 25.7185 2.02794
v 36.4956 25.3859 2.352
v 33.0013 22.939 -0.436109
v 36.0376 25.031 4.64984
v 36.5266 25.1544 5.29631
v 36.1719 24.0655 -0.163247
v 35.7251 24.772 -0.188732
v 36.0944 24.5973 0.587953
v 36.0361 24.6678 2.97005
v 36.9046 25.5448 3.44512
v 33.097 22.6783 -0.401984
v 32.5224 22.5622 -0.434197
v 36.8784 24.8206 4.64758
v 35.8035 24.2733 4.71777
v 37.2534 25.5128 4.06391
v 37.02 24.7958 3.54791
v 37.3709 25.0004 3.93485
v 31.4398 25.5148 0.0761745
v 32.0114 26.0356 -0.631118
v 30.8709 26.2041 -0.644171
v 34.1061 26.6351 2.24171
v 31.1318 26.1184 0.56721
v 31.7664 26.1939 0.617459
v 31.2239 25.9169 0.406196
v 33.6515 27.9387 3.63659
v 30.9307 26.6197 0.0519466
v 34.2699 27.8786 3.40752
v 33.7436 27.5364 2.54453
v 33.4805 25.2955 -0.455933
v 34.014 25.728 -0.477034
v 33.893 25.09 -0.449202
v 35.9613 26.0481 -0.229739
v 36.005 25.8994 0.585245
v 35.9019 26.5945 -0.465904
v 30.6698 30.1726 -0.295473
v 30.811 29.763 -0.451939
v 30.656 29.9826 -0.627496
v 30.5314 24.855 -0.632016
v 31.2216 25.7477 -0.611427
v 33.7419 26.8844 2.44699
v 34.0832 27.001 1.29648
v 34.7935 27.0747 0.812632
v 36.224 26.2066 0.915775
v 35.354 26.3743 4.10261
v 34.7715 26.3146 4.8217
v 35.6302 26.1032 4.36927
v 35.3397 27.0513 4.60261
v 30.9966 26.8908 0.798574
v 30.884 24.5554 -0.573811
v 30.1412 24.3662 -0.607383
v 28.1139 26.2844 -0.623578
v 27.9249 27.112 -0.667485
v 28.5772 26.4163 -0.640329
v 28.6733 25.3804 -0.603224
v 32.3775 25.6815 0.126985
v 32.2175 26.0125 -0.424874
v 28.283 27.5464 -0.645258
v 28.8164 27.0798 -0.655444
v 29.3094 26.2342 -0.625443
v 28.7959 26.151 -0.580093
v 29.1671 27.9092 -0.658028
v 32.935 25.9839 -0.106028
v 32.5215 25.2172 -0.465934
v 28.7832 25.0092 -0.612653
v 29.0508 25.2518 -0.596136
v 28.9679 24.7533 -0.601499
v 29.2091 24.6056 -0.607059
v 29.3706 25.1387 -0.628655
v 29.4333 24.8269 -0.595196
v 31.2194 24.0529 -0.573646
v 30.9156 24.4219 -0.610243
v 31.6156 24.725 -0.580872
v 32.0007 25.6442 -0.619192
v 30.1391 27.8162 -0.595346
v 30.288 25.0987 -0.63483
v 29.6642 24.4646 -0.586596
v 29.5896 25.6621 -0.622865
v 29.8726 25.2879 -0.614549
v 29.5202 25.3006 -0.607569
v 29.9782 25.5943 -0.61036
v 32.0081 24.6659 -0.602097
v 32.3579 24.5282 -0.465507
v 33.6046 28.4911 5.9361
v 34.5687 27.4395 5.5129
v 34.5621 28.0901 5.64026
v 33.8491 27.7309 4.75765
v 34.6064 26.6383 3.21767
v 33.0038 25.6936 0.375589
v 34.0706 26.48 4.23618
v 34.7065 26.0512 3.56384
v 32.6292 24.1735 -0.455438
v 31.975 23.7558 -0.542437
v 34.7061 25.5939 4.65822
v 34.8421 26.3992 3.0709
v 35.3789 25.6231 4.65339
v 35.7474 25.5758 4.50481
v 35.1061 25.5381 1.88688
v 35.2302 25.9239 2.09892
v 35.3409 25.3783 2.23618
v 33.3789 24.1224 -0.432794
v 34.214 25.0652 -0.399938
v 34.2154 24.5157 -0.379379
v 35.8473 25.4234 0.470519
v 36.1462 25.3528 -0.121684
v 32.3629 23.8638 -0.486076
v 32.6026 23.6618 -0.441523
v 32.4575 23.8977 -0.438066
v 33.8565 28.4115 4.02274
v 33.701 27.4219 4.26904
v 34.1206 27.5752 2.93276
v 33.6263 29.8747 2.97269
v 33.9502 29.0269 1.96669
v 32.9537 29.2979 2.1579
v 32.5039 25.8412 -0.330925
v 33.712 26.1056 -0.477482
v 32.4984 25.207 -0.467634
v 34.195 28.0518 1.77959
v 33.8804 27.4702 2.43865
v 32.9626 27.979 2.66158
v 33.5808 28.0132 2.10325
v 34.9413 26.4754 3.11636
v 35.3546 26.6191 4.0405
v 34.3327 25.7126 3.006
v 32.0854 27.3655 0.934353
v 31.2235 26.2618 0.539366
v 29.4824 26.0719 -0.620185
v 29.9908 27.7323 -0.632016
v 30.2702 26.8149 -0.62794
v 29.2794 27.1201 -0.646613
v 31.9461 25.5725 -0.595586
v 32.1365 25.8874 -0.381143
v 31.2113 25.6557 -0.639479
v 30.785 28.0443 0.240499
v 30.9029 26.6362 -0.171525
v 31.0051 27.424 -0.602642
v 34.3089 27.1869 3.04505
v 34.3453 26.8603 3.23848
v 33.9603 26.4298 2.00062
v 34.8418 26.334 2.20672
v 35.0417 26.7503 1.48714
v 34.7719 26.9229 4.08312
v 36.5364 26.2098 3.98546
v 30.9046 26.8396 0.503056
v 31.1842 26.0343 -0.393898
v 32.2237 27.0056 0.421547
v 30.8859 26.1879 -0.652541
v 30.9892 26.3517 -0.402295
v 31.1848 25.7752 -0.59847
v 30.4221 25.2765 -0.588716
v 30.3295 25.8043 -0.632646
v 34.0906 29.8149 1.6855
v 32.0113 26.0321 0.661299
v 28.5625 26.376 -0.630818
v 28.6335 26.8885 -0.631492
v 28.7917 26.2154 -0.604728
v 29.0129 29.3146 -0.72567
v 28.9759 26.7211 -0.602003
v 29.2688 26.0744 -0.618839
v 32.0136 25.2393 -0.617352
v 28.9211 25.6537 -0.625285
v 29.5835 25.616 -0.611735
v 34.1598 26.6502 3.73285
v 29.8767 25.8436 -0.611745
v 30.6764 26.7397 -0.618538
v 31.9409 25.0288 -0.575542
v 31.9556 24.801 -0.595324
v 32.3078 24.7659 -0.58999
v 34.8726 26.7904 4.58989
v 32.9396 25.011 -0.459046
v 32.8296 24.768 -0.474024
v 35.0554 26.2017 3.08477
v 35.6186 26.4976 2.13152
v 35.8823 26.6135 1.61696
v 32.5503 24.4642 -0.461588
v 35.4825 25.9171 1.65609
v 35.064 25.6949 2.08855
v 35.934 26.6171 -0.222552
v 35.7931 26.3707 0.605989
v 36.0825 26.2885 -0.263579
v 35.8652 25.8191 0.453811
v 36.9464 26.4018 1.26886
v 29.9857 27.0372 -0.654741
v 30.7169 26.8033 -0.660426
v 29.895 26.4815 -0.611427
v 34.0591 27.5009 2.33408
v 34.7557 29.0008 2.36794
v 34.086 27.5563 1.53326
v 33.6148 27.7302 2.49991
v 33.2224 27.7221 3.322
v 29.7175 29.857 -0.733875
v 34.0409 29.4306 4.34726
v 33.1207 29.8421 4.37296
v 34.5464 29.2441 5.12585
v 35.6098 29.0095 4.79779
v 35.6609 29.5527 4.83302
v 30.826 28.8213 -0.512918
v 30.1759 27.9836 -0.644672
v 31.9477 25.5717 -0.587766
v 31.8084 25.821 -0.485967
v 32.121 25.7856 -0.36721
v 30.755 28.8913 0.495178
v 30.907 30.5766 0.131619
v 30.9995 26.9694 0.884919
v 31.3123 26.9939 0.878142
v 31.349 26.7392 0.681776
v 31.1474 26.1889 0.521749
v 30.9193 26.5112 -0.476589
v 31.0017 27.4419 -0.606573
v 34.0985 28.7898 1.3735
v 34.072 26.9348 2.64593
v 34.3602 27.2932 2.38967
v 34.2488 27.4836 3.56982
v 27.4324 29.5384 -0.681608
v 27.9123 29.5784 -0.696309
v 27.8812 28.7168 -0.695434
v 30.9995 26.3889 -0.413423
v 30.9459 26.3832 -0.197185
v 31.1614 26.0268 -0.384233
v 32.8383 27.8384 2.80479
v 33.4066 29.7237 2.78404
v 31.4454 25.9334 0.439892
v 31.7072 26.262 0.542356
v 30.5922 27.6552 -0.655263
v 32.4364 25.7714 -0.294286
v 32.517 25.5554 -0.475636
v 32.8411 25.801 0.0518039
v 33.2007 25.7547 -0.465281
v 34.2593 26.4856 1.72557
v 35.1231 27.0819 0.784567
v 34.3127 26.5072 1.93765
v 34.0118 26.186 2.09995
v 31.0544 26.088 0.576723
v 30.9734 26.8037 0.480115
v 30.3263 29.4745 -0.61127
v 34.7082 28.1764 1.91366
v 33.9229 27.33 1.45055
v 34.2094 28.6639 2.16277
v 34.3514 31.0054 1.39732
v 34.5613 30.5168 1.61581
v 35.6275 30.7562 0.904993
v 28.5092 31.033 -0.702489
v 27.9429 31.1082 -0.712762
v 28.3475 32.1525 -0.708591
v 28.7383 27.9844 -0.664626
v 29.1104 27.6251 -0.647742
v 28.5335 27.681 -0.64506
v 29.9635 28.8032 -0.672726
v 30.8905 28.6011 -0.600041
v 30.0098 27.822 -0.675399
v 30.9884 27.4689 -0.607202
v 30.6032 27.6638 -0.659756
v 30.8746 26.9399 0.312301
v 28.5337 28.0024 -0.65978
v 30.91 26.7487 -0.641246
v 30.8723 26.9314 -0.400045
v 30.9883 26.5714 -0.268651
v 30.5883 26.8142 -0.651598
v 30.9129 26.8122 -0.0644463
v 33.3662 29.3301 4.47107
v 33.481 28.5315 3.79507
v 33.8216 29.6476 4.10586
v 34.4053 29.413 4.94369
v 34.2466 29.618 3.38766
v 33.9222 30.0901 1.97017
v 33.8787 29.2307 2.62561
v 34.2073 29.1151 2.42496
v 33.3928 29.3187 2.65349
v 27.8867 29.1826 -0.723878
v 28.4435 29.0469 -0.665087
v 34.287 29.4954 1.5197
v 29.2784 27.2532 -0.644441
v 28.805 28.9137 -0.67346
v 29.254 28.826 -0.671782
v 29.1632 27.918 -0.646562
v 29.9239 27.8454 -0.64234
v 29.9689 27.0213 -0.638622
v 29.1844 30.6206 -0.701444
v 29.4589 29.2283 -0.653883
v 29.3688 27.9299 -0.643028
v 33.9902 28.5021 1.26812
v 33.4937 27.6542 3.19689
v 33.9233 27.6936 2.54838
v 32.9878 27.7473 2.81798
v 34.1302 27.4652 3.00033
v 33.4071 28.2168 2.76106
v 34.4365 27.9684 0.948485
v 34.0076 27.3968 2.38425
v 34.4901 27.3738 1.01477
v 34.6614 27.9943 3.84106
v 34.5665 27.4139 4.06081
v 34.0986 27.1495 3.3259
v 34.0873 27.0794 2.8384
v 34.8449 27.6771 1.94315
v 34.627 27.3471 2.28714
v 28.2568 28.5589 -0.646267
v 27.8955 29.5282 -0.674533
v 28.4388 29.0672 -0.668945
v 30.536 28.4524 -0.698608
v 30.5145 27.9618 -0.633205
v 29.8027 28.0314 -0.626573
v 30.6827 29.9489 -0.501264
v 30.6807 29.5053 -0.581666
v 30.3246 29.2228 -0.718283
v 30.676 29.3029 -0.338726
v 34.223 29.4123 1.51562
v 33.794 29.182 1.97851
v 35.0646 31.1007 0.993966
v 30.8666 28.7445 -0.603465
v 30.6288 28.7792 0.382396
v 30.8968 30.5745 0.0120096
v 30.884 28.5475 -0.596208
v 31.004 28.2152 -0.587049
v 27.5943 31.5158 -0.770615
v 27.3928 30.0333 -0.675462
v 26.9435 31.8683 -0.725387
v 30.7532 27.9585 0.315769
v 31.0528 27.3628 -0.53596
v 30.9858 26.7475 0.487329
v 29.4719 29.6827 -0.663063
v 29.0224 30.686 -0.705316
v 29.6271 30.8922 -0.686385
v 28.8952 29.8497 -0.654463
v 34.4254 31.1401 1.39009
v 33.9371 29.5785 3.93059
v 33.4234 29.586 4.27553
v 33.9012 29.3926 4.26426
v 33.2175 29.7794 3.76263
v 34.4398 30.611 1.99587
v 29.2401 28.159 -0.650444
v 29.3693 29.1036 -0.681458
v 29.8324 29.0172 -0.67127
v 28.6447 28.6459 -0.66206
v 28.4428 28.6919 -0.669083
v 27.9082 30.4728 -0.722381
v 28.2548 30.0118 -0.674594
v 28.6684 30.3752 -0.693795
v 33.7735 29.0277 2.57188
v 33.2603 28.1277 2.39323
v 34.8696 30.6795 3.80573
v 34.3605 29.7401 3.37182
v 28.797 28.8775 -0.656599
v 30.1237 28.6033 -0.689429
v 29.0006 29.1383 -0.655566
v 30.3582 30.6659 -0.700681
v 34.1612 28.9243 1.33614
v 29.7277 29.7175 -0.680984
v 34.1112 28.4403 1.70495
v 34.0127 28.7957 1.1343
v 32.7513 27.7528 2.95368
v 33.5488 27.691 3.39482
v 34.6085 28.2813 2.55341
v 33.7711 28.6059 1.15935
v 34.1414 29.3977 1.82467
v 34.628 29.2849 2.21894
v 27.0449 31.979 -0.656594
v 27.3949 32.1223 -0.746783
v 27.5361 31.6707 -0.816409
v 34.995 30.5362 0.825851
v 34.4328 29.8681 1.69999
v 34.8992 29.8598 1.0863
v 28.9964 31.4302 -0.682671
v 29.4564 32.1695 -0.696561
v 29.3149 30.7761 -0.679993
v 30.7497 29.1293 -0.548097
v 30.2756 29.2084 -0.634207
v 28.4626 30.53 -0.682593
v 34.1265 31.0859 4.18038
v 34.4673 30.3738 3.95925
v 34.4096 30.4057 3.35738
v 33.5027 29.7404 4.08347
v 27.8645 31.4477 -0.794958
v 27.5999 33.0615 -0.651753
v 30.6207 29.8436 -0.500176
v 30.3305 30.5951 -0.664602
v 27.3465 31.0875 -0.741031
v 27.9072 30.2718 -0.699443
v 27.558 30.2038 -0.670635
v 30.0323 30.664 -0.688
v 29.6967 29.7124 -0.669959
v 30.2606 32.2784 -0.697853
v 28.9873 29.1618 -0.66123
v 29.2906 29.4156 -0.654525
v 29.1711 28.8734 -0.633012
v 28.9855 29.403 -0.641543
v 29.9957 28.6722 -0.661644
v 30.8019 28.9463 -0.509929
v 30.5993 28.458 -0.640054
v 27.8949 29.4012 -0.654797
v 33.9225 29.6841 4.16591
v 33.6447 29.2447 3.10152
v 28.1631 29.7714 -0.655947
v 28.4047 29.216 -0.649254
v 28.4749 29.6056 -0.640945
v 28.6207 29.4424 -0.661765
v 34.3281 29.2079 3.84304
v 34.0991 29.4281 4.19076
v 33.7769 29.58 2.53029
v 33.936 29.8621 2.46806
v 33.997 29.0583 2.99701
v 30.3516 31.0427 -0.679641
v 27.9961 31.9128 -0.716548
v 27.6052 31.8504 -0.684364
v 27.5597 32.7401 -0.753516
v 30.7529 29.1325 -0.503683
v 30.0574 29.4371 -0.678762
v 27.4671 30.9551 -0.650924
v 30.2512 30.7591 -0.708084
v 30.1722 30.1354 -0.695554
v 29.9181 30.1877 -0.702747
v 30.7942 30.3225 -0.514544
v 30.6667 29.6068 -0.288615
v 30.4989 29.7952 -0.710869
v 29.495 30.5883 -0.706813
v 29.09 30.8986 -0.684145
v 29.5611 31.0336 -0.6688
v 27.9601 30.6637 -0.736538
v 30.5815 28.8087 0.490992
v 31.006 30.5977 -0.00977968
v 31.5591 29.63 0.549541
v 28.7548 30.6345 -0.6908
v 28.3407 32.1752 -0.755576
v 27.9341 30.2712 -0.702471
v 28.2852 30.5351 -0.694925
v 28.1607 30.0332 -0.681062
v 34.4853 31.2286 1.39853
v 34.6392 30.6315 1.62772
v 34.8437 30.6047 1.02466
v 34.5138 30.6684 1.84246
v 34.9882 30.5117 1.6681
v 34.6776 30.2205 1.9615
v 35.1442 30.2925 0.948256
v 33.5646 29.2378 1.52305
v 26.565 36.6295 -0.815602
v 27.5433 37.4624 -0.744552
v 27.226 36.5614 -0.773937
v 26.9594 35.1963 -0.781605
v 27.0159 32.4023 -0.68982
v 27.385 31.989 -0.72402
v 26.9167 32.2095 -0.748053
v 34.8652 30.9364 1.3429
v 34.3594 31.1407 1.3743
v 28.3642 31.1552 -0.690448
v 28.6581 30.4603 -0.699157
v 27.8068 31 -0.722228
v 28.5933 30.9496 -0.690709
v 29.0842 30.9218 -0.699014
v 28.8878 30.4876 -0.682215
v 27.9239 32.7489 -0.737435
v 27.6206 33.8589 -0.698583
v 28.2573 34.3137 -0.776378
v 27.4679 31.1113 -0.738866
v 27.4844 31.8774 -0.83177
v 27.9125 31.453 -0.737695
v 28.3363 32.2999 -0.736633
v 28.6219 31.6582 -0.673886
v 30.3949 31.1162 -0.707195
v 29.8981 31.9003 -0.71804
v 30.5351 32.4125 -0.722508
v 29.6346 30.9341 -0.696767
v 29.3131 30.7486 -0.710483
v 29.2063 30.2236 -0.680419
v 29.5366 30.0518 -0.686323
v 29.4715 32.227 -0.716902
v 30.2417 30.7701 -0.709629
v 29.9945 30.0148 -0.682495
v 30.6959 29.6602 -0.38203
v 30.5721 30.1615 -0.683301
v 30.7641 30.2977 -0.462308
v 30.9637 30.4578 0.0191991
v 30.6721 29.659 -0.0261585
v 30.612 29.439 0.0221478
v 30.95 29.3225 0.395592
v 30.7698 29.0439 0.302917
v 30.576 28.7785 0.492847
v 30.7704 28.7888 0.337449
v 34.6317 30.5083 1.28169
v 28.8479 37.2022 -0.786408
v 28.6552 35.9915 -0.761394
v 29.3243 32.3912 -0.698475
v 29.7806 32.3886 -0.731947
v 29.3044 31.8622 -0.714619
v 28.791 31.8401 -0.704555
v 28.1878 31.6021 -0.695609
v 27.956 32.5879 -0.6779
v 28.335 32.551 -0.653246
v 32.0369 33.2032 -0.786595
v 32.3202 33.8858 -0.68425
v 32.4091 32.7015 -0.690092
v 27.3406 32.9826 -0.80192
v 27.5997 32.0281 -0.711695
v 27.1139 32.5979 -0.722637
v 33.5318 33.4227 -0.634283
v 30.7797 30.3861 -0.112348
v 30.7726 30.3855 -0.575645
v 30.9151 31.1412 -0.706491
v 35.7819 33.8822 -0.544783
v 35.8851 34.7334 -0.569724
v 35.9518 33.4811 0.391273
v 35.8423 32.7618 -0.385365
v 30.7476 30.2207 -0.0235592
v 31.1385 30.6043 -0.0680463
v 31.0863 30.354 0.11541
v 27.565 32.7727 -0.755693
v 30.8598 30.2254 -0.592564
v 30.5761 30.2057 -0.680082
v 30.6072 30.1328 -0.688463
v 30.6382 29.7368 -0.375481
v 27.9643 33.6697 -0.725501
v 28.1227 34.5471 -0.744823
v 28.4252 33.4729 -0.706278
v 35.6814 32.8212 0.611773
v 28.93 32.7839 -0.720446
v 29.1655 34.568 -0.861941
v 30.6636 29.8248 -0.140915
v 31.2474 30.252 0.154157
v 28.4792 31.6518 -0.689045
v 36.0127 32.2749 -0.260199
v 35.8587 32.1928 -0.564379
v 28.9127 31.1258 -0.691302
v 29.406 31.3219 -0.689631
v 26.8652 38.5236 -0.746859
v 27.5903 33.9397 -0.745677
v 27.4339 32.9746 -0.714272
v 26.978 34.2633 -0.789858
v 29.452 33.0497 -0.722882
v 30.2701 33.1011 -0.745064
v 29.5346 32.4396 -0.710708
v 30.4789 37.4995 -0.865511
v 29.9824 36.6185 -0.887617
v 28.4194 33.4866 -0.740869
v 28.2586 34.1115 -0.725669
v 28.5173 32.2647 -0.747746
v 28.8133 32.9994 -0.732119
v 29.7266 31.4694 -0.697932
v 29.9134 32.2909 -0.703008
v 30.053 31.9169 -0.724278
v 30.364 32.5297 -0.703033
v 28.9426 32.7318 -0.711551
v 30.1942 31.6705 -0.726331
v 32.317 33.1247 -0.641708
v 32.0277 33.7077 -0.792853
v 33.1642 34.1174 -0.607767
v 26.5982 34.1921 -0.728434
v 26.6888 34.0118 -0.780099
v 29.9333 31.1913 -0.68579
v 30.3693 31.4571 -0.702955
v 30.1327 31.0926 -0.698598
v 31.133 31.0664 -0.678114
v 33.5166 33.3694 -0.619415
v 32.2861 32.527 -0.621408
v 30.8813 30.7264 -0.69122
v 31.1729 30.8462 -0.685912
v 34.1706 33.109 -0.524565
v 33.8882 32.7814 -0.59994
v 32.3246 31.8949 -0.621917
v 32.6936 31.7652 -0.602661
v 34.2564 32.1675 -0.527547
v 28.6574 33.8021 -0.73127
v 29.2554 34.3912 -0.745907
v 31.8707 31.2767 -0.646809
v 35.8723 33.5426 -0.387532
v 36.0158 34.0464 0.393438
v 35.921 32.8193 0.423411
v 28.9902 36.7259 -0.85929
v 29.0021 31.8867 -0.708418
v 35.7366 32.4938 -0.327026
v 35.7676 33.0888 -0.359178
v 36.2744 32.7852 0.183565
v 29.3938 38.8914 -0.878298
v 29.7259 39.0799 -0.770635
v 29.8871 38.5026 -0.891238
v 28.9363 39.2319 -0.824999
v 27.204 36.9279 -0.795464
v 27.584 35.1937 -0.742261
v 26.7527 36.4683 -0.760817
v 28.0248 35.9579 -0.804921
v 29.9815 34.9231 -0.757517
v 29.4892 33.1751 -0.719438
v 29.2214 34.2174 -0.820885
v 30.0018 33.81 -0.726978
v 30.6054 35.1695 -0.777436
v 32.3937 35.1458 -0.712835
v 33.1097 36.8068 -0.645969
v 33.6595 36.1138 -0.644884
v 27.6126 34.2518 -0.732759
v 27.2545 35.105 -0.820999
v 28.5407 34.2341 -0.688595
v 28.6545 33.7591 -0.710772
v 28.3973 33.6352 -0.744711
v 28.1196 34.5638 -0.756809
v 27.9523 33.8006 -0.709111
v 27.5274 33.8554 -0.743389
v 31.9451 33.0602 -0.708043
v 32.4179 33.7913 -0.696367
v 33.1921 33.5089 -0.557412
v 29.0188 35.5006 -0.784581
v 28.8907 33.1186 -0.718621
v 35.6934 34.028 -0.438391
v 35.8034 34.0948 -0.294478
v 35.8944 33.5772 -0.206061
v 29.4076 40.8113 -0.789077
v 30.8766 39.4427 -0.723348
v 30.2255 39.3335 -0.828017
v 30.7049 36.3617 -0.85251
v 30.8218 35.4976 -0.738633
v 32.2375 38.7975 -0.79491
v 31.9981 40.093 -0.751795
v 33.2231 39.1956 -0.721318
v 27.7861 39.8266 -0.967926
v 28.6299 37.2999 -0.75178
v 29.3714 36.2209 -0.774939
v 29.1184 34.8035 -0.728271
v 29.824 34.9965 -0.745515
v 30.4357 34.6568 -0.775255
v 28.614 34.6931 -0.754415
v 29.0295 34.0061 -0.752952
v 29.8596 34.4421 -0.765561
v 29.6409 33.5618 -0.735883
v 30.0045 33.8142 -0.736126
v 29.7777 33.3592 -0.73979
v 30.8463 34.1689 -0.752861
v 30.3169 33.8039 -0.744491
v 30.6202 33.5699 -0.740137
v 29.9325 33.2681 -0.725723
v 33.6574 36.8109 -0.61122
v 32.2136 36.371 -0.787328
v 33.1303 37.594 -0.582593
v 31.9624 34.0691 -0.736722
v 30.2645 33.0574 -0.730783
v 35.6137 36.0847 -0.520367
v 34.6747 36.6292 -0.615688
v 35.4516 36.3745 0.320684
v 32.305 34.4179 -0.666673
v 32.497 34.003 -0.611951
v 31.9305 33.5936 -0.719933
v 27.3229 37.4337 -0.833695
v 27.8209 36.6549 -0.80155
v 27.5335 35.8869 -0.809169
v 27.0362 37.1138 -0.857567
v 26.3992 37.7734 -0.975745
v 31.0414 33.1501 -0.71473
v 30.7617 32.7594 -0.728092
v 30.4988 32.9669 -0.694419
v 31.9048 33.2078 -0.695104
v 32.989 33.6216 -0.604454
v 28.0809 34.943 -0.794222
v 27.2492 35.0432 -0.76072
v 28.0219 35.8707 -0.772418
v 35.9113 34.7384 -0.509039
v 35.788 34.8669 0.296796
v 35.8517 34.5161 0.423959
v 28.2704 36.0837 -0.798925
v 28.2438 35.2335 -0.755606
v 28.57 34.2556 -0.720014
v 33.6493 34.3004 -0.596478
v 31.9224 32.912 -0.696196
v 32.5356 33.2706 -0.609575
v 31.2775 32.9499 -0.711402
v 29.6123 34.2807 -0.679587
v 29.2783 33.729 -0.730481
v 32.3208 36.2312 -0.643909
v 32.2876 35.5106 -0.680104
v 31.328 35.3064 -0.740716
v 31.1931 38.5961 -0.856835
v 31.9831 37.687 -0.747949
v 35.5776 37.7418 -0.504478
v 35.9395 37.2794 0.248186
v 29.8233 34.3143 -0.760419
v 30.0287 34.831 -0.765897
v 30.0135 34.1335 -0.724049
v 35.7494 36.5888 0.273415
v 27.3342 37.3458 -0.824561
v 26.8433 38.3095 -0.851315
v 27.4853 38.1793 -0.817798
v 29.4907 35.7408 -0.762002
v 29.9311 37.1774 -0.822001
v 30.2446 36.3641 -0.774714
v 30.9631 35.7904 -0.750575
v 27.8227 39.7233 -0.867285
v 26.3114 39.0402 -0.88598
v 28.6754 35.9257 -0.727908
v 28.1183 37.141 -0.784428
v 28.6437 37.2809 -0.78796
v 27.8601 37.0621 -0.814893
v 28.2776 36.1196 -0.829917
v 27.6051 35.9219 -0.722807
v 31.9993 35.2063 -0.790809
v 32.2881 34.731 -0.645952
v 29.4952 37.2947 -0.770144
v 28.9492 36.5499 -0.778076
v 29.1352 34.8426 -0.750511
v 28.4792 35.4756 -0.821879
v 28.6061 35.1372 -0.778453
v 29.3194 36.1944 -0.85926
v 32.2621 34.4626 -0.608417
v 31.9312 34.0326 -0.724843
v 31.6297 34.1637 -0.734595
v 33.0873 34.4969 -0.590234
v 35.8977 35.9027 0.258461
v 35.9914 35.9236 -0.547691
v 30.6587 37.8994 -0.803548
v 33.2595 40.241 -0.695941
v 27.8611 39.0896 -0.838083
v 27.4909 39.6087 -0.84314
v 27.8177 40.699 -0.897528
v 32.7051 37.3642 -0.715848
v 31.1098 37.6137 -0.890207
v 30.0483 37.8799 -0.798762
v 32.1887 35.8844 -0.641874
v 32.0142 36.5849 -0.822776
v 30.4176 37.4706 -0.79744
v 30.1717 36.066 -0.783962
v 29.89 36.4282 -0.821242
v 29.8068 35.4171 -0.754232
v 29.4526 35.7205 -0.769666
v 26.8725 39.0294 -0.877885
v 27.5009 38.0256 -0.774952
v 28.4541 39.0314 -0.839842
v 27.2906 37.3979 -0.87131
v 28.2576 36.4569 -0.762519
v 27.1869 36.8492 -0.770288
v 30.3402 35.0665 -0.762425
v 30.5715 35.6089 -0.774882
v 31.0036 35.4816 -0.758256
v 28.2993 37.4194 -0.871721
v 29.8071 38.0718 -0.825086
v 29.2726 38.6162 -0.846728
v 29.2773 36.7078 -0.783288
v 29.2933 36.085 -0.834419
v 28.7231 35.8629 -0.727746
v 29.2167 39.141 -0.803437
v 28.8101 39.306 -0.788786
v 35.8035 37.1222 -0.40971
v 35.9575 36.508 0.419825
v 35.8632 36.6034 -0.532461
v 32.3103 35.7891 -0.692113
v 32.4501 35.2318 -0.614943
v 31.9065 34.9356 -0.744992
v 32.6208 34.7712 -0.623396
v 34.6944 35.7078 0.816762
v 34.6953 36.1077 -0.61803
v 31.9205 34.5243 -0.706784
v 31.4929 34.4787 -0.744812
v 29.5401 37.4044 -0.793008
v 29.0521 37.644 -0.792982
v 29.8141 38.9129 -0.804952
v 31.9075 41.5518 -0.797674
v 30.3188 37.3377 -0.834246
v 28.9446 39.3777 -0.861886
v 28.2162 38.7608 -0.789199
v 28.8241 40.0448 -0.754556
v 28.6747 37.2269 -0.754808
v 27.8481 38.4597 -0.863113
v 30.6557 38.2259 -0.759162
v 30.042 37.8617 -0.786496
v 29.2602 36.7177 -0.785345
v 28.7532 36.8757 -0.804642
v 30.0321 36.3772 -0.763423
v 29.8768 37.1475 -0.835474
v 30.4166 36.4955 -0.738571
v 30.4842 35.9448 -0.763535
v 30.5862 36.422 -0.765957
v 31.0929 36.2994 -0.784687
v 30.1759 36.0608 -0.781
v 32.0121 37.5074 -0.763926
v 32.095 37.864 -0.887282
v 32.5354 37.9988 -0.624031
v 28.007 37.1673 -0.823858
v 27.46 38.0867 -0.85665
v 28.3242 37.3548 -0.836626
v 33.4115 38.0203 -0.682466
v 32.2688 36.758 -0.69234
v 28.4361 37.3895 -0.75771
v 29.4533 40.0891 -0.804054
v 31.934 36.4036 -0.780653
v 32.749 36.7752 -0.6597
v 33.6356 37.488 -0.632976
v 33.1044 36.5256 -0.637736
v 33.6687 36.7997 -0.597674
v 31.9426 36.2264 -0.787889
v 32.3109 35.8456 -0.703028
v 31.4988 35.5259 -0.757332
v 34.3425 36.8087 -0.639075
v 35.6988 38.0733 -0.549315
v 35.9087 37.393 -0.441084
v 30.8584 40.1627 -0.790432
v 30.9096 42.058 -0.812579
v 31.5364 41.1472 -0.739485
v 33.3836 36.264 -0.628269
v 31.7227 38.7825 -0.759988
v 30.9944 38.4517 -0.7957
v 31.9833 39.8096 -0.742585
v 31.9063 36.6855 -0.766053
v 32.2673 37.2041 -0.731653
v 32.2572 36.8606 -0.704683
v 32.2453 38.318 -0.80293
v 33.0601 38.3227 -0.686778
v 32.5244 37.9719 -0.641635
v 32.8872 37.8439 -0.65527
v 32.9814 37.2797 -0.617723
v 30.6794 39.2419 -0.797318
v 30.2872 38.0407 -0.80171
v 28.9717 37.9332 -0.80683
v 29.3071 37.5725 -0.787382
v 29.2714 38.6256 -0.847986
v 30.0187 37.6518 -0.824857
v 30.2054 37.0868 -0.768096
v 30.0673 38.4659 -0.873913
v 30.0446 39.7795 -0.816032
v 29.6414 38.0518 -0.748547
v 30.8581 38.0493 -0.810328
v 29.6676 37.6807 -0.799372
v 33.0517 40.2884 -0.692385
v 27.8362 39.2297 -0.86733
v 28.5665 39.533 -0.855513
v 28.1559 38.8506 -0.847307
v 30.9578 37.471 -0.769849
v 30.4738 37.0352 -0.777973
v 30.6713 36.8965 -0.784403
v 28.9689 38.5871 -0.814969
v 28.4576 38.6217 -0.81193
v 28.6429 38.1165 -0.798983
v 31.1171 37.2615 -0.766754
v 30.5671 39.4415 -0.800924
v 35.7674 40.6254 -0.426683
v 36.3974 40.7464 0.506346
v 35.8718 39.942 -0.446864
v 35.6874 41.3514 0.0237831
v 34.2994 38.8109 -0.646172
v 35.6615 39.0193 -0.383996
v 32.6803 36.753 -0.626832
v 31.8672 36.3578 -0.749374
v 35.745 38.3199 -0.563795
v 35.8072 38.1459 -0.387832
v 35.8225 38.1249 -0.547745
v 35.857 38.3608 -0.434268
v 30.3177 39.6512 -0.756209
v 30.9179 39.1872 -0.758418
v 32.1039 41.3833 -0.852369
v 33.3935 40.2107 -0.649498
v 32.0028 37.4302 -0.706684
v 32.1204 38.0159 -0.812042
v 32.3757 37.8876 -0.625155
v 30.9496 37.856 -0.778975
v 34.1138 39.454 -0.668223
v 35.6366 39.7735 -0.422964
v 30.9684 42.3202 -0.850686
v 29.8268 39.0262 -0.769685
v 30.0472 39.8293 -0.825376
v 30.6504 38.6124 -0.789566
v 30.2579 38.5439 -0.765119
v 30.1415 38.1535 -0.819984
v 30.3137 39.1343 -0.84504
v 36.0328 39.2555 -0.64986
v 31.467 39.1751 -0.785882
v 31.1661 38.4124 -0.823059
v 29.486 38.545 -0.790104
v 27.4209 40.8164 -0.837498
v 27.8161 41.607 -0.920818
v 27.8464 40.0249 -0.849789
v 30.5902 38.1843 -0.781755
v 30.8471 38.007 -0.814967
v 28.7068 40.8616 -0.811104
v 29.0168 41.6502 -0.880022
v 29.08 40.5186 -0.859311
v 31.411 38.1424 -0.758311
v 28.9378 39.3108 -0.771914
v 29.3487 39.246 -0.816121
v 29.281 38.6331 -0.8116
v 32.4783 38.7731 -0.686958
v 31.5568 38.0728 -0.793593
v 33.1451 39.2367 -0.641867
v 32.5491 38.3282 -0.656092
v 35.9798 39.6122 -0.0288998
v 32.8273 37.7379 -0.659513
v 31.6461 41.3644 -0.81897
v 30.8589 40.1553 -0.771027
v 30.8271 40.855 -0.802487
v 31.3662 38.8856 -0.79988
v 30.9746 38.9814 -0.774038
v 32.1319 41.4676 -0.802853
v 32.2436 40.6053 -0.819984
v 31.2239 40.2859 -0.79122
v 32.7013 41.3387 -0.862315
v 32.6449 39.8835 -0.67697
v 32.0561 39.0034 -0.763678
v 32.652 39.1992 -0.627297
v 31.6339 38.8255 -0.757418
v 30.3282 39.8938 -0.76348
v 30.2796 41.0183 -0.823029
v 31.0494 39.9014 -0.842627
v 30.5677 39.3864 -0.785073
v 30.4542 39.0432 -0.768768
v 28.9031 40.7255 -0.835396
v 29.3363 39.7772 -0.800802
v 28.8506 40.116 -0.821907
v 29.9438 39.1334 -0.708367
v 31.3555 39.5166 -0.771414
v 28.4079 39.8743 -0.821705
v 28.2807 40.2299 -0.820064
v 29.9696 39.834 -0.811676
v 29.1806 39.5857 -0.813926
v 32.6395 40.4874 -0.784749
v 32.7116 40.6908 -0.751638
v 29.894 39.3702 -0.841043
v 31.9135 38.5163 -0.794079
v 32.3452 38.9522 -0.75266
v 35.6537 41.302 -0.613183
v 36.3427 42.7892 -0.768741
v 35.8045 41.4507 0.00574199
v 35.8435 41.0647 -0.624688
v 35.8558 41.0958 0.147368
v 32.5579 38.5831 -0.655431
v 33.2274 39.296 -0.666433
v 35.9411 40.3274 -0.681838
v 34.1974 39.3801 -0.660978
v 35.5697 39.7545 -0.411943
v 32.1264 43.0471 -0.813687
v 32.9236 42.443 -0.800236
v 32.1333 42.3062 -0.803138
v 31.2745 41.7228 -0.820006
v 30.8979 40.8427 -0.786185
v 30.9023 41.6205 -0.825002
v 31.4206 41.1268 -0.799264
v 31.3048 40.719 -0.806405
v 30.8662 39.9849 -0.774427
v 32.0352 41.4569 -0.793746
v 31.4053 40.5336 -0.7768
v 32.6418 41.2226 -0.781315
v 31.1523 39.9003 -0.795322
v 31.8797 40.3505 -0.800513
v 33.9993 42.6054 -0.764931
v 29.7391 40.779 -0.81377
v 29.4383 42.0759 -0.863041
v 30.2747 41.6128 -0.845403
v 31.3543 39.6728 -0.764458
v 32.0831 40.0438 -0.738853
v 29.9236 40.1252 -0.802038
v 29.7672 40.4848 -0.813985
v 30.1457 40.5894 -0.787821
v 29.2312 40.5879 -0.827588
v 30.9695 42.29 -0.818675
v 29.4231 40.7768 -0.808016
v 34.1095 41.6029 -0.747051
v 32.716 40.546 -0.743601
v 31.78 39.4344 -0.741012
v 31.7612 39.734 -0.786262
v 30.4533 40.5056 -0.793303
v 33.1007 40.2516 -0.686052
v 32.6889 40.002 -0.667694
v 30.5776 43.4236 -0.845933
v 35.6324 41.5393 -0.44755
v 35.9269 41.9288 -0.00952906
v 36.0566 41.1916 0.119445
v 33.3381 39.9082 -0.714962
v 33.4531 40.2969 -0.635249
v 34.1642 40.2482 -0.708816
v 32.777 39.8923 -0.736235
v 35.8068 41.2616 -0.475768
v 32.3881 39.5185 -0.690342
v 32.6308 40.5403 -0.820783
v 32.6458 40.7484 -0.827307
v 32.661 40.6048 -0.761885
v 32.2403 40.604 -0.796117
v 29.0942 43.9992 -0.899217
v 29.6131 43.9574 -0.845952
v 29.4469 43.7264 -1.04177
v 28.9167 47.0267 -1.05042
v 27.6906 47.912 -1.02738
v 29.2706 47.2079 -1.04018
v 30.1768 43.9627 -0.83417
v 30.2361 44.7539 -0.792804
v 30.5403 43.8995 -0.821744
v 30.9823 42.3189 -0.827004
v 30.4863 41.3666 -0.813694
v 30.4302 42.1204 -0.82428
v 31.1436 42.0496 -0.80841
v 30.7984 41.2424 -0.798138
v 31.5289 41.2096 -0.818621
v 32.5616 42.2616 -0.818545
v 32.0577 41.2045 -0.729659
v 32.1248 42.5153 -0.840927
v 32.5636 42.7332 -0.820483
v 32.6895 41.8388 -0.779689
v 31.1198 40.5981 -0.788721
v 31.5113 40.5568 -0.800826
v 32.1438 40.8554 -0.780418
v 28.7844 43.8624 -0.843356
v 32.6667 41.4084 -0.790025
v 33.117 41.2459 -0.737417
v 31.2874 43.326 -0.837117
v 34.2083 41.6072 -0.718111
v 33.9651 40.8333 -0.683925
v 32.6623 40.0216 -0.661966
v 29.6438 45.8266 -0.938492
v 30.1194 43.1903 -0.8682
v 29.2358 43.4404 -0.880919
v 30.9827 42.2979 -0.839545
v 30.7005 41.8196 -0.815744
v 30.6997 42.2099 -0.791982
v 32.1819 43.2497 -0.814948
v 32.3267 44.5577 -0.958007
v 32.5651 43.9744 -0.857298
v 32.6152 41.1276 -0.790177
v 32.7184 41.6979 -0.785841
v 33.4534 41.9091 -0.762584
v 32.6698 41.7605 -0.765173
v 33.2361 42.3262 -0.759308
v 31.3498 42.2188 -0.833548
v 30.6305 43.6531 -0.861777
v 30.2269 42.3861 -0.831218
v 31.8165 42.1779 -0.825119
v 32.705 43.4555 -0.795012
v 32.5475 42.8028 -0.781296
v 32.1819 41.982 -0.80456
v 31.558 41.6185 -0.809143
v 33.6425 43.2635 -0.755893
v 32.8163 42.5749 -0.774286
v 31.0974 41.548 -0.798454
v 31.715 41.4278 -0.817295
v 32.0864 41.3778 -0.812054
v 28.7051 44.7787 -0.874651
v 29.2831 45.3069 -0.933401
v 28.8724 43.9532 -0.893532
v 28.4395 43.9018 -0.876218
v 29.096 43.0834 -0.848743
v 35.8621 44.5462 -0.876817
v 37.0357 43.6431 -0.668061
v 35.593 43.6793 -0.780029
v 33.4758 41.5792 -0.74616
v 33.7193 41.976 -0.74755
v 31.142 43.5393 -0.852944
v 31.0484 43.9774 -0.821145
v 34.1542 41.7758 -0.712801
v 33.0083 41.0659 -0.751222
v 33.1902 41.2474 -0.754103
v 28.9114 48.3447 -1.08762
v 30.2048 48.506 -0.923469
v 29.9372 44.7505 -0.871659
v 30.5241 44.4473 -0.869619
v 30.2277 44.1961 -0.894347
v 32.6087 45.7282 -0.879118
v 31.5537 45.5299 -0.85073
v 32.5484 46.8067 -0.908976
v 31.2951 43.3287 -0.858198
v 32.1681 43.7444 -0.859844
v 28.8093 46.799 -0.927518
v 33.0431 44.5117 -0.827023
v 30.4109 43.1815 -0.87392
v 31.0682 43.8049 -0.813671
v 29.3021 44.4873 -0.896612
v 30.0675 42.6865 -0.833843
v 29.8209 43.459 -0.844405
v 30.206 43.3063 -0.835443
v 29.654 42.9556 -0.844537
v 32.5406 44.0113 -0.846255
v 31.2228 42.7322 -0.814594
v 31.6894 42.5195 -0.79693
v 30.736 43.0455 -0.824582
v 29.1819 44.1593 -0.880686
v 28.8899 43.9832 -0.875397
v 28.8152 44.3448 -0.848264
v 29.0939 43.9207 -0.874755
v 33.2552 44.1672 -0.810684
v 30.6155 42.4388 -0.822569
v 30.3843 42.6071 -0.850095
v 33.5825 43.5731 -0.781887
v 33.4177 42.9657 -0.784456
v 32.5416 42.7163 -0.79617
v 32.1279 42.1936 -0.811377
v 32.6782 42.2893 -0.789893
v 31.348 43.5488 -0.83568
v 32.7186 41.9808 -0.778981
v 32.1613 42.0267 -0.789186
v 36.4736 44.8717 -0.814017
v 36.9267 46.1839 -0.967597
v 37.3463 44.315 -0.771684
v 33.1117 42.1988 -0.782471
v 34.1639 42.7551 -0.743275
v 33.334 42.0516 -0.771131
v 29.6453 44.4704 -0.893776
v 29.8717 44.4409 -0.867147
v 29.6382 44.2128 -0.874953
v 30.0529 46.6295 -0.947954
v 30.9248 47.1729 -0.956102
v 30.7938 45.4622 -0.877508
v 32.1534 45.0962 -0.875663
v 31.9155 45.2524 -0.940999
v 32.5324 45.8285 -0.857547
v 31.1233 45.0211 -0.859265
v 30.4055 44.1305 -0.865746
v 31.0383 43.9069 -0.841371
v 32.5278 43.9444 -0.826858
v 32.1457 43.3085 -0.804972
v 32.1653 43.9589 -0.850495
v 32.9757 43.964 -0.81337
v 32.6455 46.9318 -0.885235
v 33.2495 45.4961 -0.819078
v 32.5723 44.7261 -0.872556
v 33.5246 45.23 -0.800923
v 33.0102 44.4558 -0.823826
v 28.7935 45.1736 -0.912465
v 29.0622 45.3118 -0.917205
v 29.235 44.8971 -0.892709
v 29.1172 44.2713 -0.869404
v 29.3499 44.3455 -0.881328
v 29.3979 45.1672 -0.8838
v 29.4832 46.9834 -0.924298
v 29.9037 43.8379 -0.84963
v 30.3895 43.8152 -0.859772
v 29.2496 45.5084 -0.918568
v 29.0775 46.5912 -0.970709
v 29.6531 45.6582 -0.902243
v 33.2706 49.2079 -0.943981
v 33.2299 47.7111 -0.895829
v 32.5976 47.5076 -0.947928
v 32.1256 47.5897 -0.947824
v 31.2884 46.2107 -0.894055
v 29.475 46.9206 -0.993682
v 28.9203 47.2364 -0.945299
v 30.6099 48.3789 -0.914134
v 30.4626 45.6865 -0.897211
v 29.9815 45.1569 -0.891375
v 30.2599 45.1094 -0.890128
v 30.1665 44.868 -0.888185
v 31.4555 45.518 -0.888942
v 31.2824 44.692 -0.854522
v 30.8874 44.8919 -0.850772
v 32.5468 45.8862 -0.866779
v 32.5531 45.5565 -0.880213
v 32.8948 46.0436 -0.832153
v 33.6747 46.0362 -0.790089
v 32.699 44.9556 -0.844054
v 33.4694 45.2142 -0.816358
v 31.8628 44.4195 -0.848085
v 32.0546 44.1989 -0.848959
v 32.5796 44.6142 -0.852478
v 29.6632 44.9301 -0.885804
v 29.2838 45.1536 -0.898861
v 32.7493 44.2815 -0.823014
v 32.5555 43.9069 -0.820848
v 33.2253 44.469 -0.799815
v 33.2935 44.0821 -0.811444
v 29.9151 44.7562 -0.876842
v 30.8477 45.5289 -0.893894
v 36.0756 47.6932 -1.01677
v 36.4134 48.4521 -0.920934
v 36.6247 46.9486 -0.899241
v 32.0982 43.9234 -0.830957
v 30.5136 45.1694 -0.870848
v 33.6811 44.7819 -0.791047
v 34.6501 44.774 -0.796395
v 33.7266 44.0946 -0.773825
v 33.0188 43.5866 -0.809503
v 32.8025 43.85 -0.804078
v 32.697 49.1228 -0.970661
v 33.0599 49.6108 0.207053
v 33.1499 49.7244 -0.938687
v 30.2542 48.3005 -0.95898
v 29.4871 47.0526 -0.943939
v 29.1121 48.4591 -1.07559
v 31.6182 46.5889 -0.915603
v 32.5249 46.7965 -0.886605
v 31.5997 45.5898 -0.885507
v 30.9474 45.6984 -0.867293
v 31.2169 46.8115 -0.947768
v 29.1594 46.9489 -0.920462
v 29.4652 46.5916 -0.936263
v 33.191 47.6699 -0.86566
v 33.082 47.1176 -0.82656
v 32.7249 46.166 -0.838369
v 31.7915 45.4673 -0.876454
v 29.5042 46.026 -0.938382
v 29.7083 46.5118 -0.925999
v 29.0966 46.6462 -0.977712
v 32.5511 45.5888 -0.878024
v 32.9287 46.0915 -0.839029
v 29.6306 45.6957 -0.915308
v 29.9463 45.6954 -0.916694
v 30.7186 47.1385 -0.946049
v 31.0917 47.8357 -0.943316
v 30.6277 45.9371 -0.893205
v 30.6404 48.4973 -0.941657
v 31.5684 48.1864 -0.955344
v 34.9859 47.7633 -0.924657
v 35.9289 49.3336 -0.926268
v 36.1719 48.3867 -0.91499
v 32.1086 45.0097 -0.869903
v 30.0813 46.1 -0.912372
v 30.1602 45.6055 -0.916518
v 30.351 46.0788 -0.909918
v 33.3552 45.8127 -0.823986
v 33.1562 45.541 -0.836503
v 30.4636 45.3592 -0.896972
v 32.554 45.0181 -0.858092
v 33.4578 45.2449 -0.820272
v 36.7822 48.746 -0.856297
v 36.4002 47.7953 -0.910191
v 33.6526 45.5071 -0.791701
v 32.634 44.7049 -0.845991
v 30.8325 45.5637 -0.903853
v 34.1388 45.5197 -0.786437
v 33.3823 45.0613 -0.814351
v 34.1874 45.0187 -0.78783
v 32.8042 44.7368 -0.83419
v 33.3169 44.7287 -0.812579
v 32.0803 48.38 -0.903344
v 32.5588 48.5856 -0.927922
v 31.8821 47.7839 -0.945272
v 31.6229 46.6149 -0.914704
v 31.1912 46.7966 -0.922068
v 32.5602 47.7987 -0.941333
v 31.2603 47.6051 -0.924813
v 33.5047 48.4219 -0.872289
v 29.3618 48.2078 -0.969169
v 29.7273 47.9155 -0.93138
v 29.7554 47.4483 -0.950774
v 28.8755 47.4505 -0.950474
v 29.0623 47.4674 -0.969973
v 28.9392 47.0286 -0.948791
v 28.9618 48.0578 -0.971127
v 29.4009 47.3458 -0.952003
v 29.3198 49.0742 -0.995518
v 29.4823 47.0747 -0.942396
v 32.9364 47.6912 -0.883587
v 32.9724 46.9458 -0.85169
v 31.9903 46.6956 -0.930312
v 33.2708 47.0668 -0.832407
v 32.6312 46.5967 -0.85536
v 30.4391 52.3571 -1.01493
v 29.4634 51.262 -1.09724
v 28.6476 51.9946 -1.06145
v 32.131 46.085 -0.864203
v 29.7483 49.2889 -0.995888
v 30.5174 48.4454 -0.966019
v 30.3802 47.1367 -0.940739
v 30.1897 49.0413 -0.965568
v 30.1812 46.7756 -0.941182
v 30.4313 46.7528 -0.91714
v 35.8424 49.6967 -1.05416
v 36.0995 48.2745 -0.903348
v 35.6009 49.1252 -0.985866
v 32.5586 46.0969 -0.879556
v 32.7994 46.6141 -0.840174
v 33.2219 46.2766 -0.822021
v 31.0676 51.8396 -1.02032
v 32.1266 52.4844 -1.01635
v 33.6868 46.6467 -0.801526
v 30.4547 49.8008 -1.02451
v 31.2665 49.7144 -0.956185
v 30.7351 47.6474 -0.926053
v 30.6269 47.0441 -0.925402
v 32.9973 45.7731 -0.851614
v 32.6845 46.0371 -0.844708
v 33.6022 46.1453 -0.838514
v 30.9382 47.1363 -0.924862
v 32.5848 49.5248 -0.966315
v 31.5583 49.0482 -0.93528
v 32.1043 50.0108 -0.952562
v 31.2761 49.7477 -0.951183
v 29.8984 51.0427 -1.02922
v 30.3339 49.9855 -0.968129
v 29.8837 49.6818 -1.01361
v 31.0898 47.8874 -0.921487
v 30.8392 48.2543 -0.929712
v 32.1487 48.1595 -0.958935
v 32.5857 49.0427 -0.969635
v 32.9498 48.769 -0.906428
v 30.7985 47.6311 -0.940269
v 30.6678 48.0215 -0.949618
v 29.6356 48.527 -0.961837
v 30.0393 48.3637 -0.973844
v 29.6989 48.0758 -0.951884
v 28.795 48.762 -0.982488
v 29.1415 48.2355 -0.973876
v 28.866 48.296 -0.977001
v 29.3992 48.4647 -0.967796
v 33.0268 49.2757 -0.890381
v 29.3221 48.1232 -0.970514
v 32.8894 48.2489 -0.887206
v 30.1458 47.6922 -0.926406
v 30.3423 48.6176 -0.972809
v 30.1322 52.1093 -1.03177
v 29.4884 53.4524 -1.06341
v 30.9862 52.6931 -0.955068
v 30.6706 49.1751 -0.943448
v 30.9125 50.6024 -1.01206
v 29.105 51.2967 -1.08871
v 32.5585 47.7598 -0.915216
v 32.1132 47.3904 -0.922071
v 33.2828 48.2214 -0.87719
v 32.0801 47.1209 -0.904937
v 32.5493 47.5682 -0.91083
v 30.4713 49.8003 -1.02833
v 30.3429 47.6775 -0.940497
v 33.2502 47.6614 -0.86559
v 34.5515 48.2867 -0.870341
v 32.5758 47.0417 -0.876727
v 34.014 47.7319 -0.843236
v 33.4208 47.3951 -0.846159
v 32.6101 46.8619 -0.86728
v 33.2756 46.8857 -0.83133
v 34.2519 47.3841 -0.846055
v 29.5139 51.9255 -1.01581
v 29.9778 53.2709 -1.03603
v 29.7528 50.4247 -0.989241
v 30.2267 50.8248 -1.00765
v 30.1592 49.583 -0.957597
v 32.5439 51.8363 -1.02831
v 31.2074 50.4557 -1.0389
v 31.4668 51.3245 -1.00384
v 30.8586 50.1965 -1.00205
v 31.1422 51.6554 -1.05425
v 30.2825 48.7993 -0.967381
v 29.8665 49.1707 -0.974351
v 30.1586 49.0613 -0.971559
v 29.2834 49.3502 -0.982771
v 29.1144 51.1205 -1.03443
v 28.4908 52.0599 -1.08571
v 28.961 51.9973 -1.06653
v 29.8624 49.5782 -0.97126
v 32.5897 50.2863 -1.00149
v 32.5359 50.6981 -0.99199
v 33.1115 50.3518 -0.92773
v 32.5666 49.5224 -0.964577
v 30.444 52.4415 -1.04066
v 33.4041 49.5101 -0.914057
v 32.5514 49.3189 -0.934268
v 32.5705 48.9722 -0.938732
v 31.6861 48.2666 -0.926522
v 31.6995 48.7545 -0.92377
v 30.5801 49.1815 -0.957732
v 36.0132 51.2784 -1.02802
v 35.3908 51.701 -0.984037
v 37.2439 52.356 -0.985276
v 32.5924 48.6647 -0.960476
v 33.135 48.7571 -0.874512
v 32.5459 48.0894 -0.917689
v 32.0939 48.2912 -0.938092
v 33.393 48.3968 -0.863937
v 33.6351 48.824 -0.863217
v 35.6393 49.4123 -0.973487
v 36.6377 49.8157 -0.901256
v 35.7307 48.9728 -0.901338
v 32.6821 51.0918 -0.964203
v 33.0767 51.8466 -0.968185
v 33.8476 51.7763 -0.96847
v 29.5036 53.532 -1.04312
v 28.8168 52.9741 -1.02984
v 28.761 54.6179 -1.01998
v 29.518 51.9518 -1.03183
v 32.1569 52.1961 -1.03109
v 32.1887 51.3313 -0.977735
v 32.8339 51.8585 -0.970757
v 28.5786 52.7999 -1.03985
v 29.1392 51.4399 -1.02426
v 28.5658 51.9185 -1.02482
v 29.7664 50.4832 -0.985759
v 29.46 50.9848 -1.00233
v 29.7172 51.339 -0.98223
v 32.138 50.209 -0.969814
v 28.851 50.4268 -0.997091
v 28.9016 50.8776 -1.0179
v 29.48 50.1647 -0.978022
v 29.1058 51.0518 -1.00401
v 30.4462 52.3675 -1.03257
v 31.0427 52.9983 -1.01458
v 30.5834 51.6623 -1.02997
v 29.99 52.448 -1.0049
v 30.5389 50.3448 -0.973713
v 32.6613 50.416 -0.928701
v 30.3083 51.2363 -0.999404
v 32.5724 50.1191 -0.966022
v 30.1541 50.4025 -0.989715
v 33.2052 49.7777 -0.913197
v 32.8129 49.822 -0.923239
v 33.2565 50.0283 -0.918617
v 35.9082 52.9014 -0.938043
v 35.6388 53.8332 -0.944997
v 35.7171 54.1555 0.0767409
v 33.7244 52.5578 -0.989197
v 32.5809 52.3916 -1.01572
v 33.7538 53.5553 -0.978272
v 32.7455 51.7405 -0.988216
v 28.7468 55.1482 -1.10035
v 29.85 54.5666 -1.094
v 28.9395 54.6108 -1.12975
v 31.2227 52.3813 -1.0062
v 31.0929 51.5113 -1.00352
v 30.5678 51.5892 -0.993602
v 32.087 52.7489 -1.0344
v 31.2459 51.2647 -1.0027
v 30.6567 51.02 -0.976051
v 32.6776 53.7386 -0.988425
v 31.5696 51.2056 -1.02691
v 28.7177 52.363 -1.03702
v 29.0605 52.1958 -1.02933
v 28.9607 51.8664 -1.02076
v 28.8067 53.025 -1.02829
v 29.3477 51.7462 -1.02957
v 34.122 52.1353 -0.911601
v 33.3493 51.5754 -0.955414
v 29.4993 53.6303 -1.06088
v 29.1379 53.1355 -1.05284
v 29.1821 52.3966 -1.02629
v 29.9939 52.5011 -1.0193
v 29.4849 51.9446 -1.0025
v 32.4396 51.3606 -1.0176
v 31.7209 50.6196 -0.958579
v 29.5446 51.6339 -1.00873
v 30.4933 51.9327 -0.998406
v 31.0483 53.0472 -1.03728
v 30.1188 52.0314 -1.01085
v 29.9291 51.3524 -0.995533
v 30.4532 52.4314 -1.05206
v 32.6665 51.0694 -0.944474
v 32.0621 50.6538 -0.950537
v 33.1935 51.2415 -0.940291
v 32.5339 50.5917 -0.948961
v 33.238 50.8031 -0.921117
v 30.7637 53.6556 -1.03924
v 31.4227 53.4285 -0.992803
v 33.6849 50.9046 -0.911117
v 32.8117 50.094 -0.917723
v 32.5928 50.4374 -0.9561
v 33.5207 50.4729 -0.915093
v 29.1492 58.8726 -1.24822
v 29.9364 59.3568 -1.41195
v 29.6501 57.7213 -1.28338
v 31.8099 53.8604 -1.0697
v 32.1858 54.977 -0.984392
v 32.3528 54.2579 -1.0043
v 28.3185 55.9708 -1.1049
v 29.1447 56.0364 -1.10416
v 28.7172 55.176 -1.0914
v 28.0964 55.4843 -1.1314
v 32.0311 53.004 -0.996714
v 32.7655 53.5966 -0.935177
v 28.9114 54.619 -1.14101
v 29.4806 53.8793 -1.03822
v 29.2494 53.1763 -1.02767
v 29.4848 53.6668 -1.06642
v 29.7928 52.8792 -1.00691
v 29.3978 52.5712 -1.00607
v 28.6306 53.162 -1.03577
v 28.5056 53.6181 -1.07008
v 28.6751 53.5106 -1.04954
v 28.7487 53.1198 -1.04952
v 29.0536 53.1506 -1.06056
v 31.6841 52.3513 -1.02989
v 31.131 52.39 -0.997402
v 30.4259 54.0719 -1.07561
v 30.2488 52.7367 -0.989572
v 32.6576 53.188 -0.944491
v 35.4906 54.3137 -0.721098
v 37.0885 53.6645 -1.05161
v 36.1685 53.4418 -1.01534
v 31.6587 55.6172 -1.16958
v 30.5659 55.0907 -1.11804
v 33.6601 53.4456 -0.951071
v 33.4084 53.8383 -0.94454
v 32.5468 52.368 -0.999761
v 30.1873 54.6571 -1.11372
v 30.1847 55.1476 -1.05256
v 32.1052 52.4502 -0.990422
v 32.9918 51.8547 -0.958501
v 33.6976 52.5177 -0.958279
v 34.0474 52.2792 -0.863637
v 30.5042 53.1246 -1.02822
v 30.8692 52.6302 -1.00279
v 35.4023 54.037 -0.855748
v 35.2955 54.7024 -0.838395
v 32.5396 51.9534 -1.00563
v 32.0992 51.6152 -0.965642
v 32.7697 52.3992 -0.967286
v 30.7518 53.5439 -1.06197
v 30.9476 53.2383 -0.989046
v 33.8997 51.8479 -0.898795
v 29.5355 59.4905 -1.25097
v 30.087 59 -1.17952
v 29.9585 54.1038 -1.05545
v 29.9366 55.4096 -1.11484
v 30.3735 55.1441 -1.09234
v 28.152 58.2428 -1.17078
v 27.5561 59.2584 -1.22541
v 28.2435 59.5704 -1.16538
v 30.7103 53.6402 -1.01446
v 30.8948 53.5565 -1.00009
v 30.4699 53.2336 -1.01117
v 31.1801 53.092 -0.998539
v 28.0516 56.2871 -1.1059
v 28.7261 55.6353 -1.13011
v 28.5669 54.6866 -1.08092
v 28.2923 54.9263 -1.08384
v 28.3348 54.4512 -1.08357
v 28.8343 54.0731 -1.05481
v 28.9111 54.6088 -1.08396
v 32.2293 56.7486 -1.01868
v 33.2657 55.6 -0.967042
v 32.1705 55.0901 -0.975465
v 32.3323 54.6426 -0.966617
v 31.6285 54.7474 -1.07705
v 31.7509 53.8596 -1.02632
v 29.4954 55.378 -1.09712
v 29.7187 54.4318 -1.05323
v 29.3591 54.2507 -1.04287
v 29.048 53.9629 -1.04131
v 29.7147 53.7556 -1.05802
v 33.1281 54.6604 -0.955462
v 32.5628 53.9724 -0.94652
v 31.9797 53.0601 -0.973935
v 31.8051 53.5172 -0.989719
v 30.6707 56.4256 -1.11174
v 30.8916 55.6183 -1.11217
v 31.2957 54.7051 -1.07839
v 30.3937 54.1433 -1.05954
v 29.4501 53.7121 -1.04388
v 29.8875 53.5112 -1.02336
v 35.8457 56.4225 -1.04718
v 35.694 57.5054 -0.1551
v 35.6152 55.8583 -0.112747
v 31.5274 52.7638 -0.99415
v 31.2784 52.9801 -1.00142
v 32.8695 53.9643 -0.950285
v 33.8325 54.4905 -0.906163
v 33.0524 53.5348 -0.926007
v 32.0936 52.7104 -0.969121
v 32.7089 53.1172 -0.942626
v 32.2434 58.9605 0.765335
v 33.0828 58.4146 1.02996
v 32.0616 58.7464 0.161344
v 33.1015 58.7865 -1.05929
v 32.6004 59.1078 -1.14766
v 35.2863 54.4335 -0.79613
v 35.5647 55.0067 -0.906172
v 35.3808 54.3476 -0.0157442
v 33.4443 53.2199 -0.897455
v 32.5197 52.8129 -0.950936
v 32.5251 52.6635 -0.979459
v 32.5426 52.3972 -0.967847
v 33.8133 52.9642 -0.900162
v 32.9784 52.798 -0.905033
v 33.0019 52.4996 -0.899218
v 30.5621 58.5488 -1.22158
v 31.6328 58.1433 -1.22792
v 26.9466 59.2308 -1.20302
v 27.2836 60.4392 -1.20285
v 28.7051 59.6262 -1.16299
v 32.4174 58.0337 1.05466
v 31.7813 58.5855 0.425571
v 31.7673 59.262 1.0588
v 31.5888 56.7512 -1.13414
v 31.6723 55.61 -1.15647
v 30.8679 55.5348 -1.09788
v 32.1534 55.95 -0.9979
v 28.5827 56.7351 -1.13529
v 27.9179 56.8701 -1.1455
v 28.451 55.7429 -1.09683
v 30.7809 54.6356 -1.05425
v 31.0222 54.54 -1.07978
v 30.6226 54.35 -1.04603
v 30.0513 55.0931 -1.08708
v 29.7091 54.461 -1.05627
v 29.7496 55.2981 -1.08215
v 28.7415 56.5664 -1.17587
v 28.8321 55.3771 -1.08471
v 29.4442 54.6632 -1.07607
v 29.1525 55.3187 -1.09251
v 29.028 54.9851 -1.07906
v 31.7101 54.8639 -1.13992
v 32.1578 55.1893 -0.981573
v 30.6922 54.1535 -1.04264
v 33.3588 56.8021 -1.02266
v 33.2639 55.5573 -0.949732
v 32.5499 55.0617 -0.964941
v 31.7197 54.146 -1.04726
v 30.3767 55.2219 -1.08012
v 30.1501 54.6359 -1.05508
v 33.2953 55.4021 -0.951733
v 33.2481 55.0266 -0.955034
v 32.2428 54.1116 -0.923238
v 31.7995 53.7896 -1.01128
v 32.11 53.4412 -1.01311
v 32.4891 54.1124 -0.938009
v 35.4298 55.8476 -0.7218
v 35.8872 54.9167 -0.810976
v 35.2376 55.3413 -0.802615
v 35.5987 56.0357 -0.991571
v 33.151 54.6437 -0.941283
v 33.8016 54.4554 -0.899294
v 32.8964 53.7726 -0.91378
v 33.9465 54.0623 -0.920483
v 32.5374 53.3616 -0.916249
v 33.0186 53.4885 -0.904952
v 32.7131 53.2496 -0.903867
v 35.3795 59.0705 -0.207533
v 35.2896 58.4188 -0.756676
v 35.7365 59.6499 -0.91389
v 35.6651 58.1847 -0.157916
v 32.3154 58.0986 1.61142
v 32.864 58.0454 1.58061
v 32.2289 58.236 1.15231
v 32.7677 57.5795 1.95118
v 31.5273 57.8445 -1.14268
v 31.5858 56.376 -1.11643
v 31.0708 56.9483 -1.11728
v 33.2259 57.3711 2.77198
v 32.311 57.1578 3.19638
v 34.0669 57.7125 3.63018
v 32.0264 58.344 0.816665
v 33.3383 58.3541 1.19887
v 33.0238 58.5563 -0.360613
v 32.944 58.8324 -1.07461
v 31.8085 58.6532 0.44434
v 31.5704 59.0937 0.438991
v 30.24 58.4349 -1.18615
v 29.9008 56.9587 -1.13253
v 29.7726 58.2762 -1.23962
v 29.155 56.3747 -1.10796
v 28.6765 57.6313 -1.20149
v 29.4066 57.8168 -1.18703
v 32.3539 57.7841 2.74775
v 32.4779 57.4747 2.81519
v 32.0025 57.6453 2.13961
v 31.8764 58.0561 1.67223
v 32.1497 56.347 -1.01588
v 31.3895 55.9103 -1.12039
v 32.6038 57.2032 -1.00881
v 29.7556 58.8869 -1.23393
v 33.8609 58.1349 1.71208
v 32.0021 55.8757 -1.01903
v 31.6248 55.3127 -1.1014
v 29.943 55.9678 -1.1122
v 30.1803 56.3681 -1.13151
v 33.3248 55.6087 -0.960618
v 32.2164 55.4934 -0.954571
v 33.4762 56.725 -1.00375
v 32.0433 54.2828 -0.944133
v 31.0825 54.9921 -1.05857
v 31.5877 55.0291 -1.08171
v 35.4399 57.0045 -0.916029
v 35.2705 57.1126 0.0434613
v 32.2212 54.5378 -0.956226
v 35.5489 56.9034 0.0162023
v 35.7139 56.2496 -0.0942394
v 35.2249 56.3146 -0.176733
v 35.5989 56.7055 -0.93627
v 35.7238 56.1977 -0.791174
v 32.7135 54.8668 -0.956036
v 32.7573 54.6417 -0.927332
v 35.4554 55.6778 -0.725633
v 32.1296 56.3763 -1.01759
v 32.6543 56.7852 -0.990823
v 32.7964 56.4143 -0.969165
v 32.1091 56.8001 -1.00103
v 33.1618 57.6964 -1.0096
v 32.1115 57.5228 -1.03113
v 31.703 59.1844 0.425285
v 31.3104 58.797 1.39293
v 31.8056 59.0384 0.976307
v 32.1267 59.7636 -1.11985
v 31.3285 60.5168 -1.2168
v 31.7548 61.0636 -1.10776
v 29.1615 60.9049 -1.22496
v 28.6053 62.6416 -1.34111
v 29.325 62.6454 -1.33795
v 30.1524 59.528 -1.18245
v 29.6707 59.8244 -1.19737
v 30.3042 57.1746 -1.13085
v 29.8494 57.6414 -1.17989
v 27.4746 59.9237 -1.3262
v 28.0677 60.2847 -1.20612
v 28.2017 59.5467 -1.26365
v 27.281 60.6935 -1.24725
v 29.1766 58.6113 -1.15454
v 29.4774 57.194 -1.16854
v 27.9971 58.1375 -1.16864
v 31.9847 58.354 0.459953
v 31.9071 58.8356 0.75656
v 31.6668 58.1731 -0.0271383
v 28.6838 57.669 -1.20114
v 28.8556 57.0904 -1.11698
v 28.5854 56.982 -1.14094
v 28.6906 59.7276 -1.20147
v 28.5105 59.5164 -1.23067
v 31.5665 57.6077 -1.15609
v 32.3488 58.5493 -1.05472
v 30.609 57.053 -1.16971
v 30.4663 56.1983 -1.121
v 30.1688 56.423 -1.12564
v 29.1242 57.2827 -1.13643
v 29.0407 56.8161 -1.13015
v 29.4317 56.7263 -1.13029
v 29.7065 56.5514 -1.14081
v 31.5893 56.4647 -1.12513
v 30.9608 55.9073 -1.09707
v 31.3809 55.7252 -1.10319
v 32.0751 55.9402 -0.982423
v 35.4039 58.6298 -0.139162
v 35.7097 57.0266 -0.111778
v 35.6825 58.0196 -0.848709
v 35.1935 57.3121 -0.847529
v 31.5753 55.618 -1.07823
v 32.1462 55.4989 -0.987054
v 32.6424 55.9103 -0.9654
v 34.0288 56.285 -0.942846
v 35.2034 56.7724 -0.699173
v 32.5708 55.5887 -0.978694
v 32.1279 57.2067 -1.02347
v 32.8253 58.1433 -1.0533
v 32.8431 57.4198 -0.979631
v 32.1156 57.9831 -1.06029
v 31.0094 59.4391 -1.25581
v 32.1381 59.3295 -1.06127
v 33.6696 58.8849 -1.07285
v 32.6583 58.2905 -0.1603
v 28.5315 58.6082 -1.20415
v 28.7469 57.815 -1.15806
v 30.4628 58.1482 -1.18743
v 31.553 58.7442 -1.1911
v 29.6696 57.435 -1.13727
v 29.734 58.1449 -1.21437
v 28.0556 61.0666 -1.27149
v 28.0216 58.6957 -1.1814
v 28.2506 58.6702 -1.20842
v 28.1594 58.3369 -1.18915
v 29.4937 59.4645 -1.28083
v 30.0572 60.3433 -1.22753
v 27.431 61.7296 -1.3585
v 30.235 57.159 -1.14205
v 31.5609 58.0131 -1.16745
v 30.6148 57.1774 -1.13704
v 30.8352 57.7431 -1.16278
v 28.2727 58.2471 -1.19466
v 28.9027 57.6994 -1.16305
v 29.4069 58.1562 -1.19267
v 29.0084 60.0666 -1.30071
v 29.3252 57.5125 -1.15804
v 31.5488 57.5525 -1.14297
v 31.6815 56.6331 -1.09126
v 32.1401 56.7988 -1.01667
v 30.6042 56.914 -1.12269
v 35.5767 59.0606 -1.03349
v 35.5433 59.6265 -0.875536
v 35.3306 58.564 -0.00096807
v 35.6429 58.5862 -0.209072
v 35.4685 58.6257 -0.969241
v 31.9451 56.496 -0.999582
v 32.2553 56.7792 -1.00916
v 32.9053 56.5271 -0.964482
v 35.7461 58.1911 -0.859076
v 32.9662 61.4492 -0.453718
v 31.9499 60.6805 -1.19777
v 28.6001 61.0521 -1.25622
v 28.5769 59.4909 -1.15885
v 27.8603 59.5071 -1.22034
v 27.4542 61.12 -1.33107
v 28.9911 61.0502 -1.2912
v 30.841 59.3638 -1.2789
v 30.5359 58.4054 -1.2094
v 30.288 58.7442 -1.19944
v 31.6052 59.6506 -1.25238
v 32.2172 58.1946 -1.04249
v 32.1097 57.9499 -1.04427
v 31.6342 57.9816 -1.17602
v 31.5726 58.3841 -1.19064
v 31.8016 59.3083 -1.22829
v 32.2697 58.856 -1.08259
v 30.867 58.2011 -1.19772
v 28.88 59.0755 -1.21948
v 28.9482 58.4731 -1.19398
v 28.4388 58.6899 -1.18557
v 29.2456 59.9238 -1.2216
v 30.4341 59.433 -1.19228
v 28.1947 59.8052 -1.22264
v 31.6493 62.2808 -1.34241
v 32.7643 60.0914 -1.07934
v 29.4879 59.391 -1.26302
v 29.1116 58.5819 -1.21213
v 29.8614 58.0787 -1.17169
v 30.7591 57.7173 -1.16521
v 29.4486 58.2772 -1.1869
v 29.7949 59.254 -1.21745
v 29.7812 59.9843 -1.21373
v 31.5892 59.0279 0.439971
v 31.1187 59.0182 1.56578
v 31.5854 58.9254 1.20899
v 32.0078 58.5111 0.689843
v 31.7327 58.9081 0.960117
v 32.131 58.4752 0.959412
v 31.7927 58.6385 0.35047
v 30.1586 58.9467 -1.1541
v 33.118 58.7263 -1.07766
v 33.0221 58.9626 -0.769426
v 31.5537 57.2986 -1.12279
v 31.9477 57.255 -1.04078
v 31.964 57.7163 1.83225
v 32.8634 57.6911 1.91918
v 32.2467 57.9117 1.52839
v 32.9206 57.9361 -1.03228
v 32.1973 57.3546 -1.01
v 32.147 57.1958 -1.02689
v 30.2276 62.6261 -1.26058
v 31.6614 62.2509 -1.31467
v 30.4057 61.6651 -1.27841
v 28.9554 60.335 -1.21913
v 29.1861 60.9905 -1.24899
v 29.2758 60.2024 -1.22999
v 30.0934 61.1871 -1.27949
v 31.8713 59.03 1.02814
v 31.2061 59.1954 1.10978
v 30.9759 58.8461 1.39454
v 28.1328 61.3174 -1.28977
v 28.3437 60.1648 -1.23565
v 27.7956 60.6852 -1.19035
v 27.4878 61.0259 -1.30068
v 27.597 60.3742 -1.28323
v 29.8386 59.0521 -1.22375
v 29.769 62.4581 -1.34976
v 30.004 58.9976 -1.20377
v 30.1847 59.6312 -1.22366
v 30.6407 59.5042 -1.21992
v 33.4223 59.3501 -1.05361
v 33.1758 58.3689 -1.03186
v 32.5799 58.3509 -1.04917
v 30.8783 61.1133 -1.30404
v 31.5401 60.5148 -1.25657
v 31.9041 61.2475 -1.19218
v 30.1179 59.9562 -1.22983
v 30.5641 58.6751 -1.18542
v 30.9819 59.3461 -1.22254
v 30.9039 58.5535 -1.18838
v 27.4657 61.5916 -1.33374
v 28.0111 59.7851 -1.2319
v 28.5282 60.3593 -1.26011
v 28.5506 59.7522 -1.21018
v 28.3133 59.8913 -1.2336
v 31.7989 60.4592 -1.22729
v 32.646 61.0018 -1.15043
v 32.4462 59.9027 -1.08639
v 31.6434 59.3673 -1.22082
v 28.9015 59.5266 -1.22812
v 29.0539 59.5481 -1.22255
v 30.1193 60.4437 -1.28577
v 32.7603 60.3066 -1.11481
v 33.565 60.3825 -1.12123
v 32.6438 59.8428 -1.09303
v 33.3415 59.5481 -1.11708
v 32.231 58.841 -1.0718
v 31.7769 59.0515 -1.21294
v 31.5392 58.3853 -1.17337
v 32.215 58.4065 -1.05327
v 31.8106 58.307 -1.1936
v 28.5822 62.7971 -1.39743
v 28.8521 63.1059 -1.33467
v 28.7947 61.9814 -1.28376
v 28.54 63.2569 -1.31517
v 30.1126 61.1941 -1.28635
v 29.5617 60.7475 -1.26549
v 29.5411 62.5215 -1.36172
v 29.1881 61.0291 -1.28012
v 28.888 60.2464 -1.26017
v 28.5939 61.0863 -1.26257
v 28.1374 60.963 -1.28994
v 30.7053 60.4259 -1.25209
v 30.1287 60.4254 -1.28745
v 30.6657 61.0641 -1.2777
v 30.0126 60.1678 -1.26802
v 29.2927 60.1927 -1.23363
v 30.1536 60.8084 -1.26634
v 30.6344 59.4846 -1.209
v 31.4218 60.3995 -1.24477
v 31.6441 62.219 -1.30464
v 33.1507 62.4478 -1.16298
v 31.564 61.4668 -1.29616
v 31.9427 61.2149 -1.1881
v 27.8834 61.4163 -1.28327
v 28.136 61.286 -1.27642
v 29.4362 63.1926 -1.32573
v 28.0797 62.9827 -1.34253
v 29.7032 59.9727 -1.22559
v 31.5637 60.222 -1.26093
v 31.9444 60.8423 -1.16643
v 32.1071 60.3472 -1.11426
v 32.8596 61.8868 -1.16513
v 33.2572 60.9295 -1.12262
v 30.6844 62.6766 -1.4058
v 31.6492 59.7991 -1.21543
v 31.8203 59.3659 -1.20413
v 30.8046 59.4558 -1.21448
v 32.1839 59.5756 -1.0791
v 35.5477 61.2086 -0.224824
v 35.495 62.3049 -0.916736
v 34.2316 62.1345 0.253046
v 32.6847 59.9776 -1.08392
v 35.5623 61.1615 -0.91805
v 35.5129 61.878 -1.10618
v 32.2324 59.4308 -1.09373
v 32.2025 59.004 -1.0702
v 33.0738 59.9676 -1.08717
v 32.5787 59.2885 -1.06583
v 32.6145 60.4459 -1.09539
v 33.4222 61.1897 -1.13127
v 33.2561 60.4785 -1.0781
v 35.6653 61.6367 -0.258893
v 35.6368 61.62 -1.07296
v 35.3866 62.0682 -0.911607
v 29.2192 60.9516 -1.28958
v 29.2733 61.6999 -1.29314
v 29.5649 61.699 -1.29936
v 28.9776 61.1276 -1.30156
v 28.359 64.5917 -1.38598
v 29.0337 64.0362 -1.24785
v 28.8883 62.9597 -1.3293
v 29.2307 62.891 -1.34759
v 29.4076 63.9104 -1.3667
v 30.4047 61.5699 -1.29533
v 30.074 60.5813 -1.24159
v 29.833 61.407 -1.2951
v 28.4648 61.944 -1.31776
v 28.8329 61.7159 -1.33903
v 28.7449 61.4235 -1.30293
v 30.149 62.7351 -1.37645
v 30.9973 62.7583 -1.34382
v 30.2752 63.2571 -1.32987
v 31.4704 62.2971 -1.26533
v 31.5867 63.695 -1.41044
v 32.017 63.1753 -1.18732
v 27.4834 64.3251 -1.39907
v 28.0026 63.5028 -1.36453
v 27.4661 63.3408 -1.42259
v 27.9556 64.2574 -1.35709
v 27.9723 62.304 -1.33004
v 32.1164 62.6454 -1.22294
v 31.9071 61.2666 -1.22347
v 31.3367 60.7187 -1.22614
v 30.9092 61.0171 -1.2984
v 31.7724 60.8114 -1.19371
v 28.2311 61.4455 -1.29571
v 27.7469 62.0181 -1.31475
v 31.6346 62.1527 -1.37184
v 32.9963 62.5238 -1.19444
v 28.5848 61.1729 -1.283
v 32.0797 60.9327 -1.12171
v 31.0719 60.2621 -1.25114
v 31.4761 60.2137 -1.23772
v 29.6238 63.0336 -1.32721
v 29.8196 63.3991 -1.33153
v 31.9248 60.6345 -1.16557
v 29.5381 60.9483 -1.26047
v 35.3933 62.3165 -0.72611
v 31.57 63.6723 -1.39494
v 31.4784 65.582 -1.41573
v 32.0737 64.5897 -1.27472
v 29.5697 61.998 -1.30472
v 29.7893 62.7829 -1.28966
v 26.984 67.3806 -1.51721
v 26.2801 67.1134 -1.69195
v 26.029 68.4414 -1.44839
v 29.9339 63.1123 -1.30843
v 27.4569 63.7258 -1.40562
v 27.0726 64.7905 -1.38096
v 27.4839 64.9661 -1.43147
v 30.4034 63.5479 -1.35783
v 30.4587 62.3526 -1.3116
v 29.8506 61.8673 -1.31391
v 28.7218 63.0945 -1.36745
v 28.5557 62.4927 -1.35153
v 28.3057 62.6681 -1.3384
v 28.0631 62.5128 -1.33299
v 27.9343 63.1448 -1.34918
v 26.7394 68.5284 -1.55877
v 27.217 69.2271 -1.57751
v 27.6171 62.7441 -1.34385
v 28.1833 63.5402 -1.39954
v 27.969 64.1484 -1.41077
v 28.3512 63.793 -1.37245
v 28.7507 64.0288 -1.36016
v 31.9869 63.0939 -1.284
v 31.5819 62.2192 -1.34553
v 30.7609 62.0335 -1.317
v 31.5904 62.0745 -1.33392
v 32.6732 62.727 -1.19016
v 32.0774 61.6627 -1.15853
v 29.0156 64.1632 -1.35879
v 29.4531 63.2521 -1.32641
v 29.052 62.1649 -1.31125
v 29.1732 62.0668 -1.30254
v 35.5396 64.1285 -1.0018
v 35.3002 63.4066 -1.09076
v 35.3412 64.0477 -1.17124
v 31.5035 61.3266 -1.26848
v 31.8606 61.3701 -1.1672
v 33.2337 62.4573 -1.18137
v 32.7623 61.7694 -1.14006
v 35.649 62.8019 -0.975004
v 33.9244 62.0507 -1.14852
v 31.9093 61.2505 -1.22087
v 32.289 61.1726 -1.14038
v 31.9344 60.9972 -1.19672
v 35.7473 65.4444 -1.31459
v 35.398 66.4719 -1.24457
v 35.5781 66.878 -0.309585
v 27.294 69.4303 -1.58282
v 27.5277 67.1461 -1.48882
v 26.7541 65.7947 -1.5105
v 27.4731 65.4398 -1.44486
v 27.4927 64.8517 -1.43968
v 27.969 64.6452 -1.39547
v 27.8208 64.1762 -1.38649
v 31.5417 64.4609 -1.40041
v 31.4547 65.944 -1.42444
v 32.1691 66.263 -1.38321
v 30.6118 64.5063 -1.39692
v 29.9151 64.482 -1.36959
v 30.5523 65.5758 -1.42511
v 29.7982 63.4052 -1.32961
v 28.8709 63.1892 -1.34217
v 29.2816 63.7653 -1.36991
v 28.5665 63.4112 -1.35309
v 29.0544 64.3204 -1.34456
v 29.6235 62.5902 -1.22961
v 29.4383 63.3128 -1.33293
v 30.3168 63.2953 -1.35623
v 33.0747 65.348 -1.29332
v 32.1155 64.6956 -1.23839
v 31.8881 63.866 -1.24577
v 30.8652 62.9441 -1.34571
v 27.4892 64.3175 -1.39832
v 27.9791 63.3278 -1.353
v 28.0764 63.8319 -1.3471
v 28.4197 69.7584 -1.58207
v 27.7225 68.5399 -1.53474
v 28.4393 64.1272 -1.37778
v 28.4966 64.7531 -1.40883
v 28.1401 63.5507 -1.3636
v 28.9933 66.0245 -1.43467
v 31.9783 63.1059 -1.16512
v 31.3378 62.6929 -1.31987
v 29.2984 62.9118 -1.36204
v 29.4759 64.2766 -1.37316
v 31.1604 62.3211 -1.28768
v 31.9426 62.9127 -1.25792
v 32.0881 62.5319 -1.19106
v 29.1471 63.0115 -1.32188
v 32.5923 62.9373 -1.22176
v 32.7227 62.5126 -1.17237
v 33.0242 62.614 -1.1408
v 31.5567 62.0559 -1.30352
v 31.9627 62.0972 -1.22036
v 29.9489 66.6338 -1.45106
v 29.3168 65.69 -1.41083
v 29.3536 66.3369 -1.42817
v 27.7327 67.9045 -1.56264
v 27.9624 64.4872 -1.37855
v 27.9999 64.0876 -1.38452
v 28.6737 66.8226 -1.52088
v 29.4435 63.3994 -1.33688
v 29.4697 64.2405 -1.36712
v 31.5573 65.0842 -1.43597
v 32.0275 64.7252 -1.26352
v 30.7876 63.5271 -1.34542
v 32.4073 65.4581 -1.25335
v 25.9819 69.0607 -1.60122
v 32.1753 64.1558 -1.24206
v 31.5584 63.3265 -1.36251
v 28.6639 64.4563 -1.4117
v 28.3445 66.019 -1.44088
v 28.8664 63.7617 -1.36558
v 32.9169 64.4048 -1.24312
v 32.9078 63.776 -1.21989
v 31.4975 63.0259 -1.32199
v 31.8906 62.7759 -1.20239
v 31.0347 62.8812 -1.31271
v 32.0205 63.1298 -1.19544
v 35.3646 65.3142 -1.18386
v 35.4711 65.9438 -1.07777
v 35.4224 65.0465 -0.536761
v 32.08 62.8648 -1.19772
v 35.3603 64.9007 -0.0271848
v 35.2339 64.5027 -0.190661
v 29.8054 67.1318 -1.44674
v 29.9616 66.6641 -1.4637
v 29.6129 66.6477 -1.48719
v 30.2112 67.297 -1.46907
v 25.3792 68.8538 -1.62157
v 25.9224 67.7712 -1.51245
v 26.7767 66.6645 -1.48325
v 26.9033 65.8186 -1.4493
v 26.4218 66.582 -1.51252
v 27.448 65.8026 -1.4812
v 27.4089 66.4365 -1.52926
v 28.0688 66.3585 -1.4659
v 28.0993 65.5057 -1.4099
v 27.3531 67.0936 -1.5229
v 30.366 66.1494 -1.44424
v 29.4841 65.1671 -1.41472
v 28.6107 65.5742 -1.43356
v 29.0328 65.237 -1.39762
v 28.7898 64.8595 -1.39171
v 28.9824 66.0063 -1.42126
v 29.318 64.614 -1.38155
v 28.8855 64.7054 -1.37243
v 29.8091 65.049 -1.39665
v 29.6821 64.536 -1.37782
v 30.242 65.1862 -1.42041
v 31.5229 66.0753 -1.46943
v 29.9293 64.5079 -1.3753
v 30.6336 65.1 -1.39323
v 30.1167 64.3598 -1.37776
v 30.939 64.8743 -1.38577
v 32.0332 66.623 -1.33827
v 32.0013 65.9539 -1.30921
v 32.6588 66.3955 -1.34094
v 30.5359 64.2381 -1.36413
v 27.3601 65.2524 -1.42082
v 27.8039 65.0337 -1.38447
v 32.01 65.1803 -1.2676
v 26.9585 67.4951 -1.56052
v 35.5403 68.0239 -1.16942
v 35.4774 68.1411 -0.346598
v 35.9167 68.0354 -0.181096
v 35.7405 66.8682 -0.812004
v 35.6643 66.5303 -0.098315
v 28.4635 69.4803 -1.6007
v 27.7408 68.501 -1.50862
v 31.4917 64.6011 -1.36073
v 30.8062 64.2455 -1.36114
v 33.7047 66.171 -1.23213
v 33.0281 65.3157 -1.27252
v 32.0131 64.5893 -1.24073
v 28.4507 64.8903 -1.39749
v 28.2483 65.5219 -1.3975
v 36.1968 67.9228 0.911779
v 35.8067 67.9618 -0.167396
v 35.486 68.4013 -1.1706
v 36.183 68.6955 0.573008
v 25.9967 69.1206 -1.54024
v 26.5394 68.732 -1.50067
v 26.3336 68.5558 -1.56072
v 28.0509 67.684 -1.44058
v 27.4839 68.7742 -1.50474
v 28.4543 69.3388 -1.56178
v 29.588 66.6116 -1.47102
v 29.9287 66.667 -1.4275
v 29.545 66.054 -1.44101
v 28.5708 66.9864 -1.43626
v 27.9225 66.792 -1.44704
v 25.7282 69.0186 -1.57059
v 26.0223 68.2918 -1.52266
v 29.3071 65.8364 -1.4384
v 28.8204 66.292 -1.4522
v 30.3542 66.1528 -1.45288
v 29.7509 65.4364 -1.40354
v 30.8578 67.3346 -1.48053
v 32.0129 68.6204 -1.39805
v 31.7257 67.352 -1.46608
v 32.3982 68.2036 -1.36546
v 30.5345 66.0771 -1.42188
v 26.392 66.7337 -1.56468
v 26.4644 67.006 -1.45451
v 26.7818 66.5422 -1.51133
v 26.7205 68.5824 -1.59981
v 27.4218 66.0029 -1.465
v 26.8413 66.6573 -1.43542
v 27.2631 66.6687 -1.46198
v 32.0765 66.9271 -1.34226
v 33.0804 68.1126 -1.4099
v 27.3657 66.993 -1.47915
v 27.1936 68.3962 -1.54405
v 27.7227 67.8123 -1.52856
v 27.8843 65.9166 -1.44364
v 28.976 67.0683 -1.44553
v 28.654 66.7358 -1.49752
v 28.5071 65.7363 -1.42
v 28.0531 66.3518 -1.45472
v 33.2614 67.5675 -1.35478
v 32.0532 66.2968 -1.32931
v 31.4517 66.034 -1.42549
v 32.0199 65.7917 -1.30088
v 30.5394 65.4668 -1.40386
v 28.7923 65.699 -1.4213
v 32.9839 66.442 -1.28881
v 28.847 68.7851 -1.57187
v 28.6045 69.4864 -1.50958
v 29.2348 69.4519 -1.53876
v 29.1264 67.8615 -1.4963
v 28.584 67.4342 -1.45426
v 28.7699 67.0058 -1.48299
v 29.3498 67.4191 -1.51396
v 30.4843 68.8865 -1.50553
v 30.0749 67.5584 -1.49452
v 29.6345 68.1673 -1.48922
v 32.0337 70.5773 -1.41568
v 33.135 70.0387 -1.43858
v 32.0123 69.2777 -1.4475
v 28.0571 67.7504 -1.50531
v 27.7771 68.3609 -1.42325
v 26.4746 67.6537 -1.50705
v 26.2233 68.1039 -1.52662
v 26.3925 68.4304 -1.52432
v 27.0725 68.8471 -1.51732
v 26.5081 68.7023 -1.52066
v 26.3343 70.2476 -1.64372
v 31.9441 68.3966 -1.36561
v 31.5951 68.8852 -1.62756
v 26.701 68.4671 -1.60437
v 27.1404 68.2626 -1.53699
v 27.4832 68.6309 -1.51449
v 27.4477 69.6928 -1.53434
v 27.5629 67.8931 -1.54832
v 27.2459 67.3137 -1.4937
v 27.5769 67.1172 -1.46703
v 27.9419 67.4319 -1.48861
v 28.0159 69.749 -1.58073
v 28.1791 67.0941 -1.47631
v 35.4738 70.1983 -1.39597
v 35.1987 70.7513 -1.34104
v 35.3454 70.2937 -1.2195
v 31.7535 67.2941 -1.51581
v 32.5408 67.9001 -1.35272
v 31.9622 67.0265 -1.31835
v 31.4378 66.6484 -1.44333
v 32.1108 66.7646 -1.33507
v 25.7411 72.3453 -1.71601
v 26.7492 72.8084 -1.69621
v 26.5055 72.3085 -1.70437
v 26.9813 73.7947 -1.69366
v 29.4696 71.2747 -1.6706
v 30.4597 71.7396 -1.57775
v 29.7554 70.2696 -1.59248
v 27.336 72.5283 -1.71036
v 29.1232 70.2391 -1.59693
v 26.2302 70.8854 -1.62596
v 28.7516 70.4501 -1.5682
v 29.2713 68.8539 -1.53195
v 25.7475 70.5161 -1.65319
v 25.5009 71.7878 -1.67165
v 26.5214 69.6114 -1.57952
v 28.6416 68.8583 -1.54656
v 29.1797 68.1381 -1.52822
v 29.7332 69.0384 -1.54665
v 28.6555 68.2098 -1.51279
v 28.4064 68.2567 -1.52343
v 29.9451 69.3647 -1.55192
v 30.3319 69.4582 -1.57877
v 25.9136 69.3848 -1.57455
v 25.0312 70.9228 -1.64534
v 26.5958 69.0325 -1.61968
v 26.3178 69.1745 -1.58644
v 29.8356 68.6142 -1.55344
v 29.6405 68.1753 -1.50032
v 30.4642 68.5535 -1.50681
v 26.2266 68.739 -1.53424
v 26.2866 69.0834 -1.62723
v 28.4682 69.2264 -1.58119
v 27.769 69.1066 -1.54011
v 27.0477 68.8428 -1.57962
v 31.6747 69.9463 -1.56994
v 30.5566 67.8352 -1.49034
v 26.745 69.6025 -1.63981
v 32.1078 70.6916 -1.44524
v 31.9497 69.6979 -1.43418
v 32.6219 69.5148 -1.42439
v 31.6994 68.6302 -1.54077
v 32.6331 70.1428 -1.40311
v 27.365 69.815 -1.5657
v 28.0324 69.7562 -1.58233
v 27.9216 69.5476 -1.61748
v 26.5771 70.5104 -1.6097
v 27.3704 69.1635 -1.58073
v 27.4675 68.5968 -1.51988
v 27.6058 68.5164 -1.55491
v 35.219 70.9749 -1.35718
v 35.2679 71.5453 -1.23186
v 35.2342 71.0207 -0.674391
v 31.9835 68.4329 -1.38454
v 31.0253 67.9748 -1.50573
v 28.7937 71.29 -1.64164
v 35.124 70.3438 -1.31127
v 29.2602 69.4455 -1.58817
v 28.5615 69.6263 -1.5734
v 28.9964 69.7623 -1.56191
v 29.7137 75.2568 -1.72437
v 30.5874 74.1017 -1.7198
v 29.3426 73.5946 -1.62688
v 31.3883 75.1928 -1.77576
v 31.0356 73.2043 -1.73774
v 28.7821 71.2838 -1.64994
v 29.413 71.2826 -1.6394
v 28.7694 70.5658 -1.59018
v 24.6143 73.0384 -1.70426
v 25.5235 71.8534 -1.68562
v 24.7598 72.3323 -1.72239
v 28.2977 70.3713 -1.58519
v 29.1243 70.2969 -1.63332
v 27.8238 71.1012 -1.66334
v 27.7777 70.5178 -1.6445
v 30.8129 71.9579 -1.61758
v 29.907 71.6805 -1.65673
v 29.503 70.5134 -1.64285
v 29.7061 70.0063 -1.56753
v 25.9406 72.0797 -1.67305
v 26.4956 72.207 -1.70327
v 26.2342 70.9527 -1.64038
v 26.0065 72.6441 -1.67343
v 25.6728 70.9439 -1.66088
v 32.0863 72.5153 -1.65176
v 28.5296 73.0555 -1.69065
v 29.2455 74.8098 -1.65556
v 24.9792 73.0182 -1.74214
v 28.2115 72.0962 -1.69771
v 25.8913 72.6396 -1.70078
v 25.8732 70.9179 -1.67416
v 26.3529 70.1684 -1.63119
v 29.6588 69.5102 -1.57082
v 26.6882 70.1148 -1.62331
v 26.963 70.3873 -1.56641
v 30.0275 70.0769 -1.59869
v 30.9425 71.0557 -1.60544
v 32.0106 71.5315 -1.49045
v 30.6281 69.904 -1.58871
v 26.7528 72.8378 -1.73494
v 27.3418 71.6294 -1.68432
v 26.5954 72.3144 -1.78135
v 27.0273 70.0849 -1.61161
v 27.7182 69.783 -1.59239
v 28.0265 69.8117 -1.60766
v 27.3759 70.4596 -1.6008
v 27.063 73.1507 -1.76146
v 26.7144 75.408 -1.81072
v 27.8038 74.0487 -1.76215
v 29.8744 69.4048 -1.54413
v 31.7774 71.1356 -1.61633
v 32.0691 70.7496 -1.43686
v 31.4574 70.1869 -1.61685
v 35.4204 72.0954 -1.43608
v 35.1983 72.5293 -1.42819
v 35.2693 72.4147 -1.04496
v 28.9163 72.7508 -1.68961
v 29.1533 76.2416 -1.83632
v 28.0551 75.2391 -1.64135
v 30.3151 71.1565 -1.59858
v 29.9752 71.361 -1.67772
v 30.8658 71.5652 -1.64261
v 28.5827 70.7474 -1.6533
v 28.5836 71.4264 -1.68464
v 28.8965 70.6512 -1.63574
v 29.2553 72.162 -1.6248
v 31.0327 75.8133 -1.77815
v 30.1207 73.9707 -1.69043
v 24.1718 73.9498 -1.75733
v 25.0159 73.186 -1.751
v 24.6185 73.0686 -1.71364
v 24.6524 74.5335 -1.81502
v 27.35 71.6925 -1.68973
v 26.9169 71.4174 -1.64657
v 27.8319 71.0765 -1.65262
v 28.1391 70.6273 -1.63585
v 32.1564 75.6896 -1.71315
v 29.5537 70.5142 -1.69088
v 25.5131 73.5582 -1.74522
v 26.1483 71.9524 -1.68707
v 25.6185 71.7195 -1.70401
v 25.9517 72.7013 -1.6829
v 26.2603 72.2997 -1.673
v 29.4236 71.941 -1.6567
v 30.0056 71.8049 -1.71726
v 26.25 70.9827 -1.67616
v 31.0431 73.1753 -1.73466
v 25.6423 74.3096 -1.74888
v 26.2454 71.9968 -1.72802
v 26.8572 70.7582 -1.63135
v 26.7944 73.2292 -1.67122
v 27.0687 73.0451 -1.72518
v 27.7975 72.0786 -1.69166
v 32.3209 72.7656 -1.59451
v 32.0657 71.917 -1.53198
v 28.4731 72.2574 -1.62743
v 29.0267 72.1919 -1.7319
v 28.3488 71.7465 -1.69028
v 28.4677 74.2896 -1.73953
v 24.307 74.473 -1.76026
v 24.9958 73.4513 -1.72738
v 24.3904 73.8608 -1.76431
v 29.4531 73.9053 -1.744
v 29.4793 70.5677 -1.63754
v 28.6115 70.9139 -1.61938
v 30.3676 73.9018 -1.74458
v 31.213 73.5729 -1.73068
v 30.0182 72.1324 -1.66813
v 29.7253 71.2476 -1.72468
v 30.0016 71.71 -1.71167
v 30.0443 71.3153 -1.73026
v 26.7923 73.3356 -1.70862
v 27.3381 72.9103 -1.70601
v 26.8122 71.923 -1.65901
v 27.3742 74.2475 -1.78392
v 28.2191 72.1263 -1.66629
v 27.9341 71.5045 -1.65403
v 27.7946 72.17 -1.65733
v 28.5918 71.3744 -1.65376
v 28.4039 70.9603 -1.64542
v 26.2975 74.0729 -1.73122
v 26.6185 72.6717 -1.74958
v 29.4225 72.118 -1.71547
v 25.381 72.661 -1.75031
v 25.6382 71.7222 -1.6843
v 25.0799 72.4095 -1.7436
v 24.4271 74.642 -1.76101
v 25.0757 74.918 -1.78574
v 25.4512 73.277 -1.73638
v 25.9307 72.0718 -1.67688
v 28.8028 71.2092 -1.64633
v 25.9621 72.7494 -1.68819
v 26.1878 72.1574 -1.72262
v 26.2114 71.6922 -1.67202
v 26.0167 71.7057 -1.67825
v 26.9715 71.3999 -1.63741
v 26.6646 71.6895 -1.6736
v 26.6306 72.4125 -1.74611
v 31.3378 72.8482 -1.65883
v 27.1856 71.7265 -1.66724
v 32.1039 72.9745 -1.68182
v 30.8757 71.939 -1.65876
v 27.3445 71.5036 -1.65119
v 27.3885 71.1844 -1.65735
v 27.6858 71.5908 -1.65234
v 32.83 74.5698 -1.77598
v 33.5929 73.9626 -1.63809
v 32.1055 72.5539 -1.6741
v 31.4451 71.7696 -1.64401
v 30.388 71.012 -1.65695
v 31.8724 71.8004 -1.7301
v 29.6644 70.6238 -1.61987
v 31.2344 76.7105 -1.74071
v 29.8026 74.0528 -1.75988
v 29.4527 73.4921 -1.73886
v 24.2744 75.1613 -1.74607
v 24.7372 75.8496 -1.86796
v 24.6781 74.3126 -1.80287
v 28.1873 74.1239 -1.7327
v 28.4297 73.0776 -1.67792
v 27.9269 72.5975 -1.71106
v 29.1028 74.6083 -1.78558
v 28.5304 73.0371 -1.70842
v 28.9344 72.5043 -1.6614
v 31.2795 73.6756 -1.75945
v 29.7579 73.0376 -1.68425
v 27.418 73.6354 -1.75832
v 27.0969 74.154 -1.68341
v 27.5881 72.7388 -1.71515
v 24.1879 74.6536 -1.75963
v 25.4165 72.5721 -1.70967
v 24.9699 73.4785 -1.73672
v 25.4578 73.2664 -1.73577
v 28.4457 72.2717 -1.72761
v 28.4819 71.8198 -1.69899
v 28.1998 72.1144 -1.70475
v 28.8604 72.0499 -1.66101
v 26.2373 72.4184 -1.72092
v 25.9375 72.7775 -1.71231
v 26.2295 72.8858 -1.74846
v 25.767 72.5515 -1.74608
v 28.1465 71.4292 -1.67323
v 27.9346 71.5279 -1.66834
v 28.5247 71.7046 -1.65349
v 28.7743 71.5105 -1.66309
v 28.4175 71.3205 -1.65566
v 24.8388 77.124 -1.87935
v 25.318 75.5607 -1.81757
v 26.0212 74.902 -1.80447
v 25.7708 76.2838 -1.84126
v 25.6685 74.0266 -1.79435
v 29.5449 71.8438 -1.65937
v 29.3429 72.0674 -1.73261
v 29.919 72.4406 -1.66209
v 28.7817 71.2905 -1.66777
v 28.8163 71.4456 -1.72963
v 29.1465 71.4431 -1.70065
v 26.6548 72.2795 -1.66951
v 26.5587 73.3321 -1.73623
v 27.0407 72.9838 -1.72467
v 26.0416 73.5754 -1.71293
v 26.6173 72.556 -1.68258
v 26.6425 75.3624 -1.86482
v 29.1071 71.1315 -1.63801
v 26.9448 72.3215 -1.67737
v 26.7969 71.9786 -1.6923
v 30.9414 73.0942 -1.69255
v 32.0589 73.2041 -1.64781
v 30.6103 72.2802 -1.63159
v 30.0123 71.8517 -1.68023
v 30.0832 72.2773 -1.65118
v 27.3254 72.2379 -1.6908
v 27.3218 73.0792 -1.70023
v 29.5433 71.4344 -1.63332
v 27.965 74.1653 -1.74716
v 27.4455 74.5995 -1.79095
v 29.9203 76.4019 -1.7901
v 28.5058 72.6258 -1.73305
v 28.8068 72.3915 -1.66463
v 28.3428 72.1063 -1.6988
v 28.7248 72.6379 -1.59182
v 27.6131 73.7276 -1.74987
v 28.0302 73.7058 -1.76066
v 28.3415 74.2201 -1.70967
v 27.5614 72.7817 -1.72003
v 27.1853 73.8287 -1.72994
v 27.0287 73.9134 -1.71411
v 27.3285 72.8773 -1.68477
v 28.7569 74.4849 -1.75268
v 28.2481 73.0537 -1.70496
v 25.0024 74.6555 -1.78195
v 24.3604 75.1156 -1.80553
v 24.4673 75.8722 -1.83715
v 27.8095 72.6845 -1.6928
v 23.3941 76.7279 -1.91681
v 26.2188 74.044 -1.78742
v 26.0399 73.5481 -1.72826
v 25.815 73.8404 -1.73194
v 29.7667 75.2072 -1.78868
v 29.2201 74.2904 -1.76603
v 24.7858 75.6517 -1.818
v 25.2949 75.5516 -1.83336
v 25.3812 74.5406 -1.78219
v 24.8923 73.7507 -1.75592
v 24.9618 74.2961 -1.77894
v 25.5088 73.43 -1.73259
v 29.4758 73.8804 -1.74089
v 28.4703 73.0684 -1.70504
v 29.411 73.0014 -1.73553
v 30.0398 73.8867 -1.763
v 30.034 74.251 -1.75243
v 25.5652 73.6119 -1.74504
v 29.8817 73.1015 -1.58246
v 25.7382 76.0349 -1.8102
v 26.3678 76.3498 -1.88494
v 26.6501 75.2625 -1.85041
v 27.0749 72.5781 -1.69574
v 27.0132 73.0106 -1.70203
v 26.6775 72.8209 -1.70678
v 30.4174 74.0941 -1.67463
v 30.7352 73.8617 -1.63783
v 26.5787 73.3389 -1.70144
v 26.7844 73.1627 -1.62973
v 26.2259 72.8989 -1.7056
v 26.5931 72.7963 -1.7033
v 29.7441 72.8152 -1.66782
v 30.4887 72.9934 -1.66056
v 28.9687 72.3801 -1.6462
v 28.8568 72.1004 -1.6827
v 29.2021 72.1536 -1.65263
v 28.9011 71.9694 -1.67295
v 29.195 79.1871 -1.82006
v 30.1239 78.2613 -1.75712
v 29.718 78.7436 -1.82279
v 27.4362 74.664 -1.84037
v 27.7218 75.3917 -1.79614
v 27.935 74.1332 -1.72041
v 26.6237 75.638 -1.80653
v 26.7928 75.1852 -1.77376
v 29.1023 73.3557 -1.69704
v 28.7123 73.1004 -1.6993
v 28.788 73.5175 -1.71358
v 30.0669 73.544 -1.6146
v 30.1084 73.9053 -1.6975
v 30.9164 74.0519 -1.64594
v 28.361 74.9574 -1.75775
v 27.5085 75.266 -1.7845
v 27.1519 76.4216 -1.84763
v 27.1525 74.4854 -1.78745
v 27.3958 74.0876 -1.73034
v 27.3863 73.6222 -1.74862
v 27.079 73.6875 -1.84512
v 27.7664 73.7443 -1.69941
v 27.3812 73.432 -1.74028
v 27.8196 73.4976 -1.72196
v 28.8066 75.5333 -1.78558
v 29.9366 76.4005 -1.79254
v 29.3041 75.03 -1.69831
v 28.3874 74.307 -1.74894
v 27.9861 73.9038 -1.75903
v 29.1967 76.8277 -1.78417
v 29.9807 76.7701 -1.74458
v 31.0426 77.0901 -1.7831
v 28.2136 73.7007 -1.73439
v 26.8678 73.9618 -1.72588
v 26.7757 73.683 -1.73219
v 27.1066 74.4327 -1.83459
v 28.6665 74.331 -1.72623
v 29.81 75.0278 -1.7699
v 28.9257 73.9126 -1.73406
v 27.4895 78.2538 -1.90568
v 27.2122 79.8579 -1.88726
v 28.2722 78.7572 -1.82499
v 29.7601 74.5164 -1.68424
v 29.5142 73.9647 -1.75816
v 27.6869 76.7429 -1.86084
v 30.2704 74.4042 -1.72155
v 29.5192 73.6318 -1.72206
v 28.5821 73.1891 -1.78773
v 31.3063 75.3281 -1.73928
v 32.526 75.9653 -1.76206
v 32.0219 75.2719 -1.72936
v 28.8162 72.9118 -1.68649
v 29.2343 73.2248 -1.71845
v 29.0298 72.8761 -1.67494
v 29.2057 77.9941 -1.90004
v 28.3528 78.5296 -1.92688
v 28.0198 76.7541 -1.8407
v 29.6937 76.8835 -1.80626
v 29.3538 77.3814 -1.80009
v 28.1709 74.9193 -1.70527
v 27.6404 74.8108 -1.7661
v 28.0935 75.479 -1.75232
v 24.3206 78.0921 -1.91656
v 24.3027 79.496 -1.88337
v 24.9741 77.8053 -1.91862
v 23.4853 78.6997 -2.00518
v 27.5742 77.0356 -1.8385
v 26.7312 77.2549 -1.85248
v 27.1269 78.0116 -1.85052
v 24.0923 77.0773 -1.8781
v 24.6974 76.7379 -1.90744
v 24.7615 76.0147 -1.83887
v 27.6602 75.6046 -1.7622
v 27.2876 75.8773 -1.82148
v 28.0398 76.1445 -1.79786
v 27.5396 75.047 -1.74149
v 27.3089 74.722 -1.80148
v 27.0308 74.9543 -1.79898
v 29.1636 76.4336 -1.82724
v 27.4283 74.5238 -1.77592
v 27.7371 74.4484 -1.76905
v 28.1253 74.7801 -1.74896
v 28.686 75.0193 -1.74538
v 29.0609 76.0003 -1.80259
v 29.1742 75.4687 -1.77155
v 28.1379 74.0456 -1.69389
v 28.1189 74.5146 -1.7896
v 28.5574 74.6707 -1.73889
v 28.6994 74.8292 -1.75001
v 28.9751 74.682 -1.77268
v 25.3075 75.4977 -1.83088
v 25.0497 75.8863 -1.83795
v 25.4788 75.6755 -1.8285
v 25.7815 77.5161 -1.8817
v 26.242 76.9432 -1.84598
v 25.9579 76.3057 -1.86034
v 29.8694 75.0266 -1.7205
v 29.7675 75.4375 -1.76857
v 28.7609 74.3221 -1.70823
v 26.1411 78.668 -1.8894
v 25.6599 78.7437 -1.91446
v 26.6728 75.0739 -1.7972
v 26.5684 76.0614 -1.80043
v 26.9351 75.5482 -1.80121
v 27.5313 78.1536 -1.92555
v 28.6406 74.1435 -1.75114
v 28.8018 74.2179 -1.73688
v 29.7483 74.7436 -1.75364
v 30.1025 74.9442 -1.71791
v 30.2634 74.634 -1.60596
v 29.7588 74.59 -1.72005
v 29.0964 74.0314 -1.70081
v 28.9518 73.9914 -1.71586
v 28.1423 76.27 -1.75248
v 27.7396 75.7075 -1.68678
v 27.88 76.4258 -1.7401
v 28.065 75.7426 -1.70259
v 24.8822 78.7403 -1.92657
v 25.5791 78.4932 -1.9425
v 25.7209 77.2372 -1.85037
v 25.0734 79.6574 -1.97476
v 24.9185 78.1154 -1.89572
v 24.7547 77.4605 -1.88244
v 24.3683 78.2351 -1.90587
v 25.2428 77.1644 -1.86399
v 24.8224 80.2767 -1.9505
v 24.2926 79.7518 -1.91992
v 24.114 81.7542 -2.0299
v 27.862 77.1009 -1.72684
v 28.2789 78.325 -1.74469
v 28.6967 77.8549 -1.80405
v 27.5988 78.1643 -1.82156
v 25.6744 76.7336 -1.82257
v 25.6077 77.1043 -1.84536
v 28.309 78.8491 -1.69367
v 29.0436 78.7544 -1.80108
v 26.7976 77.3388 -1.82333
v 27.3259 76.7905 -1.79433
v 26.8754 76.4589 -1.78737
v 27.3641 77.662 -1.857
v 26.2009 76.3533 -1.79451
v 27.3625 76.2679 -1.77102
v 27.1118 75.9589 -1.76008
v 27.4383 76.1258 -1.75841
v 26.1629 76.9238 -1.81726
v 29.3465 77.9441 -1.68513
v 29.8258 79.2428 -1.70996
v 30.1992 78.4608 -1.69514
v 29.5277 77.59 -1.76898
v 28.5027 77.0882 -1.77327
v 28.081 76.7949 -1.76083
v 29.3746 76.6598 -1.69276
v 30.276 77.6526 -1.72475
v 28.8734 76.9551 -1.74309
v 28.2652 75.9241 -1.69509
v 25.0171 77.0801 -1.87005
v 25.1997 76.9494 -1.86222
v 30.5396 77.9478 -1.7225
v 30.2771 77.0367 -1.71386
v 26.7359 76.0877 -1.77193
v 31.3707 77.9238 -1.64488
v 28.6794 75.8301 -1.70432
v 28.5335 75.6269 -1.69652
v 26.1672 78.9193 -1.90287
v 26.5928 77.8611 -1.78428
v 26.1719 78.1175 -1.84486
v 29.5603 76.4709 -1.66307
v 28.9932 75.6398 -1.72412
v 28.8794 75.3214 -1.65115
v 26.4739 76.4428 -1.79837
v 27.18 77.9395 -1.78919
v 30.6843 76.7569 -1.65512
v 29.91 76.2678 -1.61716
v 28.9948 75.8494 -1.73509
v 30.2408 76.0455 -1.60628
v 29.4365 75.6254 -1.65631
v 28.8606 76.4491 -1.71216
v 29.604 76.914 -1.67679
v 28.4371 76.685 -1.78869
v 30.4422 77.8543 -1.66899
v 28.2879 77.9696 -1.81333
v 28.0879 78.1173 -1.82223
v 29.3657 79.5806 -1.73399
v 28.9864 78.4635 -1.7805
v 25.8847 80.5865 -1.91968
v 25.4261 79.8402 -1.95172
v 25.4623 81.8073 -2.06937
v 28.9537 77.4956 -1.76291
v 27.8615 76.8695 -1.73487
v 27.6483 77.1457 -1.80705
v 27.6149 76.7205 -1.79752
v 27.3356 76.8173 -1.79565
v 30.0984 78.9152 -1.67088
v 29.6796 76.5561 -1.72967
v 31.1602 77.3421 -1.65372
v 28.2739 76.7156 -1.76647
v 27.3533 77.0926 -1.78503
v 27.1744 77.9511 -1.79069
v 30.4327 76.507 -1.68634
v 29.5007 76.1211 -1.68706
v 32.0174 77.5922 -1.587
v 32.2665 78.3478 -1.54774
v 32.7086 77.9068 -1.63112
v 27.8131 76.6025 -1.78716
v 28.0831 76.3682 -1.78163
v 28.7068 76.1323 -1.68582
v 28.9969 76.2761 -1.70602
v 26.5955 77.9865 -1.83244
v 27.4477 78.4249 -1.75477
v 29.0562 75.8468 -1.65622
v 29.9844 78.1097 -1.60912
v 30.3636 77.7812 -1.63361
v 29.5084 77.6253 -1.7355
v 29.3692 79.5804 -1.73833
v 28.9167 78.7454 -1.78138
v 28.1942 77.6602 -1.73675
v 27.8144 78.166 -1.82049
v 32.4636 80.4342 -1.59643
v 31.9053 78.9099 -1.62672
v 31.6506 79.9203 -1.7114
v 29.8323 77.1215 -1.67418
v 31.3668 77.8793 -1.68636
v 32.252 78.8862 -1.50171
v 25.0025 79.3914 -1.94267
v 24.8477 80.229 -1.93824
v 25.4563 79.6976 -1.91201
v 24.6541 79.6799 -1.94874
v 26.1888 78.2865 -1.86864
v 25.8617 78.8685 -1.85938
v 26.1971 78.8243 -1.87707
v 25.7489 78.5509 -1.88352
v 26.6403 78.797 -1.863
v 26.289 78.4195 -1.86131
v 29.1202 78.0663 -1.74118
v 27.7754 77.263 -1.77163
v 28.9337 77.5868 -1.75142
v 28.5651 77.6867 -1.77978
v 28.4915 77.351 -1.7502
v 27.3178 77.3785 -1.80069
v 28.0906 77.2121 -1.76266
v 28.9243 76.9007 -1.67321
v 28.9867 77.1874 -1.68983
v 29.2487 76.9858 -1.73089
v 24.2384 80.7039 -1.95052
v 24.9777 80.8831 -1.89781
v 24.7229 82.2559 -1.99262
v 29.1302 77.4086 -1.67652
v 25.3907 78.3932 -1.89928
v 32.3588 81.2126 -1.58089
v 33.1311 79.8648 -1.61302
v 26.8599 77.9703 -1.83033
v 27.2689 78.4402 -1.79296
v 29.7139 77.1829 -1.6784
v 26.7651 79.914 -1.8962
v 27.1108 77.8392 -1.78602
v 26.7623 77.8068 -1.82955
v 27.1054 77.5061 -1.82111
v 27.33 78.2273 -1.83018
v 27.48 78.3472 -1.77412
v 29.1573 78.0411 -1.70835
v 29.0663 78.6563 -1.79601
v 28.7475 78.6451 -1.81614
v 29.3955 79.2142 -1.8198
v 30.1688 79.8912 -1.73994
v 30.2671 79.0713 -1.75619
v 30.2169 79.6302 -1.71098
v 31.4846 79.8958 -1.71623
v 29.6272 77.7554 -1.72285
v 30.6382 78.1971 -1.7754
v 28.0979 78.5137 -1.81172
v 27.848 78.7319 -1.8811
v 28.4463 79.2418 -1.83435
v 27.9373 78.2057 -1.7871
v 27.7794 78.0926 -1.81276
v 27.4746 78.5549 -1.83124
v 29.2444 79.721 -1.86241
v 28.4358 77.8742 -1.76495
v 28.7455 77.7743 -1.72765
v 27.3399 78.1324 -1.83116
v 29.3105 77.8256 -1.72028
v 29.4489 78.0262 -1.66277
v 31.3907 78.9451 -1.6835
v 32.6955 80.652 -1.67539
v 32.8189 79.8747 -1.60206
v 27.3025 79.4423 -1.87623
v 27.8032 79.4528 -1.83925
v 27.2093 78.6793 -1.85364
v 26.5979 82.7526 -1.9099
v 27.2393 83.2844 -1.89593
v 26.9556 81.2817 -1.9415
v 26.1404 79.3452 -1.88395
v 25.8651 80.0381 -1.94306
v 26.2928 80.251 -1.9377
v 28.5721 79.9813 -1.84963
v 27.9052 79.4004 -1.83385
v 28.0642 79.9193 -1.84027
v 28.0529 78.6125 -1.79974
v 27.3429 78.6432 -1.84693
v 29.5239 78.7047 -1.75729
v 29.9121 79.4247 -1.78206
v 28.94 78.7522 -1.77425
v 29.1944 79.7457 -1.86396
v 28.8701 79.2049 -1.88218
v 26.1816 82.0141 -1.9805
v 25.8885 82.1474 -1.95371
v 26.0004 82.7062 -2.02419
v 26.1198 80.6858 -1.94212
v 25.4251 81.1985 -1.97604
v 26.7653 79.8891 -1.90546
v 27.3179 80.2753 -1.8701
v 28.9031 78.3772 -1.73893
v 27.3592 79.4756 -1.88954
v 27.8865 80.2726 -1.86989
v 25.0673 82.8263 -2.01267
v 28.7159 78.647 -1.78469
v 29.5961 80.0115 -1.78576
v 30.549 80.2044 -1.69732
v 24.9434 81.0208 -1.9506
v 25.2871 80.3807 -1.93983
v 24.7287 80.5756 -1.96594
v 24.448 81.6929 -1.99315
v 25.4726 79.6912 -1.91201
v 25.9732 79.5853 -1.90107
v 26.316 78.9168 -1.89566
v 26.5679 79.3056 -1.88068
v 25.8 79.1473 -1.91737
v 25.6849 82.8652 -1.99773
v 30.6792 79.1289 -1.68548
v 30.5841 78.8013 -1.7261
v 30.2839 79.1 -1.77417
v 30.8155 79.1079 -1.71877
v 26.6815 78.816 -1.85792
v 26.9771 78.951 -1.84975
v 27.0048 79.1342 -1.86283
v 27.6221 79.0175 -1.83417
v 29.6169 79.1642 -1.76982
v 30.4174 79.4782 -1.72331
v 30.5018 79.8371 -1.68209
v 31.1443 79.9103 -1.69193
v 27.3017 80.6272 -1.89103
v 27.2397 82.1067 -1.91143
v 27.9163 82.1168 -1.88456
v 29.8647 79.6389 -1.71823
v 30.0825 80.2203 -1.75884
v 29.0201 79.348 -1.92039
v 29.6175 80.0792 -1.86042
v 29.8146 80.2478 -1.73204
v 29.2817 79.1219 -1.77856
v 30.0197 79.0587 -1.65588
v 26.7114 81.628 -1.92777
v 26.7535 80.6474 -1.88924
v 27.3448 79.9532 -1.88123
v 27.6685 79.9832 -1.85211
v 30.1327 79.6213 -1.74946
v 29.4961 79.6649 -1.67946
v 30.4474 79.9886 -1.72965
v 26.2407 81.9899 -1.95989
v 26.4878 80.7578 -1.91504
v 26.0985 81.2238 -1.93431
v 26.2158 80.6048 -1.9212
v 25.569 81.7376 -1.97385
v 25.6663 82.8396 -2.02351
v 32.1519 80.8735 -1.68255
v 32.2929 81.2019 -1.74239
v 32.6052 81.4155 -1.60554
v 26.3386 82.3583 -1.96154
v 26.9254 81.7769 -1.91983
v 26.6088 82.9821 -1.96215
v 27.3027 81.7737 -1.91309
v 27.2364 82.8768 -1.90517
v 28.1727 82.8433 -1.89102
v 25.1896 82.5939 -1.99913
v 25.5794 83.3805 -2.00501
v 25.8605 82.1948 -1.90381
v 24.7177 83.9056 -2.01899
v 24.7387 84.9291 -2.03452
v 27.2477 84.8852 -1.92096
v 28.2524 84.0868 -1.89373
v 27.1937 83.6888 -1.88648
v 28.7221 82.8237 -1.8741
v 28.2026 82.8589 -1.8768
v 28.676 83.9559 -1.87359
v 28.3448 82.3449 -1.87355
v 25.9014 83.5413 -2.00772
v 25.6642 83.2383 -1.9713
v 25.6117 84.1707 -2.02636
v 26.0688 82.556 -1.94189
v 27.9281 82.0302 -1.84585
v 27.8618 82.7975 -1.88622
v 28.2397 81.799 -1.83505
v 29.1205 83.7337 -1.88403
v 29.3725 82.9512 -1.85865
v 29.7612 83.8883 -1.88281
v 28.8016 81.9589 -1.82064
v 29.3627 82.1929 -1.83208
v 30.1174 83.7442 -1.84436
v 29.9318 83.0204 -1.84545
v 28.9953 81.3848 -1.8074
v 24.8353 84.3383 -2.06061
v 29.5798 81.7268 -1.79535
v 29.4367 81.2687 -1.78613
v 27.271 83.3709 -1.92843
v 27.2924 82.1097 -1.86797
v 26.9466 82.95 -1.93607
v 25.6829 82.5081 -1.97342
v 25.2758 83.4388 -2.02301
v 26.3804 81.9677 -1.90672
v 32.0771 84.4206 -1.73329
v 32.1621 83.3559 -1.74865
v 30.9997 83.0393 -1.75099
v 26.256 82.6812 -1.92703
v 26.6701 82.0202 -1.91122
v 26.3108 84.1975 -2.00948
v 25.77 84.996 -2.06453
v 26.6324 82.9785 -1.94056
v 25.4647 86.2476 -2.08509
v 26.0512 86.0778 -2.06472
v 32.1551 82.9173 -1.72855
v 31.3663 82.8072 -1.80327
v 32.8805 83.667 -1.67353
v 26.6794 82.1761 -1.89259
v 26.9854 81.753 -1.88887
v 26.6821 85.2143 -2.00169
v 27.1188 82.1624 -1.89063
v 27.2806 81.6844 -1.89776
v 27.5875 82.0992 -1.86917
v 27.84 84.6031 -1.92826
v 27.6518 81.6255 -1.87763
v 26.5829 83.1847 -1.92756
v 26.8199 82.6139 -1.90805
v 26.564 82.6675 -1.92589
v 25.6763 83.9881 -1.98079
v 24.94 85.5668 -2.09997
v 25.5891 85.1744 -2.04123
v 25.8264 84.75 -2.05889
v 25.4346 86.4032 -2.12818
v 26.0828 86.0347 -2.06957
v 32.2623 84.9814 -1.70122
v 32.0532 85.629 -1.75784
v 33.908 85.3156 -1.69242
v 26.4315 84.1782 -1.97052
v 27.1146 83.7821 -1.95484
v 26.6788 85.1981 -1.98756
v 27.2101 84.7286 -1.95821
v 27.2316 82.9605 -1.86405
v 27.2171 83.7947 -1.92743
v 27.6189 83.2533 -1.90535
v 28.5478 86.336 -2.00991
v 29.3885 86.2825 -2.00091
v 28.4316 84.9502 -1.95479
v 27.7891 85.268 -1.97522
v 27.2283 84.6717 -1.95286
v 27.2443 85.7079 -2.02243
v 26.309 84.7104 -1.98431
v 25.5431 84.5594 -2.0353
v 25.5805 84.9126 -2.0437
v 25.7274 84.7596 -2.0273
v 28.1934 86.8888 -1.95412
v 27.0226 83.9759 -1.94599
v 27.447 83.4902 -1.93321
v 27.0869 83.5059 -1.95137
v 30.1227 83.7155 -1.84484
v 30.6073 84.2345 -1.83495
v 30.4249 83.5044 -1.81259
v 25.9983 84.228 -2.00753
v 26.2063 84.4022 -1.99395
v 25.8838 83.8383 -2.00202
v 26.2269 83.6634 -1.97304
v 31.6403 84.807 -1.82824
v 32.1792 84.4516 -1.80041
v 30.6302 83.5286 -1.80395
v 27.1131 84.7569 -1.97967
v 26.5761 84.2729 -1.97788
v 27.0124 86.6141 -2.03145
v 27.3133 84.3801 -1.96826
v 26.6515 87.6775 -2.07298
v 27.2034 86.6273 -2.01086
v 26.7974 85.7971 -2.01921
v 28.831 85.9483 -1.95304
v 28.8869 86.5435 -1.96352
v 29.7903 86.3678 -1.96226
v 30.603 85.6019 -1.85325
v 31.7186 87.0782 -1.76399
v 31.9029 86.3762 -1.78895
v 33.1259 86.1978 -1.71341
v 32.1243 85.2387 -1.69346
v 31.404 85.6012 -1.85961
v 27.1889 85.1049 -1.94988
v 27.6782 85.8575 -1.98252
v 27.4842 84.5086 -1.92685
v 27.1978 86.1015 -2.03137
v 23.9005 89.9361 -2.28241
v 24.7159 90.054 -2.23951
v 24.5057 89.3558 -2.27538
v 28.0709 85.5397 -1.95798
v 28.5398 86.1345 -2.01349
v 28.2921 85.1374 -1.97103
v 28.24 86.95 -2.01583
v 27.7813 86.5152 -2.02126
v 27.628 85.9819 -2.01908
v 28.8505 86.5981 -1.99518
v 28.8354 85.8795 -1.96994
v 24.4874 87.8947 -2.18561
v 25.4429 87.4087 -2.10682
v 25.2336 86.7781 -2.1043
v 26.041 90.0359 -2.22645
v 26.8067 89.0105 -2.15506
v 26.0754 88.2638 -2.09005
v 32.9806 88.4138 -1.83417
v 33.8593 88.042 -1.79076
v 33.3468 87.8168 -1.78545
v 25.4551 89.1752 -2.18619
v 24.9637 88.7487 -2.16277
v 25.994 86.0739 -2.07843
v 26.1344 86.5602 -2.06776
v 26.1648 86.1734 -2.07207
v 26.532 86.5532 -2.05328
v 27.0278 85.8385 -2.02171
v 26.5588 86.0543 -2.05289
v 27.0356 86.7677 -2.02068
v 26.1575 85.737 -2.04219
v 26.6522 85.5178 -2.01191
v 26.4897 85.6922 -2.0348
v 27.2145 85.8809 -2.03753
v 27.1873 86.8314 -2.03942
v 27.4952 85.3217 -1.99343
v 26.9151 85.3306 -2.01513
v 27.2114 85.4743 -2.01337
v 27.8092 85.1285 -1.95163
v 26.9002 86.7572 -2.05401
v 27.6519 86.7201 -2.05371
v 27.6382 86.1463 -2.02544
v 28.2444 87.0073 -2.03654
v 28.1891 86.5721 -2.04662
v 25.8142 88.1598 -2.12956
v 26.4953 87.5078 -2.10409
v 26.1001 87.1337 -2.10068
v 28.2094 86.4306 -2.03044
v 29.0085 87.4215 -2.06225
v 28.8649 86.65 -2.01237
v 31.6418 87.5488 -1.88181
v 31.4745 88.3259 -1.9913
v 32.2928 88.2472 -1.87252
v 26.1108 86.5227 -2.10891
v 26.3948 86.6366 -2.10882
v 26.7241 87.8029 -2.09176
v 27.1746 87.2108 -2.06825
v 27.1608 88.0954 -2.05389
v 27.7106 87.6931 -2.0766
v 28.3865 88.0425 -2.10496
v 28.2169 87.001 -2.05801
v 27.917 87.6881 -2.08473
v 25.6058 89.0496 -2.21015
v 25.3821 88.2995 -2.21555
v 25.0052 88.9735 -2.19197
v 31.2776 88.5743 -2.07266
v 31.908 90.2869 -1.92806
v 32.3978 89.7381 -1.90693
v 24.4221 90.3477 -2.25453
v 25.0256 89.8864 -2.19007
v 25.9556 89.2775 -2.18129
v 25.7008 90.0745 -2.20874
v 26.8063 87.7076 -2.1162
v 26.9104 87.1872 -2.09171
v 26.4837 87.442 -2.11886
v 31.5926 90.1756 -2.02934
v 32.0685 90.8645 -1.95832
v 31.8254 89.948 -1.93633
v 25.9841 89.9596 -2.21016
v 26.2418 88.8029 -2.17475
v 25.649 89.1972 -2.22271
v 27.2145 88.6721 -2.15415
v 27.1004 89.828 -2.11539
v 27.647 89.732 -2.15937
v 27.0984 90.7787 -2.16155
v 28.1468 90.1724 -2.20034
v 27.7199 91.1983 -2.2251
v 28.5224 91.3624 -2.18989
v 28.8181 91.4767 -2.18618
v 29.8032 91.742 -2.24882
v 28.4721 90.6148 -2.19021
v 28.2166 89.2029 -2.14451
v 27.6634 89.5938 -2.17867
v 28.3019 89.0585 -2.13663
v 29.0533 89.7618 -2.18026
v 28.755 88.8713 -2.0997
v 29.5386 89.3439 -2.13366
v 30.5665 90.9141 -2.15574
v 31.902 91.5842 -2.00843
v 31.1835 90.6025 -2.14623
v 29.9919 89.4722 -2.09922
v 32.62 91.5237 -1.98829
v 31.83 90.4246 -1.99189
v 30.3937 89.2509 -2.08494
v 26.7427 89.654 -2.1627
v 26.5192 90.712 -2.21099
v 26.8914 90.5338 -2.19123
v 26.1641 90.4581 -2.21792
v 27.0343 92.6896 -2.30622
v 26.524 93.1612 -2.31702
v 27.0272 94.1858 -2.36202
v 26.0938 89.7987 -2.19586
v 27.4054 90.5784 -2.20635
v 27.2828 89.7454 -2.17198
v 27.1221 89.8433 -2.19818
v 29.2323 90.1964 -2.16339
v 30.0154 91.0826 -2.14191
v 27.9962 90.7002 -2.19427
v 28.468 90.671 -2.19596
v 23.991 93.462 -2.35707
v 24.7523 91.7678 -2.30681
v 23.9972 92.1009 -2.35535
v 31.2202 92.5758 -2.23346
v 31.2186 91.1104 -2.17448
v 31.1737 91.8903 -2.19569
v 32.2248 91.9448 -2.02465
v 29.4176 89.9998 -2.146
v 29.0547 89.5422 -2.13769
v 26.9181 91.4469 -2.23963
v 27.0609 92.4781 -2.23303
v 27.4404 92.0913 -2.22405
v 27.0623 93.399 -2.24847
v 26.5479 93.0578 -2.28305
v 25.2056 95.6918 -2.48083
v 26.0232 93.695 -2.31052
v 25.4307 94.0288 -2.3489
v 26.1174 92.7702 -2.25698
v 31.4307 94.3772 -2.04418
v 31.8013 93.4372 -1.98317
v 30.7046 93.2197 -2.14949
v 24.2319 94.6102 -2.32412
v 24.3562 95.7184 -2.28701
v 24.7981 94.5434 -2.35284
v 31.0602 92.576 -2.09742
v 32.6785 93.2413 -1.95566
v 25.7516 92.7856 -2.29377
v 25.961 94.5324 -2.35025
v 26.4806 94.0513 -2.31527
v 27.0532 92.9089 -2.23961
v 26.8896 94.6461 -2.35699
v 27.3943 94.0744 -2.27354
v 24.1905 95.3666 -2.3765
v 22.9086 96.7758 -2.55143
v 24.505 96.4622 -2.39334
v 24.9563 93.3633 -2.30852
v 24.8584 94.4157 -2.37647
v 25.5987 92.8949 -2.27247
v 24.5196 97.9216 -2.46879
v 26.571 92.9288 -2.24494
v 26.9115 92.2747 -2.23366
v 27.4169 92.8854 -2.24802
v 27.6237 92.0941 -2.20785
v 25.9234 96.0453 -2.40327
v 26.4923 95.5616 -2.34628
v 27.2919 93.4352 -2.25003
v 26.2018 93.216 -2.27866
v 27.7058 93.2675 -2.24383
v 28.1659 94.1405 -2.27043
v 28.0487 93.5371 -2.25561
v 29.0773 94.112 -2.21791
v 24.6656 95.9429 -2.42934
v 24.8699 96.8696 -2.3879
v 25.2598 95.3568 -2.37643
v 31.6846 95.0453 -2.06957
v 31.4497 95.5756 -2.14505
v 32.8034 96.4292 -2.073
v 29.6443 92.544 -2.17617
v 29.5474 92.3309 -2.17884
v 29.2741 92.3105 -2.17465
v 24.1186 97.3833 -2.45795
v 25.8988 97.9 -2.47683
v 25.5345 94.264 -2.35636
v 29.4241 92.6735 -2.18405
v 31.1648 93.5909 -2.19089
v 31.5018 94.4467 -2.08243
v 32.1249 94.4984 -2.0352
v 24.8199 96.5611 -2.44789
v 24.4284 96.0495 -2.44588
v 24.1202 97.4041 -2.43513
v 28.3168 94.3767 -2.24846
v 28.3147 94.0943 -2.26793
v 28.1331 94.1384 -2.25566
v 26.5436 96.442 -2.39463
v 26.4553 94.4862 -2.3261
v 26.5024 95.5636 -2.35328
v 25.5553 94.55 -2.31949
v 25.9112 94.255 -2.34119
v 25.5591 94.2496 -2.34173
v 25.9736 94.5098 -2.32488
v 28.0533 94.892 -2.26383
v 27.6936 93.8867 -2.25741
v 27.6316 93.4562 -2.25832
v 27.3951 94.0851 -2.28708
v 28.6822 94.5656 -2.24402
v 28.6265 93.5753 -2.22146
v 28.2409 93.5623 -2.24236
v 25.6459 96.0257 -2.36411
v 25.2579 97.2183 -2.46209
v 26.1878 94.3688 -2.33933
v 27.0179 94.9222 -2.3535
v 27.1401 93.7608 -2.29791
v 26.4143 94.0479 -2.32942
v 25.6493 96.1569 -2.38286
v 24.8243 96.6858 -2.47097
v 25.3852 96.4522 -2.27068
v 28.0641 96.3694 -2.35695
v 28.4494 96.0107 -2.33343
v 27.8749 95.168 -2.25826
v 26.7408 95.2157 -2.34043
v 26.3252 95.5471 -2.35737
v 26.5369 95.8886 -2.36208
v 28.3064 96.6255 -2.27599
v 28.9326 96.3613 -2.2114
v 31.0606 95.016 -2.19688
v 31.4587 95.6068 -2.09617
v 31.6987 95.3659 -2.06413
v 26.0852 94.7454 -2.36865
v 25.9175 95.1661 -2.35756
v 26.4612 94.5898 -2.33398
v 27.0501 95.26 -2.33787
v 27.2686 94.4347 -2.30954
v 26.9364 94.6364 -2.31299
v 27.6218 96.1138 -2.26595
v 27.7043 96.6378 -2.2482
v 26.0941 97.9382 -2.42085
v 25.8527 97.2411 -2.31389
v 25.4309 98.7932 -2.5041
v 26.4348 97.1216 -2.31789
v 26.6542 96.9039 -2.39767
v 27.1209 96.3135 -2.34059
v 26.8021 95.628 -2.34819
v 28.2626 96.5048 -2.28722
v 28.6161 96.3253 -2.23333
v 28.2 95.941 -2.33867
v 27.414 95.6697 -2.32197
v 28.5923 95.7335 -2.29741
v 27.889 94.9978 -2.2785
v 28.9534 96.3035 -2.23085
v 29.6745 95.9597 -2.20792
v 29.0289 95.4077 -2.26516
v 24.298 97.3997 -2.50383
v 23.785 98.5749 -2.51289
v 24.2525 98.1631 -2.51168
v 24.9853 96.1923 -2.4616
v 24.7584 96.9485 -2.44811
v 25.5905 95.8582 -2.41696
v 29.5036 95.4673 -2.25776
v 28.8226 94.7411 -2.26178
v 26.0393 95.1691 -2.37156
v 25.9334 95.9378 -2.37757
v 29.1618 94.6458 -2.23224
v 26.4121 95.3198 -2.36625
v 26.7732 95.1016 -2.32584
v 27.0568 95.1097 -2.32267
v 27.0304 95.5738 -2.32964
v 27.4797 94.8982 -2.28687
v 32.0659 96.7048 -2.06163
v 32.4222 97.9376 -2.04977
v 33.1235 97.1768 -1.97613
v 29.966 101.72 -1.02833
v 29.7852 101.33 -2.03368
v 29.741 102.053 -2.19597
v 29.8639 101.06 -2.25535
v 30.57 101.004 -1.73537
v 31.0766 100.325 -2.42477
v 24.7797 98.529 -2.49341
v 25.6248 98.0185 -2.41627
v 25.4576 97.0383 -2.41642
v 29.3945 96.0106 -2.24549
v 28.7741 96.3178 -2.27027
v 29.2689 96.574 -2.27363
v 25.8569 96.922 -2.40172
v 25.5943 96.669 -2.3993
v 31.3454 98.3361 -2.21338
v 30.4365 98.4825 -2.26714
v 31.9297 99.3244 -2.1338
v 30.9862 97.1633 -2.27674
v 31.5277 97.7471 -2.14221
v 25.9852 96.7253 -2.37497
v 26.3133 98.757 -2.42538
v 25.7913 98.2965 -2.44383
v 25.8171 99.7505 -2.54849
v 25.9712 97.24 -2.37415
v 26.4112 97.3119 -2.37523
v 26.9555 97.0046 -2.34224
v 26.9073 97.8756 -2.39857
v 26.5966 99.871 -2.49038
v 27.2851 96.8446 -2.32896
v 27.0088 96.5242 -2.36319
v 29.7215 101.657 -1.95829
v 31.3849 100.488 -2.26777
v 31.7745 101.15 -1.65655
v 32.7626 101.985 -2.26685
v 31.3288 98.0262 -2.22324
v 31.4383 98.7438 -2.16608
v 32.5037 99.0591 -2.17055
v 30.7479 101.678 -1.20289
v 31.1163 101.499 -2.19445
v 30.0948 101.255 -2.18361
v 30.6684 100.479 -2.41406
v 31.0699 100.88 -1.99896
v 29.3452 98.2915 -2.36067
v 28.7665 98.2812 -2.38944
v 29.3259 98.8401 -2.36058
v 30.0001 101.367 -1.22502
v 30.2324 100.335 -0.69736
v 31.2447 100.274 -2.39586
v 29.6131 98.6384 -2.35299
v 29.7381 98.1229 -2.3004
v 30.3184 98.9217 -2.32092
v 31.51 100.039 -2.21311
v 31.073 99.0265 -2.34922
v 32.124 99.7376 -2.14878
v 25.3903 99.8243 -2.51708
v 25.6394 100.372 -2.51396
v 25.6351 99.3069 -2.46352
v 31.4393 98.7071 -2.15264
v 25.042 102.23 -2.54878
v 25.8649 102.343 -2.54682
v 26.8244 102.071 -2.53169
v 27.3719 101.156 -2.46809
v 26.823 100.66 -2.49436
v 25.314 101.062 -2.53478
v 24.4776 102.483 -2.645
v 25.2064 102.228 -2.58819
v 31.2975 100.768 -1.33639
v 30.2787 100.787 -1.67563
v 32.3834 100.789 -2.1735
v 31.4836 99.7591 -2.2062
v 30.0746 99.0447 -2.34569
v 29.0257 103.394 -2.48276
v 29.7081 103.147 -1.40966
v 29.2512 102.288 -2.46579
v 27.8389 102.997 -2.53771
v 27.9936 101.333 -2.40943
v 27.455 102.19 -2.48421
v 28.4646 99.8597 -2.42227
v 28.0671 99.2358 -2.39924
v 27.9927 99.5262 -2.41004
v 28.1896 99.9597 -2.41425
v 27.6778 100.189 -2.43365
v 25.3556 100.114 -2.52224
v 24.7186 101.604 -2.55773
v 29.7899 101.822 -2.30399
v 29.7064 101.134 -2.37854
v 27.6065 99.301 -2.40639
v 29.871 102.188 -1.23983
v 30.1577 101.314 -1.18106
v 30.0403 101.24 -2.35122
v 23.9476 102.054 -2.59336
v 24.4739 101.314 -2.59985
v 25.8584 100.718 -2.49288
v 25.6514 100.444 -2.52033
v 30.0746 102.855 -0.939345
v 31.7188 102.104 -1.07611
v 30.9276 101.573 -2.42136
v 29.9132 99.3728 -2.36441
v 29.4903 99.6571 -2.38348
v 29.8789 99.5919 -2.34109
v 25.6262 99.4444 -2.49152
v 25.8519 99.5685 -2.48397
v 31.7884 101.238 -2.22147
v 32.3349 100.963 -2.20853
v 26.0359 100.168 -2.50537
v 26.8289 100.773 -2.52627
v 26.3364 101.152 -2.50429
v 26.8128 102.162 -2.54641
v 26.3405 99.9785 -2.48182
v 26.5077 99.3581 -2.44131
v 32.2896 100.179 -2.1729
v 25.8628 102.536 -2.54391
v 28.6339 101.4 -2.47433
v 31.0024 101.241 -0.976864
v 30.3728 101.507 -1.23381
v 31.5317 102.514 -0.798757
v 31.0563 101.23 -2.19191
v 29.0296 100.993 -2.44276
v 29.8149 101.658 -2.25284
v 29.7262 101.09 -2.39757
v 29.7388 102.798 -1.39288
v 30.1723 103.328 -0.735353
v 29.7419 102.033 -1.32144
v 29.9649 101.414 -1.26322
v 29.8986 101.632 -2.14007
v 30.1532 100.924 -2.39234
v 31.7681 101.141 -1.67094
v 30.7496 101.078 -2.37805
v 31.0857 100.837 -2.415
v 29.046 100.192 -2.38989
v 29.9529 100.278 -2.38643
v 26.7509 104.253 -2.61829
v 27.3426 103.141 -2.51307
v 26.789 102.838 -2.5956
v 26.8304 100.594 -2.49543
v 26.8133 101.085 -2.50164
v 27.1722 100.928 -2.44294
v 28.9465 106.49 -2.58177
v 30.0672 105.313 -1.35675
v 29.5936 104.841 -2.23168
v 25.7313 102.573 -2.54891
v 25.776 102.126 -2.55451
v 25.6279 102.271 -2.55104
v 26.1754 102.085 -2.54117
v 26.1492 102.538 -2.53325
v 26.8015 101.939 -2.5406
v 26.6246 102.789 -2.49937
v 26.2587 103.589 -2.55802
v 26.7883 102.707 -2.53603
v 27.374 102.536 -2.50158
v 27.6597 101.477 -2.4609
v 28.5667 102.472 -2.50098
v 29.7947 103.62 -2.50234
v 29.6127 102.402 -2.44189
v 28.8551 101.236 -2.42444
v 29.7362 101.702 -2.26549
v 29.7346 102.635 -2.43913
v 29.6768 102.083 -1.47267
v 29.8321 101.763 -2.03478
v 29.8911 101.624 -2.23113
v 30.1114 101.339 -2.20985
v 28.7197 103.755 -2.50171
v 29.1093 103.597 -2.46443
v 28.4232 102.645 -2.46091
v 29.581 105.028 -2.49472
v 29.5158 105.679 -1.94555
v 28.7921 102.422 -2.43215
v 28.237 102.447 -2.47343
v 29.443 104.077 -1.43059
v 29.7275 104.672 -1.27211
v 28.2555 102.879 -2.49315
v 29.6511 103.226 -1.40127
v 30.1076 103.471 -0.909814
v 29.5888 102.648 -1.33228
v 29.9961 103.068 -2.39905
v 29.0254 102.133 -2.45401
v 29.1404 102.413 -2.42315
v 29.5569 102.407 -2.40222
v 28.6111 102.113 -2.44479
v 25.4755 103.985 -2.61679
v 25.4783 105.029 -2.62613
v 26.0586 103.498 -2.5513
v 29.7762 102.164 -2.19239
v 29.6248 101.922 -2.40984
v 27.2508 108.788 -2.57728
v 27.5432 107.283 -2.65276
v 26.9582 107.879 -2.588
v 28.2763 108.048 -2.58124
v 28.1226 106.815 -2.5447
v 22.892 109.326 -2.82487
v 22.7107 109.157 -1.98955
v 24.2603 108.391 -2.76004
v 22.5586 108.562 -2.12559
v 22.2333 109.232 -2.80835
v 29.4207 107.4 -2.40868
v 29.6639 106.414 -2.55473
v 29.5344 105.647 -1.88778
v 29.509 105.266 -2.38098
v 24.9677 104.958 -2.63453
v 25.3179 104.768 -2.6354
v 25.2984 103.987 -2.5918
v 29.3152 104.097 -1.41709
v 29.0687 104.717 -2.52576
v 29.4743 104.677 -2.34345
v 29.6125 104.39 -2.43316
v 25.871 104.309 -2.57668
v 25.6631 104.04 -2.56939
v 25.6555 105.795 -2.64878
v 29.4246 104.013 -2.48189
v 29.5159 103.215 -1.52052
v 29.7189 103.475 -2.38521
v 28.9952 103.303 -2.48005
v 29.3063 103.388 -2.40579
v 24.8371 106.478 -2.75297
v 28.7282 103.021 -2.48508
v 29.6028 103.186 -2.41486
v 29.721 103.707 -0.969543
v 30.8506 104.023 -0.803101
v 29.679 102.996 -1.36686
v 27.0789 106.61 -2.59985
v 26.9498 108.021 -2.60751
v 27.5651 107.057 -2.62738
v 27.496 105.681 -2.50243
v 22.4996 110.124 -1.80425
v 22.8094 110.734 -1.73379
v 22.9146 109.918 -1.8763
v 29.5205 105.272 -2.34711
v 29.5597 105.496 -1.82097
v 29.3857 104.878 -1.8234
v 29.5534 105.318 -1.57635
v 29.6196 104.604 -1.35679
v 30.9062 105.895 -1.47988
v 28.9691 104.402 -2.48431
v 29.4738 104.546 -2.25539
v 25.3835 106.01 -2.59615
v 25.9395 105.691 -2.60238
v 25.5441 105.27 -2.61092
v 25.6887 106.543 -2.62134
v 29.4547 104.289 -2.23861
v 29.1687 104.383 -2.46929
v 26.8613 106.865 -2.64673
v 26.3665 105.608 -2.5773
v 26.3504 106.989 -2.61938
v 24.4956 108.617 -2.77531
v 25.3744 108.06 -2.70413
v 25.1371 107.097 -2.65622
v 27.1398 107.275 -2.55699
v 27.994 107.841 -2.60749
v 27.7703 107.122 -2.53046
v 28.1302 107.578 -2.5668
v 28.1282 106.896 -2.54473
v 22.9088 110.053 -1.93183
v 22.6672 110.67 -2.948
v 27.3024 106.007 -2.53027
v 27.0695 106.599 -2.5963
v 25.0518 106.372 -2.6417
v 24.7666 107.294 -2.71079
v 28.7585 106.905 -2.45376
v 28.9677 106.558 -2.47602
v 28.6673 106.847 -2.56741
v 29.4632 107.382 -2.55827
v 28.8389 106.144 -2.47578
v 25.6055 106.555 -2.61602
v 29.9452 107.067 -2.52596
v 29.828 106.695 -2.44899
v 29.6347 106.254 -2.37881
v 26.3427 106.628 -2.52883
v 25.9724 107.561 -2.73372
v 26.4425 107.462 -2.61548
v 28.5893 105.59 -2.50893
v 28.3009 105.597 -2.49849
v 26.6833 106.566 -2.60454
v 26.8943 107.193 -2.5778
v 29.0662 105.578 -2.49669
v 26.6389 105.861 -2.56326
v 26.9477 108.093 -2.62995
v 27.0139 105.675 -2.54753
v 29.6399 105.72 -1.91882
v 29.5135 105.529 -2.15251
v 29.6549 105.792 -2.45333
v 29.6441 105.455 -2.40677
v 29.3594 105.053 -2.22798
v 29.0998 105.177 -2.45187
v 26.9707 108.081 -2.57842
v 27.7516 108.837 -2.61851
v 27.638 108.389 -2.62598
v 27.2793 107.033 -2.57277
v 27.5105 106.682 -2.56516
v 27.0935 106.783 -2.56324
v 27.4888 107.166 -2.59733
v 27.7872 107.252 -2.58424
v 27.1203 107.267 -2.49699
v 23.7279 109.932 -2.78201
v 23.8299 111.228 -2.77413
v 24.4801 109.483 -2.74212
v 24.5007 108.547 -2.75594
v 28.1553 106.962 -2.56508
v 27.9985 106.624 -2.56484
v 24.8066 108.374 -2.72529
v 25.048 108.96 -2.71979
v 25.4778 107.896 -2.69507
v 26.1776 107.302 -2.6388
v 26.367 107.072 -2.6429
v 25.917 107.246 -2.65296
v 26.4667 107.47 -2.58468
v 28.3932 107.054 -2.54875
v 28.2762 106.538 -2.51776
v 31.0444 111.46 -2.69882
v 32.7043 110.781 -2.44629
v 31.1402 109.552 -2.47386
v 28.7017 106.837 -2.55389
v 29.3625 106.96 -2.50079
v 28.8301 106.43 -2.58537
v 26.5728 108.569 -2.67758
v 25.9998 108.612 -2.68136
v 26.556 109.228 -2.65231
v 26.8407 107.233 -2.62995
v 29.453 106.707 -2.46064
v 29.935 107.061 -2.50368
v 32.9964 109.597 -2.3686
v 34.451 110.46 -2.26658
v 26.8992 107.457 -2.60406
v 29.7023 106.709 -2.49972
v 27.0741 107.96 -2.61463
v 31.6891 111.195 -1.68684
v 31.343 112.984 -1.35902
v 31.5199 110.581 -2.46444
v 22.6873 113.302 -2.68316
v 22.8378 112.348 -2.79256
v 22.8406 112.177 -2.35998
v 29.3785 107.532 -2.46069
v 29.7207 107.376 -2.52797
v 29.3319 106.95 -2.46614
v 29.9828 107.994 -2.44451
v 27.8096 111.357 -2.65731
v 28.5395 111.666 -2.71079
v 28.1945 110.761 -2.69093
v 30.7796 108.063 -2.49622
v 30.6084 108.541 -2.52323
v 31.3046 108.614 -2.395
v 28.0626 108.644 -2.63413
v 27.4572 108.123 -2.65124
v 27.3841 109.283 -2.65612
v 27.1995 110.118 -2.69124
v 27.6644 110.259 -2.7368
v 25.5645 108.615 -2.68032
v 25.725 108.191 -2.68564
v 25.1665 108.488 -2.70225
v 24.9412 110.147 -2.77861
v 25.5393 109.787 -2.74865
v 25.6534 108.808 -2.6623
v 25.9495 109.255 -2.69509
v 26.081 108.588 -2.68603
v 30.9641 109.42 -2.4823
v 30.2896 108.487 -2.54487
v 30.1909 109.005 -2.5201
v 25.2759 110.737 -2.788
v 25.93 110.431 -2.70036
v 26.5611 109.249 -2.64531
v 26.5681 108.548 -2.66294
v 26.8076 107.824 -2.61488
v 26.9542 108.105 -2.59783
v 27.1714 107.736 -2.60475
v 27.3637 108.17 -2.60206
v 27.0859 109.135 -2.67604
v 30.2033 108.989 -2.56892
v 30.7579 109.549 -2.51371
v 30.7883 109.074 -2.49601
v 30.5326 109.744 -2.54252
v 30.818 113.625 -2.6798
v 31.9481 112.645 -2.43302
v 30.7252 111.811 -2.60858
v 31.1533 113.653 2.64195
v 32.8792 113.586 2.03807
v 32.08 113.779 1.8311
v 28.7808 113.083 -2.67281
v 28.5362 112.252 -2.75356
v 27.8418 113.554 -2.74324
v 28.1967 110.688 -2.6817
v 27.8005 111.282 -2.66467
v 27.6411 109.454 -2.7048
v 27.6709 108.94 -2.64022
v 27.4058 108.935 -2.73646
v 25.1787 109.939 -2.76056
v 25.2613 110.506 -2.76129
v 25.5302 109.822 -2.74929
v 26.0859 109.082 -2.67519
v 26.0377 109.579 -2.6983
v 31.2002 113.636 1.30608
v 32.9835 113.95 1.07637
v 25.6205 110.592 -2.76889
v 24.8138 111.983 -2.87898
v 25.482 112.049 -2.80295
v 33.2553 113.188 2.16725
v 27.0811 109.112 -2.64226
v 26.6072 109.065 -2.70479
v 26.5626 109.965 -2.72692
v 26.9056 109.538 -2.65894
v 30.9722 111.284 -2.66497
v 31.4694 110.601 -2.44857
v 27.6589 110.217 -2.7064
v 30.9112 109.855 -2.38318
v 27.6037 109.752 -2.73112
v 27.1825 110.054 -2.6422
v 32.0911 110.216 -2.40947
v 27.9706 109.546 -2.6691
v 27.6268 109.717 -2.75046
v 27.9784 110.335 -2.67755
v 30.8058 115.233 -0.808394
v 30.8093 114.928 0.297064
v 31.3922 114.277 -0.522553
v 29.9881 115.879 0.130831
v 30.9574 113.205 1.99242
v 32.0112 113.287 1.27737
v 31.1099 113.694 0.94832
v 30.9384 114.983 1.83794
v 30.5566 113.719 0.814403
v 28.9481 111.594 -2.70789
v 29.4027 112.136 -2.68645
v 30.2024 113.542 -2.78665
v 28.4496 111.459 -2.7276
v 30.7417 111.795 -2.61751
v 31.6534 111.521 -2.50826
v 30.9177 111.203 -2.63874
v 25.453 113.812 -2.90154
v 26.4743 115.067 -2.83993
v 25.9808 113.329 -2.81418
v 26.5055 112.038 -2.76538
v 27.1011 110.943 -2.71207
v 26.4776 110.783 -2.73177
v 27.2056 110.509 -2.61291
v 27.4602 110.315 -2.66516
v 26.8863 110.437 -2.72545
v 25.2628 110.476 -2.75004
v 25.749 110.545 -2.73439
v 25.5594 110.203 -2.75586
v 32.2379 113.55 2.93358
v 32.242 113.386 1.68402
v 32.4512 114.485 0.302182
v 24.9241 113.165 -2.92398
v 24.0589 114.158 -2.96809
v 25.4594 112.066 -2.8161
v 25.8767 110.611 -2.75982
v 26.1016 111.655 -2.65596
v 31.7 112.71 3.1959
v 33.285 113.019 2.50758
v 26.5567 109.735 -2.68862
v 26.8174 113.594 -2.83437
v 27.6733 115.169 -2.87185
v 31.3575 110.682 -2.44035
v 30.432 109.811 -2.58658
v 27.5496 109.822 -2.73298
v 31.3292 113.337 0.886602
v 32.1166 113.925 0.0976811
v 30.9575 113.727 0.204285
v 28.9819 112.412 -2.71454
v 29.3174 113.827 -2.7065
v 30.9668 113.284 1.54298
v 27.6095 111.905 -2.72994
v 27.7412 113.367 -2.74145
v 29.4647 112.21 -2.70771
v 28.39 111.32 -2.70141
v 28.8593 110.892 -2.66752
v 27.8267 110.994 -2.6881
v 30.9551 114.384 1.98411
v 30.6078 114.995 3.6849
v 30.7772 113.686 2.63609
v 32.5801 113.614 2.66758
v 32.4349 113.13 2.85976
v 32.4538 113.253 2.33597
v 27.3911 110.55 -2.61191
v 27.7904 110.554 -2.71581
v 26.3638 110.541 -2.70068
v 26.2662 111.107 -2.73422
v 26.5424 110.763 -2.69458
v 25.4437 111.981 -2.8021
v 25.8858 111.949 -2.79192
v 25.5809 111.46 -2.77579
v 25.2585 111.453 -2.77528
v 25.1966 112.073 -2.78526
v 27.1953 112.084 -2.72611
v 26.4832 113.871 -2.9643
v 27.4526 113.364 -2.77432
v 25.6304 110.733 -2.72439
v 25.9888 110.608 -2.72383
v 28.3068 110.222 -2.64159
v 26.5001 111.94 -2.80016
v 26.9844 110.925 -2.70517
v 26.566 111.235 -2.77246
v 26.5585 112.646 -2.83299
v 25.9125 113.697 -2.94919
v 30.8147 113.395 -2.69428
v 31.6393 113.135 -2.55269
v 30.841 112.149 -2.64795
v 27.0985 111.106 -2.70876
v 26.989 110.619 -2.68498
v 32.8794 114.262 0.108953
v 27.1323 110.493 -2.67008
v 31.5555 112.16 -2.45844
v 30.9456 111.254 -2.64362
v 30.8097 111.741 -2.6068
v 30.7477 110.773 -2.51522
v 31.6203 111.886 -2.42515
v 31.8005 111.312 -2.46579
v 31.1686 110.623 -2.47473
v 34.5872 113.667 -2.27515
v 34.0469 113.403 -1.26368
v 34.2505 113.032 -2.32851
v 28.9059 112.195 -2.70479
v 29.3655 112.086 -2.64207
v 28.4324 111.363 -2.61982
v 29.0217 112.472 -2.65615
v 31.0302 114.997 0.659812
v 30.7744 113.872 0.530182
v 31.0697 113.954 0.149429
v 29.8419 114.429 0.803219
v 30.4696 115.202 0.0806218
v 29.2989 113.819 -2.73471
v 30.637 114.373 -2.67371
v 28.8462 113.331 -2.71638
v 28.5651 112.293 -2.70219
v 28.0529 113.595 -2.77975
v 27.2979 112.15 -2.74202
v 27.298 113.533 -2.77135
v 28.642 114.134 -2.75502
v 28.4311 112.723 -2.74537
v 28.1161 111.438 -2.66665
v 28.1276 111.936 -2.70855
v 27.6054 111.897 -2.71986
v 27.8506 111.415 -2.69726
v 27.5886 111.466 -2.67296
v 25.1376 112.686 -2.83009
v 24.865 113.071 -2.81533
v 25.0217 113.216 -2.82752
v 25.6657 112.302 -2.80437
v 25.4672 112.009 -2.7804
v 25.8314 111.706 -2.75294
v 26.0526 111.788 -2.75455
v 24.4372 114.561 -2.91327
v 25.1998 113.952 -2.87603
v 25.007 114.612 -2.90277
v 25.9832 112.241 -2.7657
v 26.4847 111.57 -2.71101
v 26.2676 112.057 -2.74556
v 25.9689 113.353 -2.81098
v 26.5318 112.041 -2.72137
v 26.5121 113.739 -2.87344
v 26.3003 114.167 -2.83435
v 31.392 114.966 -0.430805
v 30.8525 115.018 0.118597
v 26.4721 115.285 -2.87691
v 27.5781 114.251 -2.75392
v 26.795 113.391 -2.74679
v 27.0553 112.013 -2.7356
v 26.5634 111.63 -2.73197
v 27.0473 111.621 -2.72727
v 31.0046 113.597 -2.81629
v 27.3412 111.536 -2.69217
v 27.9151 115.297 -2.85903
v 31.9938 114.538 -2.56044
v 31.7927 114.405 -2.09319
v 31.5704 113.301 -2.5437
v 31.5035 113.453 1.36965
v 31.6274 113.041 1.61325
v 32.1179 113.378 1.41873
v 31.3343 113.334 0.43829
v 31.8732 113.415 0.962145
v 31.5649 113.094 -2.61969
v 31.7977 112.864 -2.54588
v 34.192 114.306 -2.38653
v 34.3773 114.831 -2.52106
v 34.5092 114.574 -2.27791
v 30.819 111.913 -2.62679
v 31.5781 112.197 -2.46729
v 30.8934 111.538 -2.65689
v 34.2745 113.803 -2.36602
v 29.9946 113.635 -2.75473
v 30.22 113.169 -2.69234
v 29.5411 112.865 -2.7036
v 30.8682 114.276 -2.65199
v 30.7674 115.327 -0.84358
v 30.7105 114.557 0.221562
v 26.2022 113.554 -2.81627
v 26.5266 112.885 -2.80754
v 28.6304 111.891 -2.61663
v 27.8514 112.146 -2.71578
v 28.9606 112.64 -2.71415
v 31.4439 113.497 0.958024
v 31.139 113.875 0.427087
v 30.7102 113.755 1.1005
v 31.3022 113.4 0.366546
v 30.536 112.547 -2.66501
v 30.8745 112.17 -2.69195
v 29.6025 111.979 -2.6536
v 30.7473 113.367 -2.68274
v 25.9071 113.051 -2.81638
v 25.5424 113.779 -2.85443
v 29.6627 114.641 0.71888
v 29.9828 114.541 1.22261
v 28.9883 112.288 -2.78197
v 29.1427 111.914 -2.68402
v 29.6776 112.608 -2.68389
v 25.4103 113.324 -2.82268
v 26.0295 112.438 -2.76938
v 26.4323 112.731 -2.77204
v 27.3066 113.053 -2.75943
v 26.906 113.042 -2.74635
v 26.5835 112.488 -2.77686
v 30.9747 114.981 0.611583
v 30.5296 112.718 -2.69368
v 31.0012 114.046 1.63857
v 31.3063 113.379 1.57699
v 31.863 113.302 1.38912
v 32.1186 113.436 1.21701
v 31.825 113.347 1.93885
v 32.3493 113.356 1.04329
v 32.332 113.484 2.40113
v 34.4557 115.316 -2.32048
v 34.8115 114.804 -2.07855
v 34.4704 114.948 -2.46333
v 30.7206 115.002 -0.978779
v 30.6669 115.081 -0.14857
v 30.7575 114.641 0.131042
v 30.8565 115.405 -0.834976
v 30.2648 115.682 0.417221
v 29.9219 114.738 1.19586
v 30.578 115.576 1.06607
v 28.8708 113.44 -2.73221
v 28.9565 114.666 -2.80088
v 29.7773 114.862 -2.80851
v 31.0445 114.582 -2.7477
v 30.9382 115.289 -2.70735
v 32.0896 115.54 -2.64706
v 29.1806 115.549 -2.79281
v 28.4264 113.716 -2.76607
v 28.5453 114.55 -2.80313
v 28.0455 113.568 -2.75474
v 28.3677 113.05 -2.74208
v 28.6925 113.306 -2.72186
v 28.9386 112.968 -2.75496
v 23.797 116.568 -2.95285
v 24.5371 116.548 -3.02639
v 24.6291 115.214 -2.89127
v 30.584 115.204 -2.8056
v 30.5972 115.827 -2.84704
v 25.1871 115.378 -2.9145
v 25.4026 114.288 -2.83759
v 29.3937 113.709 -2.74913
v 30.5282 114.202 -2.60686
v 30.0039 113.713 -2.82702
v 25.0417 116.9 -2.9951
v 25.8648 114.777 -2.83633
v 26.4704 113.887 -2.82333
v 25.995 113.95 -2.79814
v 26.5399 113.575 -2.77511
v 25.7688 113.647 -2.80346
v 26.486 115.166 -2.84452
v 26.6564 113.77 -2.77511
v 26.2154 114.589 -2.75746
v 29.3242 113.02 -2.72712
v 30.2732 113.371 -2.72456
v 26.8172 114.997 -2.80807
v 27.1281 113.826 -2.77384
v 26.4238 116.492 -2.88465
v 27.0529 116.296 -2.84081
v 27.4925 114.108 -2.78015
v 27.7663 113.694 -2.75751
v 26.9704 113.457 -2.76143
v 27.8223 114.568 -2.78423
v 29.5977 112.827 -2.68084
v 30.5097 113.325 -2.68927
v 30.1553 112.842 -2.65051
v 31.8587 114.411 -2.53524
v 32.0082 114.224 -2.50025
v 31.704 113.752 -2.72721
v 31.0921 114.2 -0.219442
v 30.954 114.668 -0.0251829
v 30.7903 114.251 0.363397
v 31.1778 114.984 -0.745718
v 23.2296 119.216 -3.01838
v 24.3757 120.102 -3.11415
v 24.0424 119.066 -2.99083
v 30.133 115.958 0.0875928
v 30.0407 115.77 0.457948
v 30.3151 115.648 -0.0244881
v 31.5664 114.883 -2.60261
v 31.3057 114.417 -2.66057
v 30.2925 115.687 0.536089
v 28.5794 118.343 -2.99391
v 29.3369 119.546 -2.92167
v 29.4208 118.219 -2.82817
v 29.6395 114.731 1.00258
v 29.8308 114.918 0.598268
v 29.4757 114.727 0.820374
v 29.5847 114.136 -2.72087
v 29.6453 113.74 -2.7056
v 28.9183 113.76 -2.72193
v 30.8595 113.708 -2.64596
v 28.687 115.704 -2.80197
v 28.4024 114.647 -2.78805
v 27.9054 115.311 -2.81653
v 24.7737 118.108 -3.02341
v 24.3698 117.403 -3.00955
v 25.1786 116.033 -2.94494
v 25.5797 115.917 -2.91734
v 25.5336 115.139 -2.84718
v 29.7454 114.767 -2.78942
v 26.2716 114.658 -2.79299
v 26.4726 114.233 -2.80834
v 26.0778 114.413 -2.83146
v 25.8731 114.177 -2.81287
v 25.8911 114.74 -2.84059
v 26.8118 114.939 -2.8102
v 26.7404 114.22 -2.79987
v 26.4656 116.261 -2.94339
v 27.0303 116.185 -2.89286
v 26.3935 117.092 -2.95189
v 29.9937 114.472 1.26422
v 30.3626 114.77 1.20132
v 25.4372 117.604 -2.93691
v 26.973 114.659 -2.83381
v 27.4809 114.028 -2.77396
v 27.4642 114.534 -2.77687
v 27.822 114.535 -2.79758
v 30.7724 115.269 -0.100833
v 27.5594 120.013 -2.96375
v 27.8583 118.167 -2.94788
v 26.9283 119.542 -3.05883
v 26.9635 117.03 -2.91328
v 27.6331 115.385 -2.84294
v 32.7923 116.822 -2.58596
v 32.4325 117.951 -2.81657
v 34.0405 117.945 -2.58055
v 30.5491 114.59 -2.73129
v 30.9986 115.304 -2.70067
v 30.5522 115.109 -2.79375
v 31.5243 115.976 0.858816
v 30.4883 114.515 0.107716
v 30.7934 115.317 -0.664491
v 34.4865 117.427 -2.62869
v 30.4913 113.738 -2.70301
v 34.2832 117.307 -1.59158
v 34.3703 117.19 -1.75819
v 34.3281 117.353 -1.76724
v 34.332 116.84 -1.46639
v 34.5019 116.852 -2.45714
v 34.5709 116.546 -1.60478
v 34.6205 116.619 -1.44034
v 30.4784 115.293 0.0801417
v 29.0632 115.964 -2.87434
v 28.7716 117.284 -2.86204
v 29.5122 116.503 -2.79531
v 28.637 119.713 -2.96519
v 30.361 116.056 -0.104892
v 30.1175 115.776 0.40467
v 30.2709 115.531 0.0219026
v 25.0339 116.877 -3.00119
v 25.831 116.495 -2.95465
v 25.6847 115.556 -2.88925
v 24.7853 118.126 -3.03414
v 30.9072 114.766 0.0111717
v 27.9884 116.759 -2.88661
v 29.1295 115.136 -2.80539
v 28.7421 115.577 -2.82002
v 27.5119 116.547 -2.84404
v 27.4875 115.427 -2.82816
v 27.0287 116.244 -2.90063
v 28.3785 114.628 -2.80472
v 28.1748 115.501 -2.82489
v 30.5147 116.643 -2.85473
v 30.5872 115.815 -2.8556
v 29.9143 115.254 -2.79686
v 28.8862 114.748 -2.79184
v 29.3927 114.993 -2.76863
v 29.1396 114.584 -2.79764
v 29.7327 114.779 -2.78818
v 26.0266 115.159 -2.86576
v 26.148 115.455 -2.86519
v 26.4884 115.433 -2.84098
v 26.4071 116.535 -2.92277
v 27.0805 115.548 -2.84296
v 30.4611 115.061 -2.74065
v 25.9432 116.99 -2.92838
v 25.6981 117.553 -2.9634
v 26.4137 117.973 -2.98827
v 26.39 114.953 -2.85334
v 26.4788 115.159 -2.86069
v 26.799 115.044 -2.83631
v 26.905 115.456 -2.85752
v 31.3707 116.116 -2.66686
v 27.8238 114.713 -2.81016
v 27.913 115.4 -2.82294
v 27.3678 114.861 -2.79337
v 30.6342 114.926 -2.78994
v 31.4278 115.704 -2.62544
v 31.995 115.484 -2.61317
v 34.5203 117.543 -1.79772
v 34.6616 118.445 -1.60704
v 34.2087 117.594 -1.44039
v 34.3887 118.188 -2.46622
v 34.2482 117.664 -2.57049
v 30.4632 114.414 -2.79364
v 30.8671 114.687 -2.6947
v 31.0615 115.272 -0.244956
v 31.1682 114.919 -0.367487
v 30.1083 115.197 0.554743
v 30.1924 115.555 0.416652
v 30.1271 116.004 -0.0514752
v 30.4282 115.56 -0.217634
v 30.4813 115.197 0.232433
v 30.4325 115.424 0.247875
v 30.6407 120.328 -2.91687
v 31.4553 121.084 -3.11734
v 31.0762 120.906 -3.22462
v 31.0887 117.102 -2.71395
v 30.4092 117.442 -2.83365
v 31.2879 118.094 -2.74069
v 29.0348 115.957 -2.87259
v 29.0606 115.47 -2.82141
v 28.7422 115.563 -2.82921
v 26.4204 116.512 -2.92643
v 26.4072 116.988 -2.92783
v 26.8713 116.194 -2.88156
v 31.1818 116.579 -2.69599
v 31.0256 115.866 -2.66422
v 30.5373 116.044 -2.83843
v 31.7854 116.856 -2.70192
v 34.2967 118.092 -2.60821
v 34.1713 118.86 -2.70394
v 34.3294 118.17 -1.77369
v 30.4905 115.073 -2.75951
v 30.4202 115.385 0.165903
v 30.6594 115.429 -0.273585
v 29.3165 120.433 -2.96436
v 29.4959 119.694 -3.00329
v 33.9417 120.781 -1.71982
v 34.1923 118.825 -2.73112
v 34.6188 121.005 -2.61804
v 32.9135 118.752 -2.81303
v 26.8687 120.174 -2.99506
v 27.5433 119.97 -2.98156
v 26.9858 119.141 -2.98746
v 29.3328 117.01 -2.90153
v 29.466 116.703 -2.84033
v 29.1121 116.308 -2.88188
v 28.8449 116.548 -2.88591
v 30.6595 118.665 -3.06058
v 31.3751 120.285 -2.89566
v 31.5595 119.01 -2.79955
v 31.1628 118.088 -2.77918
v 25.1742 119.159 -3.07101
v 24.4626 119.878 -3.07942
v 24.6482 120.951 -3.13282
v 26.3985 116.943 -2.95694
v 26.4254 117.639 -2.99533
v 26.7603 117.423 -2.95099
v 26.4059 118.489 -3.00767
v 27.3079 117.201 -2.9352
v 27.514 116.561 -2.90579
v 27.1467 116.84 -2.91771
v 27.6061 117.481 -2.93828
v 32.4625 118.053 -2.74149
v 31.9333 118.086 -2.74289
v 27.5189 117.999 -2.95134
v 28.1376 118.133 -2.9299
v 27.989 117.156 -2.92656
v 30.4286 116.859 -2.84474
v 30.8575 116.683 -2.7663
v 30.463 116.23 -2.83367
v 31.0545 116.41 -2.71836
v 29.3836 118.034 -2.92434
v 28.8621 118.159 -2.96057
v 30.9597 120.776 -2.89631
v 34.4548 120.964 -2.91021
v 34.041 120.954 -1.83331
v 30.4955 117.765 -2.92706
v 30.7626 117.614 -2.92575
v 30.166 116.991 -2.91247
v 26.2515 118.999 -3.08789
v 26.0666 119.85 -3.10785
v 26.3956 119.594 -3.05854
v 34.0488 120.629 -1.7909
v 30.431 116.759 -2.84265
v 31.0056 117.329 -2.75951
v 31.2956 117.072 -2.72723
v 31.4276 120.884 -3.16228
v 31.428 120.295 -2.90194
v 34.3557 120.891 -1.83524
v 35.1046 120.703 -2.83389
v 31.284 120.828 -2.86452
v 28.8919 120.265 -3.05249
v 29.4218 119.888 -3.01158
v 28.9836 119.34 -3.02829
v 24.3914 121.864 -3.21427
v 25.1585 120.186 -3.11966
v 24.4329 120.9 -3.17889
v 28.6748 119.837 -3.04286
v 28.1913 120.368 -3.04349
v 29.437 119.106 -3.00335
v 30.5185 119.191 -2.97119
v 31.7256 119.49 -2.84597
v 25.982 120.34 -3.14782
v 25.7025 121.866 -3.14814
v 26.3684 120.891 -3.09841
v 26.7741 119.777 -3.0886
v 27.6324 120.441 -3.04983
v 27.6999 119.482 -3.04575
v 26.9424 120.916 -3.09296
v 31.5746 119.07 -2.84251
v 30.8401 118.112 -2.83334
v 34.017 120.903 -2.51333
v 32.5499 121.517 -2.95626
v 32.3188 120.654 -2.90267
v 31.0724 120.086 -2.84556
v 30.6585 120.395 -2.96751
v 31.2873 120.872 -2.94064
v 34.1335 121.627 -2.79897
v 33.9484 120.927 -1.81726
v 24.9329 122.248 -3.23845
v 24.9136 123.223 -3.26633
v 25.7463 121.82 -3.13249
v 34.1153 121.019 -2.5545
v 27.5881 122.046 -3.15409
v 28.4683 122.498 -3.10112
v 28.3299 121.523 -3.07737
v 26.2788 124.892 -3.37074
v 25.9441 123.304 -3.22353
v 24.7008 125.748 -3.5118
v 29.7218 123.404 -3.17853
v 31.1329 122.923 -3.09129
v 30.5525 122.315 -2.97862
v 26.2612 122.845 -3.21069
v 25.9413 122.504 -3.1495
v 27.4826 122.854 -3.17508
v 27.084 122.41 -3.14868
v 31.4651 121.16 -3.03159
v 31.3817 121.626 -3.05685
v 32.024 121.772 -3.04088
v 26.229 126.36 -3.36434
v 25.9748 125.011 -3.31138
v 25.1414 125.083 -3.32114
v 24.8238 126.432 -3.38985
v 24.8434 127.128 -3.44226
v 25.7435 126.29 -3.33871
v 30.9371 124.385 -3.18141
v 32.4195 124.582 -3.20052
v 32.4204 123.884 -3.06941
v 26.7201 124.932 -3.2445
v 27.267 124.968 -3.24085
v 26.8926 124.478 -3.26807
v 25.7397 127.253 -3.33898
v 30.1761 128.114 -3.33396
v 29.7701 128.832 -3.39894
v 31.0746 128.055 -3.34132
v 28.7513 124.486 -3.17524
v 29.4166 124.914 -3.18126
v 29.1726 124.058 -3.15527
v 30.7571 124.47 -3.16056
v 31.352 123 -3.05539
v 29.7153 123.431 -3.13579
v 24.7415 127.244 -3.38612
v 23.5634 128.4 -3.46972
v 24.8814 128.154 -3.50043
v 25.5471 124.286 -3.24098
v 25.8055 124.728 -3.29763
v 26.3947 124.607 -3.23826
v 26.4843 126.946 -3.35869
v 28.2606 123.987 -3.16425
v 28.5457 125.13 -3.20737
v 27.746 125.095 -3.29349
v 27.3706 124.439 -3.2003
v 29.0518 125.375 -3.21675
v 29.5018 125.078 -3.25224
v 28.776 124.519 -3.19976
v 28.9624 123.303 -3.12682
v 28.8555 122.489 -3.12241
v 28.6291 122.895 -3.12016
v 28.3248 122.392 -3.11142
v 28.0991 122.94 -3.13859
v 29.0872 122.514 -3.11246
v 29.7463 123.478 -3.16491
v 29.8597 122.96 -3.11338
v 26.9166 122.68 -3.15706
v 26.3702 123.04 -3.18556
v 26.5066 123.311 -3.19472
v 27.0192 123.855 -3.23646
v 27.0225 124.885 -3.26488
v 27.5993 124.926 -3.21153
v 30.8108 122.802 -3.0986
v 31.4433 122.732 -3.06875
v 30.5895 122.116 -3.05728
v 26.7937 126.254 -3.29093
v 27.9075 125.968 -3.35906
v 29.2501 122.671 -3.09008
v 28.9828 123.305 -3.11657
v 29.5154 123.924 -3.12358
v 23.8364 125.808 -3.3901
v 25.0062 125.004 -3.27814
v 24.8512 124.098 -3.26789
v 25.6437 122.247 -3.197
v 25.5139 122.767 -3.17044
v 26.0242 122.081 -3.12552
v 28.1389 122.265 -3.09757
v 27.77 121.851 -3.1027
v 27.923 122.37 -3.11108
v 27.6253 121.452 -3.07467
v 27.312 121.803 -3.0969
v 27.5365 121.861 -3.08887
v 27.8203 121.407 -3.08614
v 24.6569 123.644 -3.25994
v 24.1525 123.742 -3.23911
v 24.0298 124.859 -3.28394
v 30.2425 128.224 -3.35434
v 29.4435 127.524 -3.34439
v 29.7358 128.562 -3.30922
v 28.8265 122.646 -3.11977
v 29.3295 121.517 -3.05114
v 29.0542 121.662 -3.07071
v 29.5334 121.998 -3.06589
v 25.0959 124.17 -3.25542
v 29.4272 121.352 -3.05369
v 28.9582 121.352 -3.04751
v 26.3303 126.074 -3.28096
v 25.9875 125.1 -3.24492
v 24.6119 126.241 -3.36095
v 25.9671 122.55 -3.14312
v 26.3166 121.93 -3.1427
v 24.231 125.653 -3.34565
v 23.1478 126.254 -3.39662
v 27.1197 121.886 -3.10797
v 27.4636 121.475 -3.08414
v 26.4458 121.909 -3.13747
v 26.6829 122.336 -3.14671
v 27.1634 121.613 -3.09101
v 27.0584 122.476 -3.12398
v 26.3981 122.995 -3.1673
v 26.413 124.259 -3.2176
v 28.5834 122.678 -3.11503
v 28.6865 122.949 -3.11386
v 28.8218 122.856 -3.09165
v 28.7461 122.558 -3.10102
v 29.0975 122.621 -3.10135
v 29.2646 122.467 -3.06921
v 26.247 123.944 -3.24444
v 26.5762 124.669 -3.2729
v 26.9434 123.344 -3.17117
v 26.6344 123.064 -3.16819
v 27.1564 122.855 -3.13746
v 27.2145 126.725 -3.3272
v 27.4245 127.209 -2.62973
v 27.9674 125.677 -3.25114
v 27.0933 123.736 -3.18049
v 26.9897 124.369 -3.24285
v 27.3938 124.188 -3.2202
v 24.2265 128.398 -3.43096
v 24.0216 127.321 -3.42558
v 22.6985 128.2 -3.49692
v 26.678 124.108 -3.23223
v 26.3795 124.565 -3.24835
v 26.7269 124.681 -3.25505
v 27.3208 125.996 -3.32135
v 26.6045 127.399 -3.39525
v 27.3494 127.151 -3.38733
v 27.3202 128.641 -2.76213
v 28.6891 127.678 -3.34524
v 27.8471 127.4 -3.33055
v 27.4733 128.277 -3.43894
v 28.6526 125.084 -3.22332
v 28.5245 125.3 -3.24659
v 28.694 125.307 -3.24471
v 28.8732 125.228 -3.22679
v 26.8724 125.94 -3.28977
v 26.7745 125.319 -3.2804
v 26.3783 126.167 -3.31021
v 27.3041 125.988 -3.31047
v 26.5796 127.367 -3.37562
v 27.2093 127.358 -3.36838
v 26.8275 128.561 -2.76487
v 26.3611 128.711 -2.80112
v 27.7433 125.224 -3.24394
v 27.3834 125.209 -3.24589
v 27.3193 125.937 -3.28661
v 27.6928 126.336 -3.30079
v 27.945 126.25 -3.26855
v 28.2567 125.742 -3.2708
v 27.5437 125.442 -3.25444
v 28.6792 127.766 -3.37109
v 27.9941 127.323 -3.35725
v 28.75 128.689 -3.35609
v 27.9534 129.317 -3.40516
v 29.6526 129.583 -3.39875
v 29.321 128.288 -3.37485
v 29.8119 128.599 -3.3506
v 23.7042 126.24 -3.37331
v 23.0884 126.211 -3.37559
v 22.911 126.781 -3.39828
v 27.7535 125.847 -3.27034
v 27.19 125.503 -3.27796
v 28.7034 126.321 -3.27814
v 28.4956 126.913 -3.31402
v 28.8507 126.773 -3.30687
v 28.1144 129.067 -3.41222
v 28.6652 128.606 -3.37855
v 28.0579 127.42 -3.35067
v 25.0541 126.051 -3.33542
v 25.542 126.243 -3.32191
v 25.326 125.859 -3.31621
v 24.197 126.262 -3.36906
v 25.0777 125.471 -3.34212
v 24.1859 127.297 -3.43032
v 26.4475 126.053 -3.32571
v 26.4225 125.413 -3.30019
v 26.2089 125.958 -3.31805
v 25.8483 125.751 -3.31216
v 27.186 128.678 -3.4223
v 27.7087 127.713 -3.35948
v 26.5733 128.62 -3.41585
v 26.9124 126.261 -3.33605
v 27.3661 126.207 -3.30295
v 27.6334 126.88 -3.34765
v 26.1965 127.27 -3.39303
v 26.0544 128.359 -3.40165
v 26.7993 127.371 -3.38878
v 27.8278 126.007 -3.27569
v 24.6018 126.205 -3.35044
v 24.4014 125.651 -3.31393
v 26.027 125.29 -3.29506
v 24.4477 124.352 -3.27004
v 23.5226 124.778 -3.38141
v 24.3932 124.767 -3.31634
v 25.7285 124.938 -3.27334
v 24.9774 124.336 -3.25095
v 25.2608 124.663 -3.27657
v 27.6377 129.17 -3.43738
v 28.0503 128.757 -3.44898
v 28.0008 127.307 -3.3537
v 27.9374 126.203 -3.30767
v 28.3773 126.399 -3.30662
v 23.0703 124.783 -3.28196
v 23.1802 125.181 -3.3708
v 23.8374 124.504 -3.33459
v 28.6867 128.623 -3.38299
v 28.7132 127.711 -3.35961
v 22.5061 128.353 -3.5461
v 21.5687 127.413 -3.50755
v 24.8265 125.256 -3.34336
v 25.7453 126.795 -3.39621
v 24.3936 123.802 -3.26488
v 23.3899 124.187 -3.31066
v 24.4872 124.329 -3.24566
v 24.6629 125.718 -3.3439
v 26.5319 125.44 -3.28997
v 27.0778 125.613 -3.27491
v 25.8921 124.758 -3.26301
v 26.8489 125.485 -3.27549
v 26.7187 129.304 -3.45046
v 26.535 128.544 -2.43265
v 27.0792 128.169 -2.25945
v 27.0716 127.807 -3.37929
v 27.427 126.544 -3.30766
v 26.9532 129.164 -3.43533
v 27.4907 128.354 -3.39904
v 27.677 126.342 -3.30274
v 27.7714 127.023 -3.3322
v 22.4618 124.531 -3.33083
v 22.5794 125.241 -3.34612
v 24.297 124.838 -3.3013
v 24.9817 124.335 -3.24815
v 22.8346 126.887 -3.43204
v 23.1797 126.203 -3.36432
v 21.5804 126.165 -3.40013
v 24.6952 125.117 -3.31533
v 24.0987 125.448 -3.32974
v 24.8136 125.33 -3.29509
v 25.4919 126.219 -3.31379
v 24.0411 123.953 -3.223
v 24.6554 123.497 -3.22956
v 25.5772 126.869 -3.39141
v 26.1837 126.02 -3.31447
v 26.1916 127.289 -3.39138
v 26.6107 126.298 -3.31791
v 23.3146 123.68 -3.26454
v 22.6645 123.707 -3.28512
v 22.9033 124.149 -3.29738
v 23.8867 124.313 -3.26495
v 23.286 125.119 -3.3185
v 25.2415 124.483 -3.29121
v 25.1604 124.056 -3.23689
v 24.3834 123.996 -3.23708
v 25.0412 125.555 -3.32117
v 24.5846 126.264 -3.35305
v 25.0185 126.176 -3.33697
v 25.9932 125.082 -3.27726
v 25.5731 124.536 -3.2638
v 25.2916 125.767 -3.35083
v 24.0802 127.191 -3.42518
v 22.6471 127.203 -3.43877
v 23.8332 128.365 -3.46716
v 25.2386 126.88 -3.40418
v 25.8258 125.795 -3.3324
v 26.0705 125.501 -3.29943
v 26.4128 125.722 -3.31263
v 26.1972 125.977 -3.31807
v 20.251 121.158 -3.11609
v 19.4036 121.311 -3.09122
v 20.2149 121.638 -3.28262
v 22.7068 121.464 -3.15327
v 22.2668 121.713 -3.21329
v 23.6086 122.102 -3.19417
v 25.7324 126.997 -3.38377
v 26.059 126.308 -3.33972
v 22.7056 123.374 -3.24921
v 23.5254 122.912 -3.26066
v 22.824 122.688 -3.22521
v 23.8452 123.235 -3.22476
v 24.3933 122.899 -3.21789
v 22.0302 122.479 -3.209
v 22.7782 122.21 -3.18424
v 21.3973 122.957 -3.24351
v 24.029 123.654 -3.25718
v 24.8795 123.659 -3.2202
v 24.3131 123.387 -3.23631
v 21.5768 124.689 -3.35454
v 23.4797 124.519 -3.2749
v 22.7594 124.123 -3.29663
v 21.2019 123.911 -3.30279
v 24.2575 125.52 -3.30789
v 24.5767 125.135 -3.30972
v 22.8743 125.611 -3.36947
v 23.8583 125.052 -3.33374
v 23.6941 123.688 -3.28094
v 20.7611 123.731 -3.32528
v 19.3061 121.051 -3.17311
v 20.4336 120.862 -3.14801
v 20.4444 122.488 -3.2129
v 22.83 121.08 -3.17164
v 23.5964 121.338 -3.13841
v 20.7106 123.143 -3.29438
v 22.7114 122.958 -3.22626
v 22.9151 124.154 -3.26617
v 22.8123 121.922 -3.16446
v 23.933 121.798 -3.17026
v 24.022 122.258 -3.1783
v 21.6904 124.184 -3.32325
v 24.895 123.471 -3.21646
v 24.55 122.818 -3.18432
v 23.1996 126.18 -3.38984
v 23.5788 126.553 -3.36376
v 25.5796 124.923 -3.28258
v 25.301 124.937 -3.28517
v 24.3849 125.66 -3.31449
v 24.7497 125.214 -3.31946
v 24.9971 125.867 -3.34402
v 20.5091 119.824 -3.07128
v 20.601 120.587 -3.09272
v 21.5591 120.404 -3.18647
v 19.1757 120.086 -3.09182
v 22.2886 121.922 -3.16454
v 24.8651 126.728 -3.38045
v 25.284 125.909 -3.33477
v 25.6461 125.448 -3.30307
v 24.9178 127.511 -3.42693
v 25.4936 126.295 -3.35837
v 22.9719 122.281 -3.18905
v 23.3611 122.542 -3.2123
v 23.8749 122.53 -3.20881
v 23.8538 124.553 -3.27446
v 23.3833 124.2 -3.29953
v 22.1316 119.699 -3.13004
v 21.029 119.285 -3.04784
v 21.1103 119.66 -3.10189
v 24.1605 123.669 -3.25627
v 22.5935 125.996 -3.32715
v 23.5276 120.335 -3.11649
v 22.7341 120.422 -3.13689
v 23.5017 120.713 -3.1286
v 23.0592 121.44 -3.15479
v 23.959 121.562 -3.17116
v 21.3365 122.62 -3.25029
v 22.5883 121.837 -3.12804
v 23.3697 121.896 -3.21354
v 24.4871 124.05 -3.26657
v 24.6355 123.469 -3.23598
v 23.9752 123.975 -3.26241
v 23.0781 126.221 -3.3622
v 23.0055 125.514 -3.305
v 21.6163 118.459 -2.9502
v 22.5436 119.091 -3.08045
v 21.4243 127.529 -3.56231
v 23.1854 119.802 -3.1116
v 23.5136 120.712 -3.12506
v 24.0086 120.744 -3.13394
v 20.6529 120.069 -3.06927
v 20.4471 119.647 -3.02524
v 23.9161 122.345 -3.19521
v 24.0909 122.569 -3.19602
v 24.1442 122.126 -3.18135
v 22.2864 125.425 -3.45798
v 23.9348 124.455 -3.28558
v 23.0611 124.438 -3.30446
v 23.4357 123.391 -3.26271
v 22.4128 123.513 -3.25168
v 23.1686 123.715 -3.28152
v 23.3744 122.89 -3.22291
v 24.3493 122.885 -3.20343
v 24.6319 122.24 -3.1559
v 22.1766 119.234 -3.12639
v 22.1499 118.449 -3.06292
v 22.6239 121.43 -3.15663
v 24.5654 121.741 -3.15998
v 23.3517 118.935 -3.08339
v 23.7316 119.752 -3.02002
v 24.3468 119.834 -3.07017
v 24.236 123.338 -3.22199
v 22.6175 124.034 -3.29912
v 23.7083 123.912 -3.28279
v 21.0951 125.029 -3.39215
v 22.1085 125.117 -3.32192
v 22.4425 124.531 -3.3316
v 20.9456 120.954 -3.1213
v 23.1593 121.262 -3.13874
v 18.3527 122.128 -3.41127
v 21.7285 120.568 -3.14
v 21.205 117.563 -2.98849
v 21.5371 119.067 -3.00007
v 22.7431 120.1 -3.10196
v 23.3669 119.732 -3.07884
v 22.3033 117.213 -2.99755
v 21.036 116.441 -2.85639
v 21.7038 117.456 -3.03368
v 24.1841 121.038 -3.11958
v 24.1302 121.238 -3.10921
v 24.6715 121.376 -3.12417
v 24.2606 121.722 -3.17508
v 24.7578 121.13 -3.11764
v 24.0505 120.424 -3.11173
v 24.8352 120.421 -3.0883
v 24.575 120.831 -3.11097
v 24.9331 121.727 -3.12649
v 24.3618 122.049 -3.1785
v 24.1932 122.556 -3.15253
v 24.9632 122.341 -3.16575
v 23.5983 122.099 -3.19952
v 23.7608 122.68 -3.18642
v 20.4357 123.183 -3.34908
v 20.1006 123.858 -3.48106
v 24.4651 122.776 -3.16866
v 23.6088 122.904 -3.2105
v 24.2967 123.323 -3.19561
v 23.2739 123.694 -3.28
v 24.6711 123.455 -3.2205
v 24.0277 123.665 -3.2544
v 24.7272 119.925 -3.08037
v 24.6542 119.097 -3.03997
v 24.571 119.551 -3.08385
v 24.9188 123.751 -3.23851
v 24.9177 123.474 -3.20033
v 24.6185 123.731 -3.24321
v 24.0567 123.971 -3.26365
v 25.0536 123.165 -3.21103
v 23.0367 124.456 -3.3097
v 23.876 118.961 -3.06817
v 23.7531 119.336 -3.09272
v 24.4231 124.08 -3.30668
v 24.3952 124.373 -3.2885
v 22.8009 122.04 -3.18235
v 22.1696 122.155 -3.13364
v 21.0308 119.54 -3.02666
v 18.981 118.462 -3.05573
v 24.5372 123.843 -3.22051
v 23.9842 124.667 -3.31813
v 21.812 118.768 -3.03401
v 22.1946 119.384 -3.07113
v 22.9795 123.204 -3.23279
v 23.3204 123.844 -3.24423
v 24.1876 123.542 -3.16704
v 23.6526 121.977 -3.15161
v 23.6093 122.311 -3.15115
v 24.0841 122.102 -3.1284
v 22.9907 122.183 -3.14981
v 23.9467 124.002 -3.20144
v 24.5763 123.782 -3.20277
v 20.5143 125.971 -3.35044
v 21.7893 127.344 -3.41435
v 21.8031 126.119 -3.32502
v 23.8306 125.574 -3.32483
v 23.9844 125.813 -3.2874
v 24.5698 125.324 -3.24795
v 22.778 121.393 -3.10898
v 24.3768 122.408 -3.11974
v 24.5922 122.928 -3.1473
v 24.1835 121.447 -3.0957
v 21.5622 126.239 -3.40371
v 20.4263 126.038 -3.40065
v 20.398 127.396 -3.49374
v 23.1991 125.978 -3.28885
v 23.1044 126.757 -3.33212
v 23.9692 126.141 -3.2515
v 24.9637 125.55 -3.24816
v 25.3307 125.397 -3.21984
v 25.3166 125.08 -3.20799
v 21.6849 119.908 -3.17207
v 20.6696 119.869 -2.97747
v 21.3488 120.287 -3.24005
v 22.7446 121.391 -3.13468
v 22.8921 121.998 -3.13083
v 23.7296 122.01 -3.13513
v 21.4026 121.016 -3.14838
v 20.2225 121.172 -3.33398
v 24.7904 126.156 -3.25296
v 24.4411 126.156 -3.25806
v 24.4899 126.6 -3.30935
v 25.1648 126.128 -3.24089
v 22.3498 127.842 -3.42472
v 21.8672 129.366 -3.53651
v 22.7002 128.398 -3.46181
v 23.4701 123.607 -3.18963
v 22.8206 124.054 -3.26069
v 24.0997 124.04 -3.19517
v 20.9857 129.13 -3.62851
v 23.3965 126.158 -3.28488
v 24.4143 126.125 -3.25324
v 24.5698 125.578 -3.2386
v 23.0861 126.782 -3.33767
v 25.1274 125.845 -3.22346
v 23.8098 124.612 -3.24082
v 22.9181 124.067 -3.22278
v 22.1836 124.603 -3.29146
v 23.974 124.956 -3.22972
v 24.3024 124.767 -3.18956
v 24.5977 124.171 -3.15388
v 24.1842 123.525 -3.09166
v 23.7197 123.761 -3.1477
v 24.6542 126.235 -3.24383
v 23.2504 126.14 -3.31206
v 23.1484 126.713 -3.29793
v 24.8203 126.113 -3.24418
v 24.7388 125.844 -3.20898
v 22.4706 127.396 -3.34045
v 21.474 127.831 -3.41836
v 22.1762 128.391 -3.46203
v 23.4093 127.611 -3.35581
v 23.0032 128.125 -3.35721
v 23.2155 128.338 -3.4058
v 24.5649 126.492 -3.2685
v 24.4786 127.138 -3.31348
v 24.358 128.01 -3.37059
v 25.095 125.007 -3.16555
v 25.1237 124.574 -3.15035
v 24.408 124.719 -3.17498
v 23.7586 128.42 -3.39635
v 24.4832 128.386 -3.37251
v 22.1677 130.209 -3.54536
v 20.4973 130.94 -3.37548
v 22.3869 130.885 -3.43096
v 23.5164 130.175 -3.50766
v 23.4131 130.702 -3.37851
v 23.9988 125.452 -3.21578
v 24.8809 125.516 -3.20736
v 24.6138 125.254 -3.19935
v 25.2303 125.846 -3.23065
v 21.7146 126.112 -3.32605
v 23.052 125.633 -3.25781
v 23.6856 125.13 -3.24422
v 22.968 124.436 -3.22347
v 22.7053 124.864 -3.22841
v 24.2338 124.725 -3.17757
v 25.0961 126.495 -3.24067
v 24.7769 126.053 -3.24167
v 25.2448 126.015 -3.24204
v 24.426 125.204 -3.18927
v 24.9062 124.915 -3.16945
v 25.1107 124.608 -3.14088
v 24.3255 124.687 -3.16305
v 21.8701 124.16 -3.22263
v 23.4131 126.959 -3.32237
v 24.3827 127.007 -3.30069
v 24.6846 127.557 -3.32305
v 23.8258 128.162 -3.4225
v 24.3764 128.257 -3.35774
v 24.5927 124.174 -3.14825
v 24.5967 125.117 -3.2003
v 23.4369 130.787 -3.41569
v 22.9879 131.541 -3.49289
v 23.617 125.608 -3.23997
v 25.0019 125.216 -3.20624
v 22.0688 125.088 -3.29049
v 22.8743 126.515 -3.30988
v 25.0155 127.174 -3.28308
v 25.117 126.76 -3.27366
v 21.3142 130.299 -3.58697
v 22.5053 130.101 -3.50115
v 25.4338 124.775 -3.15841
v 25.7668 124.957 -3.16991
v 25.5076 125.099 -3.18414
v 25.4172 125.284 -3.20332
v 25.4385 125.451 -3.19856
v 25.151 125.672 -3.21964
v 25.38 125.748 -3.19649
v 22.3543 127.436 -3.37763
v 22.3471 128.476 -3.40684
v 23.0112 127.594 -3.34015
v 24.5615 125.514 -3.21965
v 25.0343 128.249 -3.34277
v 25.295 127.565 -3.31133
v 24.6402 127.76 -3.32437
v 23.8551 129.287 -3.40209
v 23.4052 124.745 -3.17994
v 24.7387 124.838 -3.17233
v 22.3804 129.301 -3.44937
v 23.088 131.417 -3.45151
v 22.9888 130.59 -3.46293
v 24.8158 125.907 -3.20953
v 20.3274 127.255 -3.4427
v 20.3796 126.167 -3.3683
v 24.4676 127.312 -3.32594
v 23.9682 128.072 -3.34941
v 22.9316 128.18 -3.37608
v 20.8929 123.207 -3.15563
v 22.5421 123.643 -3.19339
v 21.9584 122.974 -3.17906
v 23.5506 123.953 -3.15969
v 22.4478 124.499 -3.23438
v 19.4725 125.602 -3.37055
v 21.0874 125.839 -3.35391
v 24.7055 124.692 -3.18251
v 25.1984 124.581 -3.15637
v 25.1615 124.827 -3.17686
v 24.7615 128.463 -3.37003
v 25.1944 128.338 -3.35373
v 24.3736 129.039 -3.40635
v 24.703 129.368 -3.39266
v 22.877 125.736 -3.2726
v 24.8149 125.734 -3.24398
v 22.9635 124.128 -3.2243
v 24.1935 124.82 -3.18362
v 24.7718 125.136 -3.20392
v 23.9703 126.106 -3.24272
v 25.0945 127.286 -3.28928
v 25.0674 127.627 -3.32099
v 25.5639 127.076 -3.27369
v 23.8655 126.729 -3.2997
v 24.6823 126.668 -3.26907
v 25.249 126.763 -3.26654
v 25.1992 126.4 -3.27175
v 25.2942 126.005 -3.21525
v 25.5426 127.953 -3.31782
v 25.4027 127.783 -3.32295
v 24.2245 124.694 -3.1784
v 25.3129 124.798 -3.1628
v 25.0427 125.151 -3.19277
v 24.7019 124.424 -3.16699
v 25.3135 128.532 -3.36113
v 25.5334 128.482 -3.35466
v 25.23 124.439 -3.15353
v 23.3245 126.112 -3.30201
v 23.9396 124.306 -3.19976
v 24.1464 124.064 -3.18258
v 24.3689 123.878 -3.16358
v 23.7349 124.576 -3.20781
v 23.6991 125.126 -3.24788
v 24.5807 125.034 -3.19645
v 21.6679 127.299 -3.35526
v 22.9639 128.144 -3.3725
v 24.841 127.139 -3.304
v 24.2514 127.315 -3.30656
v 25.2479 126.76 -3.26586
v 24.0714 123.488 -3.0955
v 23.4101 123.55 -3.14903
v 18.4876 121.568 -3.08855
v 20.6497 121.671 -3.0789
v 19.1587 120.788 -3.02904
v 24.5683 125.701 -3.21536
v 24.0507 125.736 -3.23863
v 24.6565 126.228 -3.24774
v 21.6769 127.763 -3.39812
v 22.5975 122.825 -3.12781
v 21.9921 122.993 -3.17358
v 24.4692 124.705 -3.18178
v 25.1348 126.159 -3.27074
v 25.101 125.951 -3.23631
v 25.359 126.615 -3.25601
v 25.2911 126.087 -3.23565
v 22.5703 123.652 -3.19256
v 24.711 126.576 -3.27466
v 25.2284 125.5 -3.21581
v 25.0719 125.419 -3.2104
v 24.1386 126.796 -3.30919
v 25.5109 126.815 -3.26934
v 25.0283 127.104 -3.28393
v 25.2425 127.317 -3.28599
v 24.9355 124.568 -3.17396
v 25.2445 124.648 -3.16672
v 25.3008 125.039 -3.18125
v 25.1893 124.454 -3.15066
v 24.3167 127.623 -3.34638
v 23.4214 128.202 -3.40753
v 23.7477 128.43 -3.3901
v 24.9299 127.491 -3.30803
v 23.2184 129.035 -3.42137
v 23.5118 129.145 -3.42295
v 22.0606 130.069 -3.48811
v 20.7261 130.23 -3.57669
v 21.0321 131.772 -3.50223
v 24.4654 128.313 -3.36852
v 24.9841 127.785 -3.31627
v 25.5977 126.97 -3.27912
v 25.6033 127.227 -3.28529
v 25.2737 127.568 -3.31325
v 24.8251 125.731 -3.23963
v 24.0943 129.141 -3.40995
v 23.7345 129.538 -3.43005
v 25.0262 128.251 -3.34911
v 25.2582 127.759 -3.32023
v 25.6741 127.395 -3.29674
v 25.3746 127.97 -3.31951
v 20.7887 122.499 -3.21853
v 19.4876 121.599 -3.07312
v 23.4865 125.802 -3.28237
v 23.2565 126.107 -3.30349
v 23.7138 126.233 -3.28445
v 19.8822 127.647 -3.42909
v 21.3425 127.814 -3.38037
v 21.3502 127.233 -3.38356
v 23.0631 126.723 -3.33467
v 23.124 127.427 -3.37555
v 23.4457 127.034 -3.34147
v 21.3963 128.397 -3.46158
v 20.6725 128.668 -3.47233
v 22.1736 128.547 -3.46269
v 23.3753 127.597 -3.3608
v 22.8597 128.179 -3.42754
v 23.774 128.061 -3.38541
v 23.0574 128.625 -3.45762
v 22.0279 129.017 -3.46352
v 24.2256 127.177 -3.33729
v 24.0989 127.612 -3.35952
v 22.2238 129.502 -3.47803
v 23.4104 128.928 -3.42099
v 23.592 125.284 -3.24323
v 22.8835 125.727 -3.27936
v 24.499 127.031 -3.31923
v 24.3584 127.686 -3.3668
v 17.9789 126.184 -3.35592
v 17.2471 127.858 -3.50897
v 17.9573 127.342 -3.47575
v 20.5669 127.211 -3.4457
v 21.8778 127.288 -3.38004
v 21.9026 126.697 -3.34683
v 19.4703 131.144 -3.56573
v 20.141 131.33 -3.51881
v 20.8619 130.098 -3.52784
v 20.4654 126.621 -3.36822
v 21.7598 126.142 -3.31334
v 21.3084 125.854 -3.30167
v 21.6771 125.912 -3.34203
v 22.9436 126.114 -3.29365
v 22.3526 127.432 -3.39409
v 22.6218 126.805 -3.35016
v 21.4875 127.798 -3.4059
v 23.2754 126.139 -3.31157
v 23.2792 125.935 -3.30137
v 23.7164 126.135 -3.29517
v 23.5428 125.831 -3.28806
v 21.935 125.258 -3.29524
v 22.6624 125.352 -3.23882
v 23.4463 126.536 -3.31401
v 23.0759 127.054 -3.34712
v 22.2263 128.506 -3.44551
v 23.1497 127.665 -3.36609
v 22.4764 127.734 -3.39691
v 21.4793 128.744 -3.4761
v 20.723 123.368 -3.19157
v 19.8993 123.896 -3.29213
v 20.7795 124.039 -3.25217
v 20.5867 129.183 -3.46564
v 23.1376 127.317 -3.35828
v 23.1104 124.917 -3.24043
v 23.0302 124.628 -3.24147
v 22.6521 124.882 -3.24608
v 21.3732 124.556 -3.28317
v 22.0011 125.028 -3.28025
v 20.3235 125.212 -3.35551
v 21.4173 130.103 -3.51182
v 21.9334 130.136 -3.52305
v 22.1758 129.544 -3.4935
v 21.8327 126.464 -3.35447
v 22.5145 126.42 -3.32815
v 22.5634 126.064 -3.31712
v 21.5068 127.336 -3.40507
v 21.2994 126.74 -3.37562
v 18.1207 125.119 -3.43344
v 19.0058 126.191 -3.38196
v 22.1015 126.691 -3.33802
v 18.7287 124.742 -3.32176
v 18.4279 123.933 -3.44058
v 16.8067 123.949 -3.33364
v 21.9203 124.01 -3.22667
v 21.6841 124.038 -3.24465
v 22.0465 124.39 -3.26002
v 20.7889 126.002 -3.33851
v 21.9512 125.356 -3.29471
v 21.6409 126.145 -3.35888
v 20.6488 126.208 -3.38095
v 20.7453 123.81 -3.27572
v 21.59 124.387 -3.27213
v 20.0148 126.647 -3.34661
v 21.6031 123.939 -3.23792
v 20.212 122.975 -3.20528
v 22.7737 126.071 -3.30963
v 22.469 125.864 -3.30945
v 22.9132 126.542 -3.33716
v 22.8871 126.121 -3.31577
v 22.4482 126.769 -3.33391
v 20.4093 124.978 -3.32079
v 21.8428 124.836 -3.26065
v 20.3299 124.436 -3.31075
v 22.1379 125.082 -3.27482
v 22.4812 125.55 -3.28805
v 22.1359 127.222 -3.36635
v 21.1579 128.353 -3.44857
v 22.8933 127.01 -3.37114
v 22.3925 126.98 -3.3676
v 19.5097 123.144 -3.19734
v 18.8814 123.511 -3.32162
v 20.7425 124.041 -3.26964
v 22.1788 127.456 -3.38848
v 22.6564 127.171 -3.36358
v 21.9111 125.261 -3.29468
v 22.6153 124.639 -3.25556
v 22.5639 124.349 -3.23616
v 22.6996 125.22 -3.2798
v 22.6816 125.487 -3.28313
v 20.0731 128.973 -3.47543
v 20.4774 129.224 -3.48434
v 22.2513 127.655 -3.40603
v 22.7245 127.472 -3.3832
v 22.8391 127.827 -3.39641
v 22.6933 127.856 -3.4096
v 21.3804 128.357 -3.44618
v 21.811 128.766 -3.46177
v 22.2764 127.995 -3.41195
v 22.1877 128.517 -3.45725
v 19.0257 131.353 -3.53177
v 17.9172 130.944 -3.39272
v 18.4681 132.442 -3.51085
v 22.6148 125.668 -3.28217
v 16.7666 131.329 -3.63975
v 18.2509 130.401 -3.63605
v 20.6966 127.186 -3.42168
v 20.2727 127.694 -3.43942
v 21.3665 127.145 -3.39319
v 18.3234 131.37 -3.51813
v 21.904 127.261 -3.37713
v 21.9246 127.573 -3.39761
v 22.179 127.382 -3.39048
v 20.4913 128.021 -3.4357
v 19.2623 128.91 -3.55079
v 19.9719 128.939 -3.46266
v 16.528 131.039 -3.66606
v 17.0425 131.131 -3.73285
v 18.0786 127.287 -3.44641
v 18.415 127.855 -3.46281
v 18.921 127.275 -3.46115
v 19.9033 126.559 -3.40536
v 20.7486 126.193 -3.34128
v 19.845 126.106 -3.36114
v 19.8766 127.132 -3.42717
v 19.8778 126.668 -3.3879
v 20.5506 126.996 -3.40691
v 20.4629 127.309 -3.38942
v 19.7021 124.874 -3.3213
v 20.4957 125.227 -3.30147
v 20.1053 124.81 -3.30509
v 21.2392 128.303 -3.46731
v 21.1704 128.047 -3.43248
v 21.1178 128.232 -3.44221
v 19.4821 130.136 -3.56158
v 18.1152 130.869 -3.47921
v 18.2405 131.585 -3.45717
v 20.7234 128.131 -3.44655
v 20.5692 128.631 -3.49081
v 15.5923 128.181 -3.38021
v 15.5691 129.273 -3.56963
v 16.7859 128.546 -3.4227
v 19.5267 127.127 -3.42442
v 18.8749 127.293 -3.46493
v 18.8039 127.672 -3.4562
v 19.578 126.812 -3.417
v 18.2216 128.675 -3.52777
v 18.7546 128.398 -3.48735
v 15.5889 124.452 -3.47524
v 14.8306 125.139 -3.51743
v 16.8291 124.789 -3.39229
v 19.3896 128.517 -3.48905
v 18.832 128.589 -3.50015
v 18.4141 129.353 -3.54269
v 19.2252 129.209 -3.49572
v 18.3991 130.229 -3.56306
v 19.8111 128.335 -3.48386
v 18.1087 126.17 -3.36101
v 18.8438 126.615 -3.40153
v 18.9188 126.195 -3.43569
v 18.3467 126.657 -3.42551
v 17.3589 126.779 -3.44709
v 17.8451 126.972 -3.4242
v 17.0794 127.456 -3.46599
v 17.1182 127.706 -3.49227
v 17.4886 127.519 -3.45412
v 18.9044 127.658 -3.44618
v 18.5168 127.565 -3.44382
v 18.5217 127.915 -3.46263
v 18.4419 127.228 -3.44014
v 17.7483 128.097 -3.49853
v 15.4092 123.618 -3.34861
v 15.1579 122.918 -3.31192
v 14.3126 123.119 -3.34885
v 18.001 128.386 -3.50337
v 17.1018 128.751 -3.48915
v 17.1293 129.507 -3.54568
v 15.9989 129.808 -3.55769
v 14.8261 124.039 -3.38397
v 18.1328 128.571 -3.49302
v 18.5409 128.246 -3.47927
v 18.9593 128.43 -3.48053
v 19.0278 128.006 -3.47037
v 18.7387 128.503 -3.48904
v 18.1989 129.017 -3.50611
v 18.0982 129.644 -3.50996
v 18.8282 128.599 -3.49063
v 17.7554 126.247 -3.44497
v 18.3458 126.199 -3.38661
v 14.7956 123.66 -3.36654
v 15.7599 124.597 -3.38082
v 15.9119 124.094 -3.32411
v 15.4343 127.2 -3.48733
v 14.8921 126.711 -3.482
v 14.1558 127.151 -3.51796
v 15.9034 126.931 -3.46401
v 15.006 127.832 -3.53548
v 17.1228 126.691 -3.43351
v 16.4468 127.234 -3.44017
v 17.1432 127.221 -3.45732
v 16.1589 126.512 -3.4556
v 17.263 125.257 -3.39394
v 16.9181 125.166 -3.38314
v 17.23 125.535 -3.38454
v 17.3631 126.771 -3.44526
v 15.3747 128.396 -3.5403
v 16.2981 127.66 -3.48655
v 17.0287 127.554 -3.46974
v 16.6534 128.05 -3.48224
v 17.5905 127.324 -3.44861
v 17.3267 127.831 -3.46802
v 15.791 128.758 -3.53928
v 17.7225 127.839 -3.47627
v 17.7516 127.425 -3.45322
v 15.3195 123.573 -3.3835
v 16.6302 124.919 -3.37759
v 16.8846 128.438 -3.50323
v 17.4328 128.061 -3.48081
v 16.8092 128.782 -3.51739
v 15.5766 129.293 -3.61733
v 15.9758 129.679 -3.54945
v 14.7755 124.085 -3.41764
v 15.2517 124.85 -3.4138
v 16.6684 125.408 -3.39064
v 16.0593 124.938 -3.38872
v 16.6655 124.461 -3.39322
v 17.007 124.677 -3.37222
v 17.7438 128.099 -3.47682
v 17.2263 128.654 -3.51384
v 13.762 131.135 -3.63326
v 12.4137 131.475 -3.63739
v 13.6181 132.122 -3.73064
v 15.7519 125.392 -3.41023
v 17.3408 128.873 -3.50668
v 16.9852 129.249 -3.53105
v 15.8558 125.662 -3.43303
v 16.526 126.264 -3.42918
v 16.943 125.969 -3.40498
v 15.2608 126.295 -3.50438
v 17.1195 129.496 -3.52505
v 16.2213 129.722 -3.54003
v 16.3208 130.138 -3.54376
v 14.3442 124.835 -3.42161
v 14.2768 125.708 -3.42445
v 17.2566 125.91 -3.38852
v 17.2949 126.268 -3.4244
v 16.8381 126.272 -3.41999
v 17.1067 126.583 -3.4285
v 15.0943 126.257 -3.47168
v 13.7735 126.327 -3.4834
v 15.1469 126.915 -3.47555
v 13.4415 123.062 -3.38375
v 12.5276 123.279 -3.41073
v 13.995 123.578 -3.3998
v 14.3147 127.166 -3.46897
v 14.1691 127.76 -3.63517
v 14.8771 127.328 -3.51179
v 12.2482 127.813 -3.5395
v 13.3805 127.088 -3.56683
v 10.9182 127.155 -3.90944
v 15.4105 127.4 -3.4704
v 14.1621 125.773 -3.43258
v 14.9146 126.098 -3.45749
v 12.8334 126.027 -3.39106
v 15.9206 126.935 -3.46959
v 15.4583 127.886 -3.51521
v 15.8872 127.275 -3.47772
v 16.1088 127.644 -3.48753
v 11.4461 121.956 -3.30585
v 11.1005 122.713 -3.23784
v 12.6768 123.251 -2.51989
v 15.3486 128.499 -3.60028
v 15.8154 128.05 -3.48744
v 11.0106 123.023 -2.60601
v 10.4235 122.998 -3.30064
v 12.4765 123.953 -3.42968
v 14.3452 125.324 -3.46369
v 14.9041 125.044 -3.44874
v 13.7956 125.005 -3.45534
v 15.4358 125.441 -3.4117
v 15.2355 124.683 -3.38669
v 14.7766 124.31 -3.39115
v 14.8102 124.703 -3.39688
v 15.6935 125.08 -3.39698
v 15.8736 124.906 -3.39776
v 16.1229 125.233 -3.39593
v 15.8408 125.388 -3.43643
v 15.7855 128.77 -3.53935
v 15.7001 129.248 -3.56376
v 15.8778 129.193 -3.55196
v 15.4248 129.258 -3.60054
v 11.7076 131.396 -3.65403
v 11.9193 133.21 -3.78562
v 12.3158 132.094 -3.70387
v 16.4126 127.885 -3.5059
v 16.1632 128.142 -3.50228
v 16.3731 128.365 -3.50796
v 10.8071 123.529 -3.49304
v 13.1407 131.288 -3.82171
v 12.7049 132.195 -4.07599
v 10.1602 125.154 -3.68695
v 12.189 124.9 -3.42075
v 15.7886 129.609 -3.47723
v 13.1303 124.929 -3.39538
v 15.6384 125.74 -3.42307
v 15.8138 125.967 -3.44239
v 15.826 126.26 -3.42805
v 16.0161 126.263 -3.43643
v 16.0878 129.431 -3.50122
v 16.1561 126.054 -3.42262
v 15.8956 126.674 -3.43155
v 16.3751 126.843 -3.44229
v 10.3064 123.019 -3.22433
v 11.2504 122.451 -2.71667
v 11.0868 123.053 -2.57835
v 12.1137 127.663 -3.60098
v 12.3584 128.528 -3.63475
v 13.7943 127.42 -3.5055
v 14.4322 127.505 -3.48829
v 14.8143 127.096 -3.48643
v 13.5623 127.014 -3.49414
v 14.8942 127.431 -3.51147
v 14.97 127.922 -3.50129
v 14.0962 128.309 -3.53277
v 12.4972 128.865 -3.63742
v 12.7862 129.536 -3.56816
v 9.78295 123.167 -2.37905
v 10.3402 122.299 -2.25231
v 14.2524 128.7 -3.56802
v 12.8548 123.553 -3.4204
v 12.6251 123.339 -3.37355
v 12.2262 123.803 -3.39363
v 15.5027 127.887 -3.51348
v 14.9666 128.347 -3.52685
v 15.4492 128.269 -3.5649
v 14.9318 128.595 -3.55771
v 14.293 128.859 -3.56541
v 14.1206 129.588 -3.56683
v 12.964 129.86 -3.5809
v 12.9996 130.446 -3.7151
v 15.5369 128.564 -3.53151
v 15.0911 128.706 -3.57114
v 15.5274 128.803 -3.54546
v 13.504 130.997 -3.63819
v 14.2553 129.976 -3.58716
v 11.6787 132.365 -3.74652
v 10.8975 132.434 -3.73392
v 12.2016 132.922 -3.69427
v 13.7581 131.183 -3.61159
v 14.3153 130.59 -3.60019
v 15.421 129.061 -3.4829
v 15.6986 128.915 -3.51945
v 14.6128 125.822 -3.44046
v 14.3748 126.276 -3.49262
v 15.1418 126.269 -3.44525
v 14.1325 125.77 -3.4379
v 14.0409 126.236 -3.46586
v 12.5523 126.014 -3.49893
v 12.0334 126.672 -3.55882
v 13.8055 126.333 -3.47586
v 10.908 126.369 -3.56714
v 14.7826 126.491 -3.44591
v 11.9904 127.22 -3.54583
v 10.1052 130.715 -3.70475
v 9.91781 132.405 -3.76065
v 10.7625 131.115 -3.58949
v 9.91651 122.937 -2.33973
v 10.3761 123.019 -3.26853
v 10.9362 123.21 -2.92384
v 9.73085 123.196 -2.25855
v 10.355 124.236 -3.45094
v 12.2311 130.571 -3.67082
v 12.8627 130.711 -3.70613
v 11.7581 131.361 -3.64181
v 11.9917 127.23 -3.54163
v 13.0596 127.478 -3.47983
v 12.375 127 -3.54425
v 11.9331 127.796 -3.5862
v 13.9313 127.813 -3.48191
v 13.1424 127.835 -3.52878
v 12.5317 128.786 -3.61621
v 13.8199 127.433 -3.49708
v 14.1974 127.214 -3.52955
v 13.5585 127.072 -3.53972
v 14.3665 127.573 -3.49853
v 12.0898 128.076 -3.59887
v 12.1596 128.944 -3.62591
v 12.5685 128.918 -3.64411
v 14.0103 128.445 -3.5259
v 11.5432 124.013 -3.43285
v 9.413 124.447 -3.4919
v 10.6613 125.359 -3.43419
v 10.8601 124.773 -3.46658
v 12.0024 124.872 -3.44016
v 12.0488 124.192 -3.43578
v 12.2781 129.21 -3.63855
v 12.5481 129.643 -3.59331
v 13.9886 128.571 -3.53465
v 14.4522 128.304 -3.53011
v 12.8028 125.321 -3.42302
v 13.1092 124.863 -3.43143
v 14.0419 125.368 -3.42779
v 13.5074 125.407 -3.43971
v 14.2068 126.364 -3.44996
v 14.0017 126.241 -3.47282
v 13.7227 126.385 -3.45832
v 10.6327 134.251 -3.84009
v 11.0657 132.311 -3.66528
v 13.6963 125.972 -3.42938
v 12.4933 125.867 -3.4595
v 12.2108 126.327 -3.50028
v 13.3236 125.539 -3.41837
v 13.8429 126.603 -3.45314
v 10.959 125.845 -3.49101
v 12.0756 126.736 -3.59691
v 12.0255 126.625 -3.47019
v 14.1425 126.971 -3.4895
v 13.9593 126.686 -3.48296
v 7.15997 123.198 -3.05762
v 8.83795 123.075 -2.33085
v 7.47579 123.184 -2.20455
v 10.9938 124.9 -3.46369
v 10.1973 124.439 -3.44599
v 10.478 125.049 -3.41463
v 12.2121 128.327 -3.56672
v 11.8356 128.27 -3.56556
v 11.6834 128.751 -3.58318
v 11.7085 126.107 -3.42251
v 11.2045 125.406 -3.46476
v 10.3362 125.205 -3.4666
v 11.9744 125.904 -3.44749
v 10.9203 128.643 -3.60889
v 10.954 128.982 -3.61413
v 12.247 127.698 -3.54067
v 13.0704 127.742 -3.51764
v 12.295 127.144 -3.53272
v 11.8943 128.918 -3.59607
v 12.5848 128.765 -3.54176
v 13.0245 128.294 -3.53301
v 10.5614 129.539 -3.62606
v 12.007 129.422 -3.57481
v 12.371 129.032 -3.60394
v 12.4734 129.378 -3.61315
v 12.2465 129.628 -3.58393
v 13.1123 128.966 -3.56927
v 12.8917 129.688 -3.61862
v 12.0911 125.438 -3.45302
v 12.087 130.151 -3.61648
v 13.1949 128.61 -3.5331
v 13.3195 129.234 -3.58052
v 10.8253 131.439 -3.65717
v 10.4185 131.367 -3.67508
v 10.8367 132.45 -3.72509
v 12.2068 130.607 -3.66023
v 12.7756 130.251 -3.6657
v 12.28 126.371 -3.4218
v 12.9352 126.764 -3.46788
v 12.6389 126.092 -3.39672
v 9.92334 125.566 -3.48424
v 10.2736 126.416 -3.55679
v 11.0621 126.41 -3.52324
v 11.5439 127.495 -3.54956
v 10.4855 127.038 -3.53767
v 10.186 127.543 -3.55584
v 12.9892 126.939 -3.48973
v 11.2386 126.846 -3.53359
v 12.0558 126.654 -3.50354
v 12.1171 127.046 -3.5199
v 9.89488 125.421 -3.47408
v 9.43432 125.836 -3.48515
v 10.9099 126.142 -3.48189
v 10.5202 128.122 -3.55809
v 10.1126 127.642 -3.52746
v 9.28916 128.1 -3.5375
v 7.83267 123.266 -3.26673
v 7.87624 123.131 -2.96763
v 7.34882 123.112 -3.1703
v 11.0042 128.121 -3.55881
v 10.8277 127.904 -3.55131
v 11.5762 127.713 -3.54481
v 11.1311 127.531 -3.53389
v 10.0701 128.601 -3.59347
v 8.60931 128.933 -3.61847
v 9.29345 129.209 -3.62369
v 11.4961 128.13 -3.5429
v 10.1213 128.861 -3.62565
v 11.0288 128.688 -3.58343
v 11.9622 129.454 -3.58475
v 11.32 129.732 -3.61756
v 11.4848 129.982 -3.60665
v 11.4407 129.254 -3.59681
v 10.4294 125.379 -3.45409
v 9.5525 124.721 -3.43255
v 9.2155 129.764 -3.63605
v 10.4978 129.153 -3.62178
v 11.2571 128.93 -3.59181
v 11.7907 128.519 -3.54134
v 8.67201 124.302 -3.4153
v 7.6938 124.735 -3.5209
v 9.54303 126.476 -3.49138
v 10.1891 126.294 -3.49619
v 10.6858 125.728 -3.44554
v 11.3069 125.728 -3.46509
v 10.5741 129.588 -3.6229
v 11.8276 128.838 -3.5709
v 11.0694 126.025 -3.46694
v 10.991 126.899 -3.50373
v 11.004 126.485 -3.49188
v 11.3998 126.698 -3.48321
v 8.70023 130.823 -3.69777
v 9.45409 132.366 -3.72433
v 9.76431 131.361 -3.61223
v 9.9903 127.096 -3.52263
v 9.12946 127.053 -3.52618
v 10.0912 130.682 -3.71406
v 9.56704 130.781 -3.6742
v 10.2883 131.031 -3.6436
v 11.4712 127.187 -3.5053
v 11.1245 127.162 -3.49928
v 11.4993 126.873 -3.50071
v 8.2403 126.491 -3.48373
v 11.6383 127.514 -3.52351
v 9.05151 127.665 -3.58043
v 10.4622 131.355 -3.64763
v 10.066 132.303 -3.6885
v 8.69007 128.331 -3.59875
v 8.51665 128.986 -3.64642
v 9.6957 128.565 -3.59183
v 7.54407 129.176 -3.67112
v 9.38835 128.107 -3.56483
v 7.65851 125.21 -3.50547
v 7.86228 124.896 -3.45154
v 7.26094 124.676 -3.48145
v 7.40047 129.716 -3.6989
v 9.07641 129.09 -3.61083
v 7.70529 130.913 -3.72342
v 7.93517 130.035 -3.66752
v 9.7417 128.724 -3.59646
v 9.76824 129.123 -3.61164
v 9.98887 128.677 -3.61752
v 10.0897 128.887 -3.61978
v 8.5505 126.047 -3.48938
v 8.95954 125.454 -3.47956
v 9.10092 129.852 -3.67156
v 9.83446 129.515 -3.63474
v 9.81504 126.269 -3.51867
v 10.3709 129.201 -3.61923
v 9.28157 126.649 -3.54992
v 9.83708 127.032 -3.53256
v 9.77223 126.492 -3.54301
v 9.4406 127.069 -3.52434
v 8.55338 126.537 -3.54218
v 9.14992 130.476 -3.71672
v 8.35233 131.282 -3.72071
v 9.74367 129.83 -3.64091
v 10.2399 129.46 -3.62157
v 10.4687 129.684 -3.63061
v 10.0423 129.999 -3.64765
v 7.89874 132.879 -3.80355
v 9.24815 130.868 -3.69055
v 9.41935 126.497 -3.51434
v 8.72651 126.922 -3.55619
v 8.52551 127.422 -3.5865
v 9.51495 131.146 -3.71348
v 9.86285 130.544 -3.68561
v 6.22955 125.964 -3.54861
v 7.18882 127.207 -3.57656
v 7.46391 126.582 -3.5419
v 9.67622 127.437 -3.54639
v 9.893 130.936 -3.70882
v 7.47529 128.147 -3.61795
v 9.70876 127.67 -3.55776
v 8.83903 127.961 -3.56855
v 6.13836 125.825 -3.55381
v 5.79557 126.572 -3.61208
v 7.02424 126.376 -3.55823
v 8.42403 128.655 -3.64785
v 8.24074 128.232 -3.61749
v 7.56996 128.754 -3.67294
v 7.36276 128.544 -3.6778
v 7.5166 128.159 -3.63228
v 8.60617 127.407 -3.57617
v 8.28695 127.35 -3.58055
v 8.64544 127.569 -3.59081
v 6.38496 129.004 -3.68097
v 6.09682 129.8 -3.72967
v 7.72338 129.1 -3.6631
v 8.53405 128.837 -3.63685
v 8.45868 129.393 -3.66045
v 7.70152 129.873 -3.67017
v 9.07273 129.395 -3.64829
v 6.96134 125.259 -3.5201
v 6.49952 125.604 -3.54604
v 7.81998 125.786 -3.53759
v 5.62632 124.642 -3.564
v 4.99497 125.111 -3.56519
v 7.91355 130.11 -3.71099
v 8.06277 126.521 -3.56606
v 6.49142 130.932 -3.73292
v 7.02701 131.229 -3.7228
v 8.54177 129.949 -3.67345
v 7.66324 130.934 -3.7314
v 8.69338 126.865 -3.55208
v 7.96419 126.955 -3.56006
v 8.55954 126.488 -3.54839
v 8.62777 127.791 -3.59795
v 7.22633 127.206 -3.59603
v 7.22075 126.527 -3.56543
v 9.04369 129.571 -3.66801
v 8.70129 130.241 -3.68907
v 5.57418 128.403 -3.68524
v 6.84669 127.631 -3.60759
v 8.02054 127.724 -3.60105
v 4.46223 132.069 -3.83685
v 3.21487 131.79 -3.77923
v 3.31155 133.236 -2.7539
v 6.33162 130.157 -3.76716
v 7.29171 129.544 -3.72284
v 6.10296 129.66 -3.68491
v 5.21523 129.379 -3.74022
v 5.29024 129.905 -3.7627
v 6.39242 129.196 -3.69469
v 7.2495 128.467 -3.66432
v 6.44511 128.648 -3.6641
v 7.01084 128.813 -3.67957
v 7.78231 128.585 -3.65268
v 6.38921 126.527 -3.63975
v 6.86509 126.948 -3.57778
v 7.42749 126.608 -3.58776
v 7.87162 128.852 -3.66304
v 7.20396 129.021 -3.67506
v 7.77317 129.228 -3.67075
v 5.06386 130.971 -3.75453
v 6.272 126.592 -3.59527
v 6.02509 126.944 -3.60678
v 4.38709 126.538 -3.6612
v 4.8799 127.217 -3.64448
v 5.61596 127.369 -3.63902
v 5.6303 127.696 -3.63563
v 7.42404 127.238 -3.60647
v 6.98355 127.286 -3.59562
v 7.55929 127.69 -3.61629
v 7.3829 129.841 -3.69854
v 7.82114 129.514 -3.69649
v 6.25652 130.394 -3.7802
v 6.34339 131.016 -3.78014
v 3.91212 128.54 -3.74705
v 4.53579 127.699 -3.68044
v 7.94753 130.658 -3.74425
v 7.44218 130.962 -3.76978
v 7.62741 131.117 -3.75955
v 7.50961 130.668 -3.74939
v 7.42833 130.095 -3.73514
v 7.87155 130.117 -3.71979
v 5.71191 131.172 -3.78032
v 6.02992 131.121 -3.76577
v 6.00815 130.476 -3.7243
v 6.64518 129.853 -3.69768
v 6.53059 129.536 -3.68136
v 4.74937 128.991 -3.66725
v 6.12767 128.765 -3.63647
v 5.41826 128.219 -3.62835
v 2.34013 127.731 -3.69429
v 1.42861 126.68 -3.67416
v 1.6692 128.25 -3.68766
v 6.50972 127.184 -3.5605
v 5.5687 126.691 -3.58307
v 6.05231 127.299 -3.57352
v 5.08922 131.512 -3.8003
v 3.95528 132.131 -3.79569
v 4.82397 132.095 -3.79039
v 6.52474 127.442 -3.57095
v 6.53119 127.736 -3.57438
v 5.20985 129.105 -3.69386
v 6.05932 129.141 -3.64779
v 5.34814 129.541 -3.70516
v 6.09458 129.3 -3.65861
v 6.19291 129.601 -3.6729
v 4.30668 130.075 -3.72002
v 5.73434 130.06 -3.68271
v 1.95974 124.193 -3.55247
v 1.9262 123.745 -3.50223
v 1.56267 123.659 -3.48777
v 6.58132 129.116 -3.66505
v 6.15362 126.679 -3.60712
v 6.41374 126.633 -3.5403
v 2.61091 126.674 -3.69503
v 2.39576 125.482 -3.59647
v 6.75801 130 -3.69764
v 5.9307 127.625 -3.60484
v 5.19751 127.354 -3.59928
v 6.97616 130.449 -3.70821
v 4.51072 126.733 -3.62139
v 3.74173 127.264 -3.62249
v 5.36477 127.994 -3.64026
v 6.37599 131.128 -3.72829
v 6.02446 131.399 -3.71862
v 6.06077 127.91 -3.57692
v 6.52624 127.848 -3.59362
v 6.16911 128.359 -3.63121
v 4.82839 126.619 -3.6518
v 4.7079 127.506 -3.66114
v 5.50384 127.693 -3.64151
v 4.38821 126.515 -3.68769
v 5.53018 129.043 -3.70912
v 6.00752 128.913 -3.7125
v 6.08853 128.629 -3.67038
v 4.15249 129.652 -3.7654
v 4.56939 129.964 -3.74383
v 5.51559 129.252 -3.71168
v 5.96565 129.512 -3.72307
v 6.18065 129.712 -3.72932
v 6.08359 129.244 -3.71862
v 5.85445 129.934 -3.74112
v 3.81855 130.767 -3.83523
v 2.41411 131.277 -3.72687
v 3.00421 131.748 -3.82692
v 4.46149 130.771 -3.85637
v 4.93295 129.883 -3.7507
v 5.62658 129.81 -3.73216
v 3.19251 126.617 -3.66152
v 3.48779 132.374 -3.83224
v 5.92489 130.357 -3.77419
v 4.90087 131.04 -3.8128
v 4.34047 131.981 -3.79918
v 4.7746 131.928 -3.82329
v 6.13303 130.21 -3.75125
v 5.87718 130.585 -3.77354
v 3.88937 128.563 -3.76938
v 5.41237 127.799 -3.67682
v 3.93373 127.715 -3.67894
v 4.51421 132.6 -3.81183
v 5.17354 131.961 -3.80727
v 2.80274 128.395 -3.72648
v 2.64599 131.813 -3.83957
v 2.38451 131.002 -3.8481
v 0.701031 131.622 -3.87819
v 3.40726 130.622 -3.80275
v 4.61832 126.514 -3.61264
v 4.07832 126.131 -3.58144
v 4.07612 126.571 -3.62864
v 2.65221 128.345 -3.71703
v 3.08615 128.168 -3.74593
v 2.53888 129.554 -3.79578
v 2.2085 130.732 -3.8605
v 3.54228 129.413 -3.79082
v 4.05208 129.641 -3.75555
v 4.73349 129.015 -3.73351
v 3.23347 129.11 -3.81641
v 3.03 127.707 -3.68984
v 4.91483 128.979 -3.71307
v 4.7614 129.275 -3.72264
v 5.08263 129.33 -3.7206
v 3.15735 126.578 -3.68131
v 4.25433 127.106 -3.64224
v 4.74517 126.868 -3.59891
v 5.18685 129.522 -3.74099
v 4.77435 129.72 -3.76478
v 5.25435 129.761 -3.75726
v 2.79616 125.902 -3.64814
v 2.81752 126.94 -3.6492
v 2.36224 126.574 -3.66022
v 4.91573 127.126 -3.63273
v 4.71414 127.484 -3.66373
v 4.84067 130.134 -3.7927
v 3.8635 130.735 -3.82564
v 4.53486 130.734 -3.83696
v 1.42138 126.562 -3.71638
v 2.04995 127.435 -3.7044
v 3.74194 131.545 -3.80101
v 3.24938 131.677 -3.82131
v 5.27927 129.972 -3.75488
v 5.34862 130.359 -3.78265
v 4.271 127.245 -3.64086
v 4.39568 127.618 -3.6303
v 3.91112 128.032 -3.76067
v 4.6176 128.423 -3.67191
v 3.38557 131.972 -3.81714
v 3.77397 131.875 -3.82327
v 4.71135 130.93 -3.8125
v 5.16952 130.996 -3.8198
v 4.29212 131.824 -3.79865
v 4.78565 131.397 -3.82192
v 5.02519 131.274 -3.83913
v 5.32973 130.996 -3.80999
v 2.03075 127.258 -3.69931
v 1.25984 127.77 -3.7492
v 0.503767 126.654 -3.66767
v 1.5175 128.236 -3.73719
v 2.67639 128.295 -3.77651
v -0.622863 128.633 -3.78758
v -1.44993 128.08 -3.75044
v -1.29513 129.588 -3.86384
v 2.99038 128.194 -3.73805
v 1.6227 129.135 -3.8083
v 1.20749 129.898 -3.82763
v 2.43447 129.562 -3.80107
v 3.43357 128.531 -3.73276
v 2.70999 128.595 -3.77319
v 2.83533 128.966 -3.77063
v 3.5866 128.939 -3.74997
v 3.06073 129.164 -3.77846
v 2.55827 129.767 -3.83853
v 3.65747 129.563 -3.80408
v 1.21156 126.675 -3.65453
v 0.515847 125.482 -3.67464
v 1.55136 126.104 -3.63659
v 3.50935 129.967 -3.83222
v 3.93686 130.037 -3.79656
v 3.65222 130.132 -3.83528
v 3.81154 127.276 -3.65976
v 3.39063 127.915 -3.70398
v 3.92572 128.427 -3.75002
v 3.20072 127.341 -3.6947
v 1.02363 130.869 -3.84897
v 0.908066 131.572 -3.83506
v 2.30959 130.687 -3.84874
v -0.220716 131.721 -3.89941
v 2.52416 127.07 -3.66514
v 2.72155 126.468 -3.6689
v 4.01633 129.285 -3.78511
v 2.75023 127.134 -3.7034
v 1.05301 131.71 -3.83139
v 1.77708 132.011 -3.83045
v 2.99687 130.646 -3.88359
v 3.81377 130.638 -3.83066
v 3.12221 131.387 -3.80218
v 2.54273 131.707 -3.85277
v 1.02894 128.94 -3.80924
v 2.13247 132.305 -3.83885
v 3.56324 131.277 -3.79061
v 3.09742 132.148 -3.82443
v 2.50013 132.8 -3.86715
v 0.0784808 130.087 -3.84313
v 0.0508584 129.42 -3.84059
v -0.180152 130.904 -3.91239
v 0.929296 131.548 -3.80219
v 1.61928 130.743 -3.91183
v 2.42607 131.532 -3.82635
v 1.7675 131.388 -3.81556
v 2.87074 130.659 -3.88297
v 2.56558 128.65 -3.75382
v 1.27844 128.732 -3.78649
v 2.15851 129.021 -3.7864
v 2.04027 129.621 -3.82522
v 2.53808 129.787 -3.81866
v 2.64706 129.292 -3.79493
v 1.87753 129.806 -3.82469
v -1.36696 124.766 -3.67835
v -2.38023 124.909 -3.70791
v -1.78457 125.283 -3.74069
v 1.75656 130.822 -3.86371
v 2.77509 130.362 -3.85737
v 0.91139 132.409 -3.85895
v 3.06899 130.459 -3.86947
v 3.26093 130.533 -3.8628
v 2.70808 131.297 -3.79497
v 2.29925 131.915 -3.83349
v 2.72485 131.631 -3.84017
v -2.37414 128.881 -3.77971
v -2.11634 129.832 -3.82289
v 1.88296 128.822 -3.77392
v 1.18664 129.193 -3.8031
v 1.99503 129.092 -3.76587
v 1.05254 128.801 -3.76901
v 1.7436 129.55 -3.80687
v 1.23015 129.496 -3.81805
v 1.26367 129.907 -3.83843
v 1.39462 130.444 -3.85297
v 2.22573 130.085 -3.82437
v 2.11798 129.672 -3.80247
v 0.803636 126.173 -3.65141
v 0.634296 126.61 -3.6932
v 1.51137 127.058 -3.68712
v 0.101493 126.629 -3.71262
v 1.05612 127.643 -3.73196
v 1.53226 127.139 -3.72773
v 2.18365 130.266 -3.83409
v 2.4674 130.111 -3.82824
v -0.908574 125.894 -3.7035
v -0.53967 126.623 -3.74995
v 2.61849 129.756 -3.81272
v 2.26443 128.236 -3.75715
v 1.98505 127.314 -3.71593
v 1.8054 127.754 -3.71553
v -0.557036 127.327 -3.72413
v 1.60576 128.357 -3.74939
v 0.799143 131.254 -3.89614
v -0.0461088 131.483 -3.90188
v 0.29358 131.61 -3.90224
v 1.04274 131.499 -3.85489
v 2.56968 130.294 -3.84998
v 2.65873 130.624 -3.8734
v 2.19765 130.696 -3.86336
v 1.12284 127.963 -3.73807
v 1.89543 128.045 -3.73171
v 0.832528 128.431 -3.77202
v 2.01775 131.402 -3.81955
v 1.28754 132.168 -3.84369
v -0.271848 133.702 -4.03398
v -1.41693 134.451 -4.0777
v -0.544464 134.758 -4.17158
v 1.86419 131.985 -3.85034
v 2.49813 131.241 -3.81126
v 2.70452 130.973 -3.7375
v -0.300721 129.704 -3.8403
v -1.1554 129.573 -3.84804
v -0.742085 129.89 -3.82921
v 0.0751941 129.109 -3.80867
v 0.702266 128.911 -3.77888
v 0.296959 128.743 -3.76634
v 0.122359 130.084 -3.84115
v 0.234987 126.551 -3.67286
v -0.249956 126.327 -3.64889
v -0.474566 126.585 -3.75154
v -0.211745 126.009 -3.64784
v 1.2082 127.218 -3.70893
v 0.836978 127.128 -3.69669
v 1.35707 127.592 -3.71115
v -0.157986 127.084 -3.70351
v -1.88622 130.93 -3.94502
v -3.36389 131.68 -3.92909
v -2.77071 131.977 -3.95441
v -1.5373 131.456 -3.94493
v 0.77299 127.464 -3.72692
v 0.831092 127.686 -3.72261
v 1.15007 129.864 -3.81603
v 1.09767 130.182 -3.83652
v 1.36992 129.887 -3.82104
v -0.0590979 130.864 -3.90428
v -1.59431 125.989 -3.69274
v -1.98981 126.645 -3.74662
v 1.3374 127.927 -3.73095
v -0.713476 131.457 -3.90639
v -0.180367 131.412 -3.93694
v -0.396742 132.112 -3.93667
v 1.51586 130.24 -3.82291
v -0.406484 128.057 -3.7689
v -0.941967 127.706 -3.73784
v -0.497864 128.491 -3.76551
v 0.727779 127.95 -3.72246
v 0.407245 131.331 -3.91664
v 1.02688 128.513 -3.7532
v 1.25654 131.423 -3.88091
v 1.19421 130.929 -3.88521
v 0.886212 131.571 -3.92107
v 1.76164 130.704 -3.8537
v 1.36605 128.251 -3.74927
v 1.09881 130.462 -3.84975
v 0.659821 131.532 -3.88438
v 1.6982 130.349 -3.84747
v 0.610653 132.041 -3.84966
v -0.690895 128.803 -3.78727
v -2.6889 129.341 -3.85084
v -1.13603 129.494 -3.83374
v -1.57451 126.518 -3.78228
v -2.91965 125.587 -3.70244
v -2.51787 126.499 -3.74002
v -2.35788 130.913 -3.92291
v -3.35553 131.961 -3.90537
v -1.72268 131.417 -3.9077
v -0.9302 130.809 -3.92387
v 0.110853 129.104 -3.80176
v -1.51558 130.137 -3.83021
v 0.215713 129.516 -3.80288
v 0.459961 128.987 -3.79946
v -1.20199 128.345 -3.80109
v -1.28396 128.012 -3.78636
v -2.0943 128.439 -3.79267
v -1.84808 127.281 -3.74226
v -0.711699 127.061 -3.70615
v 0.28235 128.898 -3.77639
v -0.346186 128.551 -3.7976
v 0.540792 128.51 -3.76373
v -0.190041 128.21 -3.75497
v -1.58307 125.955 -3.70128
v -2.73567 125.103 -3.65223
v -0.428602 129.952 -3.8396
v 0.355443 129.778 -3.82393
v 0.170402 130.075 -3.83345
v 0.779683 129.963 -3.81716
v 0.680233 129.536 -3.80058
v -0.812259 127.657 -3.75628
v -0.109299 127.037 -3.70552
v 0.0974805 127.608 -3.72457
v 0.106401 127.075 -3.73762
v -0.773081 131.423 -3.88114
v 0.246284 130.661 -3.8721
v 0.488695 128.149 -3.75894
v 0.846499 130.056 -3.83415
v 0.732968 130.556 -3.86647
v -2.13164 127.742 -3.75848
v -1.56898 132.258 -3.95001
v -1.56299 133.111 -3.99224
v -0.175696 131.77 -3.90693
v -1.91277 131.763 -3.91528
v -0.649121 131.438 -3.88706
v 0.442017 130.862 -3.87631
v 0.829898 130.87 -3.87905
v 0.446713 131.321 -3.9123
v 0.166918 131.783 -3.90444
v 0.720392 131.351 -3.89699
v 0.433671 128.698 -3.76987
v 0.379679 131.889 -3.90371
v -0.0833394 131.972 -3.90879
v -2.15859 129.399 -3.84509
v -2.33395 129.84 -3.85223
v -1.18229 129.535 -3.8224
v -2.78199 131.961 -3.93933
v -1.80538 131.342 -3.91519
v -2.91541 131.465 -3.96876
v -2.17486 129.062 -3.82571
v -2.34353 128.509 -3.76799
v -2.61662 128.944 -3.79036
v -2.96929 130.902 -3.91017
v -3.2673 129.974 -3.88052
v -1.51798 130.31 -3.87693
v -3.30914 127.812 -3.78074
v -4.17041 128.28 -3.89796
v -0.852584 129.871 -3.8452
v -4.82285 124.856 -3.76433
v -4.42261 124.594 -3.66996
v -5.67166 124.21 -3.73504
v -0.809314 127.654 -3.74041
v -1.38641 127.442 -3.73149
v -1.06182 127.802 -3.75878
v -1.09873 127.361 -3.73769
v -2.2696 130.955 -3.90881
v -0.35772 130.052 -3.86434
v -0.983146 130.245 -3.82219
v -0.872697 130.597 -3.87536
v -1.91543 126.187 -3.6837
v -1.81441 126.621 -3.73181
v -1.49427 126.58 -3.74471
v -2.57755 126.513 -3.7387
v -3.35405 126.613 -3.76464
v -1.92236 127.272 -3.75295
v -3.80495 126.137 -3.72735
v -0.53394 128.306 -3.77355
v -1.25947 128.047 -3.76097
v -0.97991 128.505 -3.8072
v -0.836582 131.454 -3.89416
v -1.24656 131.402 -3.94347
v -1.3611 131.721 -3.89723
v -2.95227 127.265 -3.77879
v -2.18264 127.746 -3.76657
v -0.335366 130.892 -3.88786
v -2.12932 128.135 -3.8003
v -1.76954 131.653 -3.93756
v -1.00894 131.989 -3.91856
v -0.444984 131.49 -3.88884
v -0.902125 129.218 -3.80147
v -1.22127 128.759 -3.8259
v -0.687037 128.651 -3.79073
v -1.75194 132.838 -3.94198
v -2.67445 128.913 -3.84247
v -2.7459 129.338 -3.85455
v -2.30106 129.066 -3.85022
v -6.21427 125.604 -3.83003
v -7.37812 126.641 -3.87058
v -5.75628 126.711 -3.67152
v -2.56746 126.608 -3.76237
v -1.87969 126.996 -3.7571
v -2.12263 126.648 -3.74466
v -2.27963 127.517 -3.7718
v -5.37188 126.206 -3.78443
v -1.51969 129.186 -3.83293
v -1.88378 128.899 -3.84426
v -2.6973 129.734 -3.87988
v -1.99887 129.539 -3.83359
v -3.84314 129.682 -3.89599
v -2.51115 128.497 -3.81563
v -1.69161 128.498 -3.80012
v -2.2055 128.216 -3.7854
v -3.38 126.616 -3.76492
v -1.66468 129.57 -3.8661
v -2.0636 129.909 -3.8743
v -3.76781 130.453 -3.92571
v -3.26356 130.192 -3.9153
v -1.60851 129.785 -3.87006
v -1.94675 130.287 -3.88981
v -3.25165 130.912 -3.9338
v -5.06823 131.469 -3.99262
v -5.6761 125.425 -3.79678
v -4.47351 125.296 -3.79911
v -6.29435 124.703 -3.69751
v -1.50668 130.089 -3.88924
v -3.55681 125.95 -3.77495
v -1.57177 127.735 -3.77296
v -1.74485 128.053 -3.80478
v -3.88833 127.224 -3.79796
v -3.78082 126.617 -3.82819
v -4.27077 127.796 -3.82294
v -2.75427 128.123 -3.81043
v -3.12491 127.585 -3.77564
v -3.43076 131.452 -4.02676
v -4.03345 131.447 -3.99573
v -1.58047 130.313 -3.88846
v -2.20284 127.923 -3.80536
v -3.68443 132.024 -3.96337
v -1.99728 130.52 -3.88644
v -3.00445 131.477 -3.99903
v -2.01959 131.061 -3.90429
v -1.72677 128.366 -3.80603
v -3.51248 128.272 -3.82724
v -1.53334 131.019 -3.88096
v -2.41048 131.513 -3.97249
v -1.82325 131.446 -3.9129
v -2.10947 128.746 -3.79573
v -4.48002 133.109 -4.04186
v -3.80991 133.258 -4.02638
v -3.05499 132.535 -3.97192
v -1.52582 131.224 -3.93328
v -1.51325 131.388 -3.91953
v -3.29915 133.187 -4.02508
v -5.65784 127.24 -3.83362
v -5.48918 127.813 -3.83222
v -4.22489 127.862 -3.84215
v -4.16737 128.977 -3.87908
v -3.28236 129.13 -3.8816
v -3.11386 128.675 -3.83795
v -4.20699 129.474 -3.90037
v -4.29508 130.188 -3.92239
v -5.14852 129.818 -3.92748
v -2.92852 129.23 -3.86259
v -3.25216 129.481 -3.87659
v -5.58858 130.197 -3.92572
v -2.71912 130.34 -3.90678
v -3.16554 129.999 -3.9121
v -3.20661 130.485 -3.92246
v -2.98941 129.664 -3.87827
v -4.2943 126.06 -3.77396
v -4.94438 124.973 -3.68141
v -5.60862 124.997 -3.7289
v -2.75982 127.282 -3.79312
v -3.21509 127.035 -3.76472
v -2.87806 127.952 -3.82431
v -2.80861 127.099 -3.79306
v -3.07496 126.552 -3.75474
v -3.03162 126.943 -3.75022
v -4.26053 130.565 -3.971
v -4.23197 126.629 -3.79194
v -3.84415 127.411 -3.80264
v -6.71681 131.617 -4.05154
v -7.27762 131.705 -3.82283
v -7.35195 132.639 -3.99038
v -4.04093 131.034 -3.93988
v -5.63101 131.48 -3.98194
v -5.16981 132.14 -3.96271
v -3.27658 127.792 -3.80507
v -6.06782 126.072 -3.76088
v -4.60428 126.666 -3.79973
v -4.19586 131.534 -3.97536
v -3.40444 130.939 -3.96727
v -2.72463 130.457 -3.90673
v -2.87813 130.956 -3.94782
v -3.84241 128.479 -3.86036
v -3.36111 128.375 -3.85072
v -3.29594 128.091 -3.81563
v -4.9812 132.341 -3.96463
v -4.3579 132.085 -3.99739
v -3.71134 131.423 -3.98486
v -3.18258 131.507 -3.97123
v -5.14665 128.422 -3.85054
v -4.60698 128.805 -3.89778
v -4.06605 132.181 -3.97598
v -2.78497 131.206 -3.95477
v -3.52988 132.057 -3.95624
v -5.70731 130.194 -3.95091
v -4.54341 129.813 -3.94095
v -5.45074 129.657 -3.93515
v -6.16113 126.089 -3.78186
v -6.29851 126.55 -3.79829
v -5.57557 126.617 -3.87422
v -5.02029 129.059 -3.88945
v -6.5418 129.226 -3.92551
v -4.32887 129.024 -3.89894
v -4.37874 129.502 -3.90845
v -4.03912 127.433 -3.83083
v -4.64164 126.659 -3.82775
v -4.56502 127.118 -3.82969
v -3.8734 127.685 -3.84343
v -4.24681 127.551 -3.84453
v -3.8128 128.017 -3.85028
v -3.97296 130.095 -3.94963
v -4.3801 130.166 -3.96486
v -3.95237 129.343 -3.90551
v -6.4696 127.269 -3.89102
v -7.22943 127.656 -3.86933
v -5.68875 127.802 -3.86568
v -5.26862 126.236 -3.78479
v -5.19027 126.544 -3.80433
v -5.94424 130.821 -4.02093
v -4.35644 128.379 -3.87767
v -5.27334 128.418 -3.88106
v -5.23553 127.576 -3.84986
v -4.35864 127.912 -3.85006
v -4.22965 128.113 -3.86191
v -4.00728 130.273 -3.9552
v -4.54174 130.518 -3.98956
v -4.61177 130.981 -4.00747
v -3.7693 128.233 -3.85949
v -3.95039 128.521 -3.88253
v -5.84844 128.857 -3.93279
v -6.5675 126.68 -3.83836
v -4.21922 131.026 -3.97641
v -4.77768 131.441 -4.00376
v -5.76935 131.478 -4.00714
v -6.43165 132.462 -4.04671
v -4.35291 128.832 -3.89382
v -6.4588 132.821 -4.05773
v -5.95993 132.366 -4.04537
v -4.06078 128.774 -3.87493
v -5.35368 132.163 -3.98553
v -4.59557 131.705 -4.02849
v -4.3642 131.506 -4.01952
v -4.055 131.439 -4.01676
v -5.36511 129.986 -3.96398
v -5.57386 130.193 -3.96465
v -4.98413 130.17 -3.97994
v -6.62386 126.534 -3.8013
v -7.43109 126.726 -3.84483
v -6.27679 127.255 -3.86872
v -11.7951 130.958 -4.14546
v -10.81 130.058 -3.96947
v -11.8062 130.746 -2.8349
v -7.03918 127.671 -3.85557
v -6.59991 129.305 -3.93677
v -5.49155 129.245 -3.92899
v -5.93684 128.925 -3.92144
v -5.30795 129.627 -3.94545
v -4.73985 129.24 -3.92872
v -5.16303 128.766 -3.89889
v -6.58213 129.604 -3.95581
v -8.18766 129.904 -3.98652
v -7.61966 130.255 -3.9514
v -6.58508 130.064 -3.99601
v -6.19337 130.512 -4.00514
v -5.43133 130.847 -4.01251
v -5.33984 128.233 -3.89654
v -5.48718 127.81 -3.87632
v -5.95838 127.853 -3.87933
v -4.73861 128.262 -3.8773
v -4.8616 129.777 -3.95486
v -6.13588 126.558 -3.78854
v -5.13157 127.323 -3.85851
v -5.36976 126.652 -3.84658
v -5.67728 127.271 -3.83348
v -5.17367 127.634 -3.8697
v -4.63798 127.795 -3.87952
v -4.72828 128.046 -3.88134
v -6.81082 131.137 -4.04151
v -7.8497 131.61 -4.09293
v -8.07351 131.135 -4.0247
v -6.61494 131.573 -4.04158
v -5.90881 131.458 -4.01609
v -5.3404 128.472 -3.90445
v -6.44474 128.396 -3.86452
v -7.08157 127.92 -3.94974
v -6.57148 131.825 -4.03546
v -6.18003 132.052 -4.06318
v -4.80252 128.512 -3.91661
v -5.15035 130.986 -4.02263
v -8.20068 128.37 -3.93551
v -8.1707 126.196 -3.82149
v -7.10921 126.661 -3.86963
v -8.36166 125.278 -3.82114
v -7.76256 126.713 -3.90093
v -7.92223 128.594 -3.95821
v -7.84632 129.144 -3.98605
v -6.88702 128.788 -3.94532
v -9.80024 129.124 -4.02865
v -11.5205 128.858 -3.95604
v -10.9763 129.673 -3.98559
v -9.76405 129.855 -4.00569
v -6.8054 129.274 -3.97826
v -7.8342 129.519 -4.0291
v -7.17085 127.273 -3.84143
v -6.54879 127.302 -3.89489
v -11.5897 130.64 -4.06004
v -9.59399 130.384 -4.0777
v -7.98414 130.255 -4.03979
v -6.83182 129.837 -3.9865
v -9.0636 125.011 -3.7957
v -6.44944 129.432 -3.9794
v -6.89116 129.483 -3.97807
v -6.40633 129.745 -4.00228
v -6.18505 127.757 -3.89615
v -6.23717 127.304 -3.88601
v -6.63132 127.095 -3.87464
v -9.68985 131.062 -4.16318
v -7.27246 127.646 -3.90906
v -7.76683 128.071 -3.933
v -6.73222 128.335 -3.93695
v -8.21695 127.769 -3.90527
v -6.65619 127.687 -3.89128
v -6.23 128.232 -3.93558
v -6.2447 127.813 -3.89828
v -10.1219 131.92 -4.1466
v -8.36597 131.13 -4.08494
v -7.90575 130.471 -4.07993
v -7.06668 130.139 -4.02054
v -6.55003 130.364 -4.01576
v -6.80955 127.776 -3.90298
v -11.6477 131.436 -4.1499
v -11.0578 132.411 -4.09717
v -9.68119 132.282 -4.16831
v -7.49165 128.282 -3.92871
v -6.84229 128.587 -3.93174
v -8.33703 128.329 -3.94826
v -9.60308 132.98 -4.09589
v -7.94749 131.544 -4.11735
v -8.23722 132.093 -4.03006
v -7.26485 131.537 -4.12953
v -7.08376 131.69 -4.09362
v -6.82874 131.532 -4.0741
v -6.67157 131.038 -4.06878
v -8.5639 128.89 -4.00975
v -8.31902 128.8 -4.01112
v -9.20817 128.335 -3.98826
v -9.54355 129.561 -4.08544
v -8.95742 129.945 -4.0799
v -8.62688 127.354 -3.9179
v -9.68013 126.199 -3.88749
v -9.50946 127.376 -3.94601
v -10.373 131.041 -4.17245
v -8.94137 130.504 -4.07821
v -8.8022 130.917 -4.14956
v -8.19764 130.123 -4.05518
v -8.98241 131.591 -4.11441
v -7.84967 131.118 -4.04184
v -9.93211 132.27 -4.19171
v -9.77884 132.546 -4.15864
v -9.29955 128.502 -3.97348
v -8.26321 129.131 -4.00385
v -7.86513 129.223 -4.02239
v -8.27825 129.776 -4.0622
v -7.80702 130.003 -4.06623
v -10.0084 130.407 -4.06313
v -8.11445 126.35 -4.07859
v -8.10736 127.602 -3.95227
v -8.01817 126.96 -3.89838
v -7.75087 128.056 -3.96514
v -7.86863 130.337 -4.07164
v -8.00274 131.053 -4.12573
v -8.77438 131.541 -4.15947
v -8.48398 131.769 -4.1472
v -8.37253 127.874 -3.96171
v -8.31736 128.323 -3.98645
v -8.61331 128.058 -3.97033
v -8.53056 127.676 -3.932
v -9.71503 133.027 -4.11557
v -9.76835 127.77 -3.95871
v -8.39051 132.174 -4.08338
v -9.41429 128.158 -3.95849
v -9.16765 127.955 -3.9272
v -8.33781 128.344 -3.94504
v -8.26863 127.997 -3.91536
v -9.18285 129.575 -4.03384
v -9.20146 130.226 -4.06395
v -7.84251 129.731 -3.99933
v -9.38147 125.514 -3.84468
v -9.76248 126.053 -3.89254
v -8.54454 126.674 -3.92765
v -11.2053 125.004 -3.89557
v -8.30914 129.355 -3.98748
v -11.3645 128.962 -3.99336
v -10.1869 131.075 -4.14782
v -9.34762 131.317 -4.12994
v -8.47797 130.351 -4.03767
v -10.2236 131.722 -4.15934
v -7.80054 128.036 -3.94224
v -7.61974 128.266 -3.93747
v -7.40689 128.2 -3.95421
v -7.5244 130.396 -4.04289
v -7.95472 130.248 -4.0378
v -7.8021 130.437 -4.04044
v -7.80882 130.02 -4.02311
v -9.09115 132.057 -4.16205
v -9.01984 132.258 -4.12758
v -7.9646 131.699 -4.11825
v -10.7011 128.865 -4.04101
v -7.69192 127.679 -3.91414
v -7.7941 127.339 -3.8897
v -8.11878 127.398 -3.89352
v -7.23512 127.728 -3.90532
v -7.49109 127.057 -3.87848
v -8.14094 126.715 -3.89006
v -12.0301 123.785 -3.83993
v -12.9403 124.649 -3.87131
v -7.17217 128.505 -3.93206
v -8.20673 127.746 -3.90056
v -7.74855 131.077 -4.10735
v -7.57104 131.56 -4.1037
v -7.86831 128.693 -3.96084
v -7.82398 128.977 -4.0001
v -11.146 129.848 -3.99354
v -9.91888 129.899 -4.02224
v -10.5019 129.334 -4.05894
v -11.2926 132.778 -4.11105
v -10.7483 132.881 -4.12979
v -9.15244 131.106 -4.11904
v -8.33115 130.605 -4.06059
v -8.76307 130.469 -4.04445
v -8.46172 131.103 -4.08473
v -10.1029 131.153 -4.09574
v -11.1555 131.817 -4.08253
v -9.50096 132.008 -4.11739
v -12.9815 130.845 -4.21951
v -12.2889 130.231 -4.07158
v -12.4346 131.525 -4.09785
v -9.99474 130.473 -4.07894
v -9.98191 130.105 -4.04781
v -12.9668 129.568 -4.07498
v -9.31423 128.474 -3.97694
v -11.166 127.905 -3.9649
v -11.2935 128.717 -4.04055
v -9.44727 129.345 -3.98926
v -9.83761 128.993 -3.95198
v -8.96359 126.662 -3.88292
v -9.73272 126.674 -3.92758
v -8.64561 127.353 -3.89993
v -9.81533 126.329 -3.84234
v -8.6432 129.157 -3.99409
v -8.30015 129.323 -3.98324
v -8.26535 128.885 -3.99022
v -8.62227 129.554 -4.00539
v -8.19664 129.521 -4.00494
v -8.39419 129.902 -4.03052
v -8.73142 129.972 -4.03057
v -8.69552 130.117 -4.04355
v -8.42032 130.22 -4.06207
v -10.1471 126.651 -3.94185
v -8.01917 127.485 -3.90042
v -8.49739 127.82 -3.92931
v -8.05698 127.93 -3.92869
v -8.13327 128.175 -3.9407
v -10.0059 127.376 -3.91486
v -9.03998 127.375 -3.88393
v -10.5591 131.741 -4.12031
v -10.2969 127.876 -3.98166
v -9.12089 127.911 -3.92039
v -8.77239 127.843 -3.94714
v -8.97843 131.476 -4.05065
v -8.95598 131.547 -4.07694
v -8.54611 131.469 -4.14136
v -8.77209 128.197 -3.94337
v -8.32503 128.313 -3.94676
v -8.56744 128.695 -3.97178
v -8.78554 129.055 -3.99307
v -12.1231 128.575 -3.96041
v -12.6274 127.628 -3.8731
v -10.0551 132.853 -4.14925
v -9.37815 128.146 -3.95151
v -9.08332 132.062 -4.17725
v -8.58115 131.578 -4.10902
v -13.6563 134.53 -4.11745
v -14.6742 134.721 -3.67856
v -14.4778 135.356 -2.9909
v -10.1219 131.948 -4.15767
v -10.4266 132.237 -4.15895
v -10.2183 128.034 -3.97199
v -10.2827 128.571 -3.98008
v -9.71871 128.502 -3.97126
v -11.1388 127.905 -3.96509
v -10.079 131.154 -4.09187
v -12.3191 130.348 -4.1203
v -11.7206 130.922 -4.13587
v -10.7008 130.168 -4.06454
v -10.9881 129.666 -4.05252
v -9.78517 129.675 -4.0162
v -10.3731 129.286 -4.00104
v -11.9768 129.071 -4.03398
v -10.6287 128.782 -4.01777
v -9.48489 129.353 -3.99408
v -9.40157 129.643 -4.03061
v -9.06851 128.773 -3.96962
v -9.44967 128.398 -3.95849
v -9.04242 128.454 -3.9695
v -9.7077 128.798 -3.97387
v -9.89585 130.699 -4.04441
v -9.98525 130.392 -4.0529
v -10.4446 130.811 -4.08351
v -9.56509 130.136 -4.16681
v -9.34524 129.357 -4.01296
v -9.92382 129.896 -4.01038
v -13.36 131.39 -4.02629
v -11.6069 131.535 -4.08214
v -11.2521 129.89 -4.0313
v -9.47641 129.952 -4.05929
v -10.7873 130.684 -4.07853
v -10.8631 131.694 -4.11342
v -9.31098 130.542 -4.04413
v -10.0091 127.365 -3.91413
v -10.5985 126.682 -3.92064
v -11.723 126.795 -3.93609
v -11.8951 131.935 -4.09072
v -9.38267 128.145 -3.94559
v -9.48845 131.158 -4.08765
v -9.2005 130.715 -4.06434
v -9.05069 129.06 -3.97763
v -12.1395 126.38 -3.89345
v -12.6668 126.397 -3.89583
v -11.5538 132.397 -4.12778
v -10.3085 127.565 -3.94284
v -9.38962 127.75 -3.9061
v -9.45565 127.325 -3.9193
v -9.0466 127.828 -3.92915
v -12.1636 128.142 -3.9487
v -12.939 128.123 -3.96567
v -10.058 129.391 -3.98434
v -10.7501 129.47 -4.00556
v -10.7297 130.134 -4.08029
v -10.2617 129.165 -3.97388
v -10.0391 128.867 -3.95341
v -12.894 129.991 -4.08715
v -11.3478 129.266 -4.00126
v -12.4955 129.034 -4.00309
v -11.89 128.793 -4.03642
v -12.2136 128.512 -3.95621
v -11.144 129.603 -3.97887
v -11.2352 130.038 -4.06176
v -10.1746 130.18 -4.03204
v -10.7983 130.084 -4.00384
v -12.2946 130.318 -4.09754
v -11.7567 130.624 -4.08036
v -9.86569 127.973 -3.9105
v -10.3335 127.628 -3.88551
v -10.161 127.997 -3.92397
v -10.0954 127.576 -3.89753
v -10.4798 127.325 -3.87361
v -13.1881 131.308 -4.11838
v -11.6389 130.875 -4.10998
v -12.2412 131.433 -4.03225
v -10.7606 130.601 -4.02818
v -10.1108 130.244 -4.02918
v -10.4511 130.825 -3.99511
v -11.543 131.496 -4.0468
v -12.7418 131.968 -4.05946
v -12.4476 126.076 -3.87016
v -12.8931 125.024 -3.78008
v -13.6877 125.154 -3.75892
v -11.5999 127.89 -3.93342
v -11.6985 128.337 -3.95271
v -10.414 128.374 -3.93697
v -12.2465 128.073 -3.94862
v -10.6175 131.104 -4.07895
v -10.4007 131.198 -4.07846
v -10.2399 130.735 -4.0346
v -9.97637 128.327 -3.93424
v -10.2334 128.59 -3.96321
v -12.7222 132.366 -4.08987
v -12.7076 133.197 -4.17572
v -11.8542 131.894 -4.06657
v -11.5009 132.344 -4.09806
v -10.9426 127.276 -3.88601
v -11.1706 127.772 -3.90725
v -10.4804 127.919 -3.91605
v -12.643 126.732 -3.9111
v -12.0512 127.758 -3.96043
v -10.3336 128.863 -3.93703
v -10.4857 128.589 -3.96047
v -13.282 129.395 -4.06445
v -13.3226 129.613 -4.06895
v -12.8631 129.394 -4.06074
v -12.7652 128.698 -4.02175
v -12.3771 129.629 -4.05502
v -11.5864 129.274 -4.0207
v -11.9622 128.742 -4.00123
v -11.154 129.624 -4.03097
v -11.5243 129.505 -4.01209
v -11.1727 129.789 -4.03477
v -11.2044 129.357 -4.01626
v -13.6297 130.114 -4.07166
v -12.2898 130.011 -4.05153
v -13.8211 130.952 -4.1526
v -12.0358 129.968 -4.05351
v -12.3127 130.329 -4.11348
v -11.2446 130.041 -4.09014
v -11.6998 130.1 -4.04878
v -11.3913 130.525 -4.06723
v -13.2201 125.144 -3.85426
v -12.6079 126.19 -3.86555
v -12.2782 125.873 -3.85236
v -11.7256 130.692 -4.07859
v -12.7821 130.883 -4.1512
v -13.7277 131.414 -4.01773
v -11.3209 127.112 -3.82393
v -12.6051 126.754 -3.93722
v -11.6923 126.572 -3.84313
v -11.3813 127.511 -3.91654
v -11.0304 127.34 -3.9139
v -14.1094 132.332 -4.14658
v -12.6527 131.396 -4.03759
v -11.6581 130.823 -4.09595
v -11.4089 131.118 -4.10037
v -11.8997 131.242 -4.15718
v -13.6044 125.804 -3.89333
v -11.8257 127.545 -3.92532
v -11.6175 127.922 -3.95981
v -11.1485 127.675 -3.92718
v -12.1689 127.711 -3.91829
v -13.2274 132.035 -4.08455
v -13.2398 132.641 -4.11299
v -12.2995 131.488 -4.05179
v -12.52 126.934 -3.92702
v -13.0839 127.464 -3.98514
v -12.7396 132.377 -4.10104
v -12.0339 131.744 -4.07195
v -13.283 132.986 -4.11938
v -11.618 131.679 -4.068
v -12.2617 128.106 -3.95699
v -11.551 128.42 -4.00811
v -11.1998 128.239 -3.94913
v -11.1573 129.036 -3.99743
v -11.2714 128.64 -3.99871
v -13.0416 128.097 -3.96384
v -12.671 128.32 -3.97534
v -12.9629 127.804 -3.94184
v -13.1065 128.654 -3.99822
v -11.2215 128.492 -3.92599
v -11.5488 128.493 -4.03673
v -12.7706 129.52 -4.08212
v -13.8958 129.395 -4.06436
v -13.3592 129.711 -4.08469
v -12.2052 129.87 -4.0689
v -12.3836 129.728 -4.06701
v -12.6998 130.004 -4.06673
v -12.3299 129.373 -4.03792
v -17.1438 131.273 -4.14072
v -16.8502 132.454 -4.12598
v -16.2014 131.305 -4.18085
v -14.8225 127.57 -3.96337
v -15.6033 126.521 -3.9081
v -15.9337 126.979 -3.91027
v -14.4888 129.331 -4.04608
v -14.6997 129.68 -4.08086
v -13.8106 128.985 -4.0489
v -13.6889 130.213 -4.08412
v -13.4507 130.478 -4.11727
v -14.1499 128.4 -4.02129
v -13.0671 128.166 -3.98717
v -13.2911 128.573 -3.99895
v -14.3365 130.485 -4.14893
v -12.0668 129.051 -4.01413
v -12.5328 130.147 -4.09321
v -12.9948 130.753 -4.10754
v -13.7318 130.99 -4.10152
v -13.2208 126.836 -3.96369
v -13.0782 127.534 -3.99478
v -12.7324 127.091 -3.92618
v -14.0987 126.928 -3.94593
v -12.2721 130.243 -4.11
v -14.9791 130.989 -4.17107
v -14.7902 131.546 -4.03847
v -15.4194 132.568 -4.14008
v -13.7368 131.59 -4.05116
v -12.2919 130.365 -4.10781
v -12.7856 131.106 -4.15208
v -12.8707 126.866 -3.8905
v -12.6705 126.804 -3.87976
v -12.0588 127.181 -3.89752
v -14.5121 126.933 -3.92773
v -13.3077 127.612 -3.94299
v -14.0058 125.714 -3.82752
v -14.7374 126.034 -3.98596
v -12.2474 127.598 -3.95749
v -12.2374 127.777 -3.96061
v -12.6822 128.421 -3.98779
v -12.2843 128.51 -3.991
v -12.5532 128.08 -3.98659
v -12.1898 130.809 -4.1232
v -12.3384 127.899 -3.90391
v -12.332 128.206 -4.0094
v -15.849 125.577 -3.89518
v -12.4995 129.195 -4.05293
v -12.4903 129.006 -4.02618
v -13.3001 131.824 -4.05522
v -12.8163 131.343 -4.05113
v -12.8629 131.692 -4.11084
v -13.2984 132.151 -4.106
v -17.2213 128.297 -4.00229
v -15.8656 128.018 -3.99733
v -12.6446 128.509 -3.98673
v -14.0425 128.912 -4.0177
v -13.0165 132.096 -4.11778
v -14.6461 130.081 -4.1268
v -14.6345 129.702 -4.08686
v -15.0534 130 -4.09628
v -15.9747 131.548 -4.0874
v -16.9419 132.017 -4.1138
v -13.5132 129.268 -4.05537
v -13.4043 129.742 -4.08604
v -13.1752 129.537 -4.07694
v -17.4766 130.057 -4.03156
v -18.3663 129.591 -4.07868
v -18.6687 131.076 -4.292
v -13.4179 130.057 -4.08869
v -14.2397 130.497 -4.14014
v -12.9068 129.398 -4.06775
v -12.9992 129.928 -4.09003
v -13.031 127.575 -4.01927
v -13.2818 127.926 -3.98625
v -13.0077 128.177 -3.94196
v -13.9789 128.129 -3.99517
v -14.4998 128.582 -3.97926
v -13.4313 128.434 -4.0145
v -18.2097 131.553 -4.05091
v -14.739 130.981 -4.18489
v -15.8973 132.24 -4.14642
v -14.3142 127.507 -3.96844
v -14.5358 131.56 -4.07138
v -15.8931 128.021 -4.04166
v -16.4571 127.701 -3.96418
v -13.4693 131.057 -4.15364
v -15.3355 128.911 -4.07014
v -13.4069 129.064 -4.04865
v -13.9842 128.941 -4.02266
v -13.2711 128.562 -4.00641
v -13.1729 130.952 -4.16131
v -13.1388 130.712 -4.13638
v -12.9483 129.076 -4.03706
v -14.3151 131.636 -4.07574
v -13.7283 131.54 -4.08937
v -14.2859 132.225 -4.11081
v -15.8464 132.827 -4.16017
v -15.0354 132.913 -4.13823
v -16.1026 129.462 -4.05088
v -15.3579 129.762 -4.10052
v -15.2236 129.317 -4.07665
v -15.3682 128.931 -4.07545
v -16.2582 128.57 -4.03374
v -14.5254 129.28 -4.07232
v -14.6075 129.608 -4.09591
v -13.9726 129.347 -4.07412
v -14.3097 128.954 -4.03034
v -15.0078 128.208 -4.00653
v -14.3602 128.668 -4.02937
v -14.4824 128.338 -4.0119
v -15.2399 130.594 -4.15855
v -15.2696 130.179 -4.12856
v -15.9687 130.293 -4.11218
v -14.4244 130.324 -4.12291
v -17.3875 131.066 -4.19677
v -18.3628 131.042 -4.20029
v -18.3371 131.586 -4.08062
v -14.545 129.874 -4.10341
v -14.2042 130.596 -4.16186
v -14.076 130.066 -4.09902
v -16.3915 127.042 -3.98267
v -17.4801 126.503 -3.9066
v -17.447 127.072 -3.9517
v -17.0228 131.709 -4.10182
v -15.8546 131.297 -4.18226
v -19.3317 132.473 -4.11526
v -14.8449 131.009 -4.16093
v -16.03 131.543 -4.08335
v -15.5192 131.408 -4.07196
v -14.462 130.409 -4.1191
v -15.9123 132.232 -4.12257
v -15.0669 131.676 -4.09472
v -14.9707 131.354 -4.2036
v -14.6224 131.616 -4.09963
v -16.0238 132.759 -4.15176
v -15.6296 132.177 -4.13806
v -14.8507 130.091 -4.1232
v -15.3309 131.022 -4.17678
v -14.9445 131.364 -4.20556
v -15.1793 129.626 -4.08715
v -15.7807 129.215 -4.07665
v -15.2817 129.208 -4.05867
v -16.1505 130.136 -4.12753
v -16.6803 129.13 -4.04653
v -14.9676 129.465 -4.09719
v -16.3988 128.879 -4.08461
v -15.3777 129.015 -4.07212
v -15.6199 128.518 -4.02026
v -15.2683 130.063 -4.10313
v -16.1309 131.008 -4.1869
v -15.2181 126.988 -3.94267
v -15.9463 126.339 -3.94435
v -16.0303 126.874 -3.95931
v -15.2441 126.528 -3.91924
v -15.3092 127.342 -3.97178
v -15.2608 130.444 -4.1422
v -15.1658 128.227 -4.01827
v -15.5305 128.519 -4.03774
v -14.857 128.611 -4.03443
v -17.4481 126.94 -4.02888
v -16.4215 127.441 -3.99133
v -17.5105 126.498 -3.92054
v -15.6598 131.008 -4.19956
v -15.1511 127.994 -4.01442
v -14.7195 128.058 -4.00273
v -14.8064 127.805 -3.98831
v -16.7181 127.708 -4.00961
v -17.0252 128.156 -4.06732
v -16.2593 127.881 -3.98632
v -17.1959 131.622 -4.09121
v -17.3805 132.403 -4.12952
v -16.4389 131.716 -4.12043
v -16.4504 131.391 -4.23395
v -14.8897 128.382 -4.02
v -17.4085 128.601 -4.06135
v -16.7404 132.638 -4.16238
v -15.9647 131.945 -4.10419
v -14.9764 128.835 -4.04215
v -15.3732 131.408 -4.08611
v -16.5541 129.133 -4.08717
v -16.1849 129.474 -4.08114
v -15.9448 129.108 -4.07617
v -16.7738 131.032 -4.19216
v -16.8494 131.394 -4.22839
v -16.42 131.331 -4.21907
v -17.2226 128.709 -4.08564
v -18.1974 129.336 -4.10619
v -17.0855 127.749 -4.0116
v -17.9688 127.053 -4.01002
v -17.8315 127.697 -4.00448
v -16.3813 128.687 -4.042
v -16.3364 129.866 -4.11397
v -15.9002 129.648 -4.11136
v -17.2587 128.396 -4.05644
v -18.1736 128.123 -4.03931
v -17.7268 131.088 -4.22317
v -19.0398 131.076 -4.23837
v -18.7762 131.694 -4.10555
v -17.4337 130.305 -4.18202
v -17.2739 127.09 -3.99419
v -16.4553 127.797 -4.01648
v -16.9171 126.881 -3.97129
v -16.4458 130.372 -4.14066
v -17.3521 131.13 -4.16628
v -18.1533 131.578 -4.08593
v -15.8387 128.054 -4.01386
v -15.8195 127.789 -3.99663
v -17.2631 131.679 -4.12716
v -16.9533 127.508 -4.00286
v -15.7567 128.579 -4.05867
v -15.9459 128.224 -4.0389
v -16.23 128.574 -4.04662
v -18.032 132.252 -4.13395
v -16.0399 130.061 -4.12898
v -17.0334 131.76 -4.12881
v -17.7733 132.251 -4.13441
v -17.3739 132.409 -4.15635
v -17.7166 128.487 -4.03903
v -20.7519 135.411 -4.43435
v -20.4651 133.573 -4.22811
v -20.6384 134.999 -3.76459
v -17.1765 129.09 -4.1097
v -17.387 129.466 -4.11071
v -16.8778 129.279 -4.09131
v -18.2315 129.254 -4.13289
v -17.763 129.749 -4.1196
v -18.4699 129.631 -4.10599
v -19.6331 127.021 -4.0415
v -18.7196 128.203 -4.04437
v -18.1497 127.953 -4.02236
v -21.1158 128.826 -4.16073
v -19.73 128.351 -4.0303
v -20.9668 128.237 -4.13589
v -18.1569 128.793 -4.08704
v -17.106 129.813 -4.13898
v -16.91 129.734 -4.12908
v -17.8659 130.127 -4.12222
v -17.195 130.092 -4.10409
v -18.3811 131.025 -4.20529
v -19.0776 131.705 -4.11746
v -19.071 131.072 -4.24762
v -20.0587 131.715 -4.11211
v -18.3809 131.393 -4.23932
v -18.1933 131.607 -4.11728
v -16.7342 128.72 -4.05358
v -17.1328 128.722 -4.04853
v -17.4595 130.825 -4.19292
v -16.7752 131.043 -4.21541
v -16.776 129.941 -4.13468
v -17.364 131.123 -4.1736
v -20.7392 132.753 -4.21776
v -19.3997 132.535 -4.20612
v -20.7351 133.483 -4.20222
v -18.537 132.303 -4.16154
v -17.6627 131.727 -4.12856
v -17.4704 131.402 -4.22892
v -18.0654 132.274 -4.15117
v -19.7589 128.894 -4.07361
v -19.9758 128.106 -4.03125
v -18.1737 129.333 -4.11947
v -17.7228 129.22 -4.11378
v -17.9852 129.079 -4.08402
v -18.5511 129.658 -4.17068
v -18.1018 129.678 -4.14611
v -17.5062 129.826 -4.14919
v -18.0338 129.96 -4.14226
v -18.0281 130.339 -4.17397
v -20.4876 131.408 -4.24808
v -19.7725 131.67 -4.12411
v -19.095 131.044 -4.21474
v -21.1776 132.364 -4.20593
v -18.8196 131.35 -4.26758
v -20.2057 132.304 -4.20076
v -22.3415 132.202 -4.2102
v -21.9111 133.527 -4.22012
v -18.1255 130.64 -4.21061
v -18.4176 131.059 -4.22108
v -17.6038 130.377 -4.1717
v -17.6075 130.67 -4.18667
v -19.4679 132.442 -4.1891
v -18.9844 132.099 -4.14792
v -18.1801 131.623 -4.1363
v -17.7067 131.094 -4.21401
v -19.6343 129.249 -4.13731
v -18.9499 128.831 -4.09338
v -19.9574 128.865 -4.11043
v -21.1798 128.801 -4.1331
v -19.9547 128.413 -4.10863
v -20.8518 129.524 -4.14396
v -21.3281 130.07 -4.1958
v -20.2598 129.691 -4.15788
v -19.0481 129.503 -4.13314
v -19.7758 129.968 -4.18215
v -18.6113 129.189 -4.10535
v -19.1488 129.311 -4.13492
v -21.7177 123.961 -3.92583
v -22.1971 124.3 -3.91157
v -21.7007 124.681 -3.94771
v -24.0689 131.715 -4.14808
v -24.189 133.455 -4.21379
v -23.3158 131.774 -4.21522
v -20.1648 131.119 -4.22063
v -21.9468 131.182 -4.24634
v -21.093 131.65 -4.12057
v -19.1164 128.648 -4.08162
v -19.6307 128.297 -4.08704
v -18.9596 128.364 -4.08155
v -19.1864 127.92 -4.0672
v -19.262 131.033 -4.22901
v -18.9045 130.138 -4.17827
v -19.7468 131.315 -4.24416
v -26.6634 130.397 -3.93097
v -26.0434 129.685 -4.19542
v -26.3662 129.167 -4.27218
v -26.1312 131.416 -4.0822
v -25.7983 132.071 -3.5141
v -25.0562 131.622 -4.07655
v -22.6566 124.202 -3.87474
v -23.2389 123.526 -3.79867
v -23.492 124.018 -3.86828
v -22.2517 124.941 -3.97103
v -20.8062 129.381 -4.1544
v -21.2882 129.886 -4.17355
v -20.1658 129.445 -4.144
v -22.1189 126.471 -4.04607
v -21.305 126.018 -3.97905
v -22.4519 125.962 -3.94761
v -24.9243 132.453 -4.03856
v -22.8299 125.332 -3.95713
v -21.0906 130.045 -4.17544
v -20.9275 130.415 -4.19145
v -20.3846 130.06 -4.1783
v -20.2247 129.738 -4.15102
v -19.7677 130.263 -4.18771
v -20.2461 130.41 -4.18306
v -20.2741 130.648 -4.2163
v -19.7255 129.93 -4.15591
v -21.6764 126.923 -4.1435
v -21.149 127.684 -4.04684
v -20.1859 127.817 -4.01526
v -20.6963 128.373 -4.08787
v -22.0939 128.407 -4.09447
v -21.0964 128.751 -4.08568
v -20.1819 128.195 -4.0805
v -21.2395 128.072 -4.08737
v -22.3759 131.726 -4.15066
v -21.5714 131.745 -4.15032
v -21.2358 131.129 -4.25515
v -21.1748 131.431 -4.27273
v -20.4513 131.084 -4.26713
v -19.866 130.512 -4.20853
v -21.2744 131.969 -4.16515
v -21.9397 132.473 -4.22049
v -26.0801 130.597 -4.14321
v -26.0356 129.663 -4.16922
v -25.6462 130.912 -3.59271
v -23.6124 123.935 -3.88956
v -24.4688 124.077 -3.86052
v -24.0121 124.521 -3.96819
v -21.2789 128.74 -4.09542
v -21.7998 129.255 -4.13182
v -20.9536 129.164 -4.1251
v -22.6817 130.222 -4.21269
v -22.643 129.726 -4.20632
v -23.7895 130.37 -4.19049
v -21.5946 129.41 -4.15658
v -21.4868 129.885 -4.18259
v -21.0604 129.552 -4.15802
v -25.6721 132.057 -3.48965
v -26.3236 132.253 -4.16716
v -24.2445 131.199 -4.31474
v -21.7009 130.157 -4.18457
v -22.0521 130.238 -4.20117
v -21.7018 130.37 -4.18986
v -21.0183 129.964 -4.17689
v -22.498 125.906 -3.9883
v -21.9166 125.882 -4.01477
v -22.2648 125.376 -3.93594
v -21.713 126.263 -4.00783
v -24.0823 124.859 -3.98421
v -23.4788 125.998 -3.96663
v -24.953 132.636 -4.24205
v -25.3589 132.595 -4.23419
v -22.0491 127.067 -4.00764
v -23.1301 127.158 -4.06929
v -22.345 127.61 -4.06282
v -24.01 127.647 -4.0622
v -25.3162 126.171 -3.99676
v -25.979 127.329 -4.1097
v -21.067 130.071 -4.18085
v -21.4331 130.628 -4.21397
v -23.0294 131.552 -4.36018
v -22.3795 131.77 -4.16491
v -21.2943 128.41 -4.09697
v -22.3727 127.763 -4.09191
v -22.6689 128.443 -4.12467
v -21.1121 130.392 -4.20974
v -22.9311 131.758 -4.17273
v -23.1394 132.195 -4.22275
v -25.7348 131.887 -3.63172
v -25.9902 132.439 -3.78877
v -25.4877 131.772 -4.16414
v -25.9471 129.26 -4.17493
v -24.883 128.653 -4.1209
v -26.5264 128.911 -4.1528
v -22.885 130.215 -4.19647
v -23.2848 130.309 -4.20105
v -23.2555 130.703 -4.23375
v -24.7834 132.527 -4.23152
v -25.6379 132.776 -3.91387
v -25.7916 127.811 -4.05513
v -23.3851 129.069 -4.16086
v -22.9298 128.611 -4.10641
v -23.8938 128.943 -4.15035
v -22.9513 129.437 -4.13946
v -23.8348 129.453 -4.18572
v -22.5573 129.325 -4.14326
v -22.4502 127.156 -4.04372
v -22.6489 126.626 -4.0379
v -22.8194 126.93 -3.97343
v -22.4057 126.67 -3.94739
v -26.1278 130.732 -4.05784
v -26.262 131.268 -3.17526
v -26.0288 130.677 -3.06834
v -25.8075 129.884 -4.22772
v -25.4159 130.395 -4.22733
v -24.3448 130.063 -4.2034
v -24.1483 125.438 -3.95928
v -24.0581 125.939 -3.97813
v -23.1586 126.118 -3.95068
v -22.9838 129.551 -4.17067
v -23.9281 130.436 -4.2219
v -23.0032 130.056 -4.19395
v -22.5395 129.533 -4.15065
v -25.9414 131.284 -4.33866
v -22.6669 127.127 -4.05981
v -22.5624 127.539 -4.04781
v -23.5724 126.648 -4.02372
v -24.1561 126.963 -4.03806
v -23.0757 127.208 -4.04494
v -24.2094 128.375 -4.13124
v -22.9623 128.168 -4.06942
v -23.5609 127.841 -4.0746
v -25.6832 132.892 -2.16629
v -26.3825 132.105 -3.16908
v -24.0549 130.66 -4.23737
v -24.1307 131.433 -4.25543
v -22.7983 129.989 -4.19726
v -25.3528 132.934 -2.61676
v -25.6604 132.363 -4.25499
v -26.6413 130.469 -3.71284
v -26.2505 130.721 -3.09198
v -25.6435 130.532 -3.48374
v -25.7235 128.496 -4.11974
v -24.9124 128.652 -4.12768
v -24.9251 128.174 -4.08292
v -25.2656 128.978 -4.1763
v -26.6065 129.001 -4.19015
v -24.1685 128.699 -4.12412
v -24.4376 129.013 -4.15884
v -25.4204 126.05 -4.01452
v -26.0259 126.435 -4.05696
v -25.0756 127.056 -4.14412
v -26.238 129.661 -4.18584
v -24.83 129.436 -4.16939
v -24.0945 129.315 -4.14136
v -23.9498 129.155 -4.14449
v -26.5814 130.535 -4.04823
v -25.6619 129.857 -4.25493
v -25.4477 130.326 -4.26049
v -24.3184 129.602 -4.17812
v -23.9523 129.566 -4.17284
v -26.5117 130.835 -4.18707
v -24.3377 130.014 -4.20862
v -25.5387 130.904 -4.34554
v -24.3377 126.268 -4.011
v -25.1405 125.389 -4.03362
v -25.3468 125.85 -3.97689
v -25.7814 130.927 -3.53256
v -26.4218 131.48 -3.21037
v -25.9017 131.804 -3.11431
v -26.249 131.501 -4.14534
v -23.7641 130.003 -4.20304
v -25.7555 131.606 -3.63766
v -26.3044 131.967 -4.15047
v -26.0116 132.115 -4.02928
v -25.5494 125.83 -3.96134
v -25.6389 131.286 -4.30572
v -25.3545 131.787 -4.20394
v -25.652 125.97 -3.96226
v -28.4541 124.539 -3.96008
v -29.2001 123.604 -3.98972
v -29.4137 125.247 -4.11614
v -25.7783 132.007 -3.50732
v -23.7225 127.16 -4.08718
v -24.2304 127.143 -4.0442
v -23.7874 127.549 -4.06373
v -26.1898 128.058 -4.08069
v -25.9663 127.31 -4.06941
v -25.7942 126.989 -4.03288
v -26.7611 127.049 -4.05137
v -25.4531 127.181 -4.09546
v -25.4451 129.831 -4.20238
v -25.0912 129.764 -4.20322
v -25.4044 129.592 -4.19031
v -24.8544 129.965 -4.19475
v -26.763 128.346 -4.11423
v -27.9759 129.228 -4.21142
v -26.588 128.977 -4.17409
v -25.723 130.472 -3.51526
v -25.8499 130.911 -3.54069
v -26.1747 131.138 -4.14401
v -25.8226 130.697 -3.15379
v -25.2383 127.853 -4.09525
v -26.0138 127.743 -4.10501
v -25.2033 128.311 -4.10387
v -28.3643 123.181 -3.86062
v -28.0606 123.056 -3.90325
v -28.1189 122.816 -3.75735
v -25.8088 128.527 -4.13171
v -25.4804 128.63 -4.14065
v -24.9634 128.655 -4.12837
v -26.8229 130.477 -3.72184
v -26.3602 130.722 -3.10838
v -26.9138 129.557 -4.21579
v -25.2793 129.184 -4.15409
v -25.9557 129.434 -4.11656
v -25.0483 128.809 -4.14478
v -24.8123 129.088 -4.15537
v -27.2235 130.263 -4.21017
v -26.2677 129.638 -4.16096
v -24.9459 129.387 -4.16636
v -25.763 125.684 -4.02445
v -25.4296 125.773 -3.93074
v -25.6894 125.341 -3.93147
v -25.4485 126.166 -3.97183
v -25.4218 126.482 -4.03864
v -24.7548 126.697 -4.02742
v -26.8259 130.582 -4.34156
v -26.6388 130.508 -4.02175
v -24.9451 126.231 -4.0096
v -25.3821 126.752 -4.05384
v -26.0274 126.441 -4.04707
v -27.6975 127.081 -4.17723
v -26.3197 127.953 -4.115
v -25.1472 127.688 -4.04599
v -25.8574 131.09 -3.44692
v -26.1774 131.021 -3.11933
v -25.767 130.994 -3.6338
v -25.8158 131.418 -3.59238
v -26.162 131.463 -4.13726
v -25.0366 127.877 -4.0989
v -25.0315 127.679 -4.08197
v -25.0036 128.152 -4.09208
v -25.9132 131.296 -3.12226
v -25.1145 130.499 -4.2522
v -30.772 128.624 -4.0926
v -29.0832 128.511 -4.18023
v -29.8032 127.483 -4.15099
v -30.4958 129.186 -4.23581
v -29.1033 124.341 -3.95419
v -30.7116 122.639 -3.81403
v -30.79 123.663 -3.85224
v -29.003 127.667 -4.14164
v -25.9617 129.807 -4.22002
v -26.1245 129.537 -4.18194
v -26.5702 129.905 -4.20897
v -25.9407 129.312 -4.20411
v -28.201 123.848 -3.90012
v -28.4286 124.571 -3.95592
v -27.3588 124.872 -3.98745
v -25.853 128.661 -4.15273
v -26.5874 128.859 -4.14011
v -25.9961 129.123 -4.17279
v -26.4802 129.244 -4.24041
v -27.4417 129.437 -4.27757
v -26.9598 129.579 -4.20538
v -26.4073 129.432 -4.1914
v -31.5843 124.144 -3.91902
v -27.3133 130.289 -4.24432
v -25.7297 126.625 -4.035
v -26.2357 126.53 -4.04641
v -25.8244 126.902 -4.05901
v -27.0891 130.467 -4.02399
v -26.4597 130.46 -3.65644
v -26.6213 130.489 -4.00133
v -30.6351 125.666 -3.97385
v -29.3475 125.694 -4.07766
v -30.7506 124.971 -3.97096
v -25.9285 130.1 -4.24146
v -26.6459 130.489 -4.27655
v -26.3085 130.723 -4.09194
v -26.312 130.106 -4.22514
v -29.6809 126.751 -3.99686
v -29.0911 126.923 -4.14146
v -29.115 129.176 -4.23802
v -27.962 129.183 -4.17974
v -28.8359 128.681 -4.23751
v -28.8374 128.394 -4.21361
v -30.7657 127.879 -4.12427
v -29.7895 128.842 -4.23251
v -31.5352 129.361 -4.17495
v -29.6175 130.414 -4.10892
v -30.439 130.456 -4.17886
v -29.7887 130.475 -3.7659
v -27.0377 129.6 -4.22604
v -26.9155 128.946 -4.16631
v -27.1586 129.172 -4.19808
v -27.5794 129.337 -4.21171
v -27.5747 129.583 -4.22581
v -29.0755 124.6 -4.02584
v -29.0783 125.113 -4.04429
v -28.4507 124.976 -4.02766
v -28.5104 126.207 -4.03125
v -27.6238 125.811 -4.03431
v -27.4442 130.241 -4.25243
v -28.1832 130.425 -3.4054
v -27.4173 130.644 -4.22162
v -27.2548 130.159 -4.26787
v -26.9897 130.249 -4.25431
v -27.0469 129.853 -4.24618
v -29.3377 126.908 -4.06596
v -28.7747 127.295 -4.1908
v -28.5726 126.844 -4.11774
v -27.8415 130.506 -3.15952
v -28.5143 128.039 -4.15922
v -29.5227 127.323 -4.10002
v -27.6107 127.789 -4.12487
v -29.9996 127.764 -4.17416
v -27.0273 130.464 -4.02255
v -29.6305 128.862 -4.23095
v -28.7072 128.375 -4.19934
v -29.4009 128.253 -4.21124
v -30.9593 128.635 -4.225
v -30.6402 128.457 -4.25584
v -29.597 127.705 -4.20273
v -29.8219 126.638 -4.04872
v -30.481 127.164 -4.16358
v -28.7504 127.112 -4.11964
v -28.4532 128 -4.15292
v -28.1058 128.249 -4.19296
v -30.7577 129.373 -4.25074
v -29.2849 129.216 -4.2759
v -32.0432 124.335 -4.02522
v -30.6273 124.734 -4.00085
v -31.6087 124.034 -3.93653
v -29.1953 125.312 -4.08914
v -28.5922 125.77 -4.06849
v -28.9243 125.198 -4.01464
v -28.6204 128.934 -4.25768
v -30.9976 129.924 -4.26775
v -29.5127 129.636 -4.28449
v -28.9728 129.258 -4.29367
v -28.7756 129.574 -4.26183
v -28.0869 129.059 -4.25734
v -30.2593 130.419 -4.08249
v -30.2027 130.496 -3.52921
v -30.4942 124.219 -4.00162
v -28.2799 129.535 -4.28011
v -29.6558 130.336 -3.81527
v -29.4809 130.384 -4.17514
v -29.7097 125.689 -4.10951
v -29.3725 125.567 -4.0397
v -29.9994 125.546 -4.03155
v -28.6104 129.995 -4.30189
v -28.1863 129.959 -4.30544
v -28.4902 130.205 -4.31323
v -29.997 126.36 -4.10682
v -29.3534 126.711 -4.14828
v -28.4965 126.821 -4.12515
v -27.996 127.414 -4.12356
v -27.8985 127.023 -4.11155
v -28.975 130.502 -3.35817
v -28.9773 130.453 -4.1829
v -28.7618 127.673 -4.18617
v -27.9276 127.915 -4.16778
v -28.7909 128.709 -4.2067
v -29.2405 129.232 -4.25392
v -30.9841 129.365 -4.22339
v -29.829 128.746 -4.18232
v -29.1878 128.213 -4.16545
v -29.8002 128.13 -4.19452
v -29.0728 128.559 -4.18212
v -29.4755 127.749 -4.12858
v -30.1119 127.532 -4.17383
v -30.0211 127.761 -4.11798
v -29.241 127.51 -4.14768
v -31.1973 128.36 -4.16687
v -30.8596 127.852 -4.195
v -28.762 128.172 -4.17429
v -28.8478 127.763 -4.14503
v -30.3588 129.3 -4.22802
v -28.7179 129.347 -4.22794
v -30.3388 129.676 -4.22285
v -31.4506 129.775 -4.24404
v -30.9014 130.106 -4.25096
v -29.5825 129.565 -4.25122
v -30.6134 129.992 -4.32013
v -30.2592 130.437 -4.06043
v -30.159 130.525 -3.49977
v -29.5172 130.011 -4.27145
v -29.3133 125.602 -4.00712
v -29.7322 125.554 -4.05334
v -29.3899 126.186 -4.14232
v -28.7671 126.594 -4.08155
v -29.6504 130.36 -3.78506
v -29.377 130.259 -3.22559
v -30.0696 125.559 -4.06052
v -30.5621 124.779 -3.97847
v -30.6738 125.101 -3.97276
v -30.0769 130.41 -4.10102
v -29.784 130.397 -4.17849
v -29.3233 126.726 -4.07834
v -30.2117 125.775 -3.9997
v -29.9176 126.571 -4.06586
v -29.5075 127.113 -4.11335
v -28.8157 127.363 -4.10641
v -28.9694 129.803 -4.26675
v -29.4286 130.41 -4.17725
v -29.0469 130.268 -4.30183
v -28.8003 129.843 -4.27287
v -28.9703 126.641 -4.06895
v -28.8139 127.166 -4.10046
v -29.4549 130.656 -3.25672
v -29.7858 126.911 -4.10061
v -30.9865 127.185 -4.15444
v -30.9434 130.701 -4.34379
v -30.1182 129.846 -4.2874
v -30.7137 129.961 -4.26579
v -30.289 128.193 -4.16879
v -30.4061 128.439 -4.25015
v -29.7709 128.124 -4.19134
v -31.3076 128.32 -4.21827
v -30.7497 127.844 -4.16807
v -29.86 128.503 -4.26739
v -29.8328 128.726 -4.19229
v -29.8372 127.94 -4.17554
v -30.9933 128.479 -4.18391
v -32.1453 128.802 -4.23129
v -31.2852 129.153 -4.26615
v -29.994 128.863 -4.21532
v -29.832 129.037 -4.23635
v -30.3475 129.169 -4.31006
v -31.8446 129.484 -4.25885
v -32.3604 130.435 -4.337
v -31.1177 129.78 -4.33582
v -33.4448 130.34 -4.2282
v -31.0555 129.36 -4.26666
v -30.3716 129.669 -4.23741
v -29.8734 129.288 -4.23475
v -29.6034 125.853 -4.03382
v -29.979 125.598 -4.02613
v -29.7086 126.034 -4.06231
v -30.4658 125.036 -4.00681
v -30.4891 125.455 -4.03354
v -30.2728 125.451 -4.0833
v -29.6291 129.431 -4.25932
v -30.6792 125.537 -4.02045
v -30.6232 126.124 -4.03717
v -30.0244 126.269 -4.12354
v -29.8953 126.479 -4.08875
v -29.6655 126.482 -4.047
v -30.0816 130.094 -4.29149
v -29.7515 129.793 -4.28668
v -30.3216 130.46 -4.04301
v -30.2312 130.383 -4.29117
v -29.4437 126.755 -4.0678
v -29.5903 127.049 -4.19434
v -29.7191 130.217 -4.29946
v -30.2449 126.655 -4.09684
v -29.9933 127.168 -4.12884
v -29.7269 130.363 -4.17543
v -29.4881 127.735 -4.14628
v -29.7471 127.366 -4.14678
v -30.3759 127.53 -4.19453
v -31.1718 126.661 -4.11371
v -32.3849 125.93 -4.11345
v -32.0663 126.569 -4.11512
v -30.3798 127.796 -4.14933
v -30.6435 129.087 -4.20189
v -30.3656 129.282 -4.16888
v -30.5995 129.499 -4.21589
v -30.63 129.746 -4.28693
v -31.9306 129.786 -4.33712
v -33.2878 128.634 -4.27259
v -34.6333 129.539 -4.31896
v -33.1826 129.385 -4.31568
v -31.4953 128.554 -4.20862
v -32.1733 128.152 -4.203
v -31.6783 127.186 -4.17027
v -30.9652 127.826 -4.18978
v -30.938 127.388 -4.13427
v -31.0943 126.69 -4.07813
v -31.8507 125.852 -4.0274
v -31.7703 126.491 -4.11458
v -30.972 128.135 -4.17259
v -30.7751 128.301 -4.28466
v -30.3633 128.102 -4.14917
v -30.46 128.728 -4.25318
v -30.8828 128.687 -4.23239
v -32.4257 129.194 -4.32751
v -31.7045 129.354 -4.25582
v -33.3518 129.789 -4.32224
v -34.4843 130.309 -4.29289
v -33.5735 130.351 -4.3306
v -30.8132 129.136 -4.19141
v -31.5935 130.21 -4.29723
v -30.362 126.466 -4.07253
v -30.7883 126.156 -4.04137
v -30.457 126.696 -4.10062
v -33.8954 131.98 -4.4445
v -34.0723 131.386 -4.41587
v -34.8121 132.586 -4.41371
v -30.9761 126.298 -4.09396
v -31.7819 130.656 -4.32046
v -31.3557 130.382 -4.30564
v -31.1853 130.548 -4.33109
v -31.6475 130.787 -4.33105
v -30.7571 127.241 -4.12836
v -30.4106 127.793 -4.14238
v -32.1732 127.656 -4.19969
v -32.4071 127.233 -4.12265
v -32.5458 126.715 -4.09686
v -30.7667 130.466 -4.3051
v -30.4984 129.928 -4.28237
v -32.8725 125.37 -4.0712
v -33.321 124.726 -3.99589
v -33.6364 124.864 -4.01219
v -32.6724 125.848 -4.06119
v -34.0982 125.168 -4.02089
v -33.7767 127.876 -4.21236
v -33.8482 128.73 -4.24032
v -32.9384 127.965 -4.19015
v -31.5052 128.73 -4.25763
v -32.0102 128.496 -4.1943
v -32.1295 128.825 -4.24071
v -33.1522 128.976 -4.30511
v -32.2506 129.185 -4.27639
v -34.1399 129.053 -4.3086
v -34.1029 129.647 -4.30364
v -33.2783 129.612 -4.28724
v -34.2842 130.458 -4.34923
v -31.442 129.097 -4.24563
v -31.8968 129.222 -4.27181
v -31.5077 129.346 -4.2728
v -33.271 129.779 -4.3038
v -32.0974 129.752 -4.30955
v -33.4656 130.421 -4.36593
v -33.7187 130.453 -4.30502
v -33.3677 130.738 -4.39266
v -31.6617 129.906 -4.26633
v -31.3579 126.642 -4.10203
v -31.8069 126.317 -4.09169
v -31.5313 126.943 -4.11819
v -31.2957 126.26 -4.05029
v -32.2696 130.215 -4.32724
v -32.0735 130.495 -4.32529
v -32.7884 131.036 -4.3618
v -33.2162 126.184 -4.12291
v -32.5962 126.792 -4.16663
v -32.0682 126.583 -4.0906
v -33.396 126.748 -4.07158
v -32.5253 127.2 -4.19224
v -32.2317 127.253 -4.17662
v -31.7676 127.227 -4.13199
v -33.8802 127.259 -4.21119
v -32.7916 127.715 -4.17913
v -31.9937 127.705 -4.19179
v -34.8828 124.062 -3.94866
v -35.439 124.827 -4.04707
v -34.1822 125.117 -4.0236
v -32.703 128.342 -4.21262
v -33.4902 128.022 -4.19487
v -33.2012 128.61 -4.24046
v -32.9701 127.94 -4.17636
v -32.2274 126.856 -4.10633
v -32.6522 126.622 -4.09431
v -32.6888 127.015 -4.14488
v -32.2769 126.664 -4.12888
v -35.2532 128.384 -4.26113
v -36.679 128.587 -4.29836
v -35.2992 129.274 -4.36227
v -36.9401 129.734 -4.38951
v -33.9193 128.71 -4.21912
v -34.1666 129.571 -4.28027
v -35.2133 129.723 -4.31457
v -33.0762 129.169 -4.25417
v -34.6116 129.932 -4.30441
v -33.1044 129.36 -4.27412
v -34.1003 129.992 -4.3212
v -34.5125 130.307 -4.32586
v -33.6786 130.223 -4.29918
v -35.0429 131.513 -4.37083
v -32.5401 129.22 -4.25799
v -32.8759 129.681 -4.27679
v -33.4592 130.461 -4.299
v -33.2326 130.056 -4.30703
v -32.455 129.691 -4.26211
v -32.8933 130.191 -4.30958
v -32.6735 126.291 -4.09942
v -32.6547 130.323 -4.30904
v -33.8494 127.218 -4.18155
v -33.4342 126.586 -4.11523
v -34.4045 127.097 -4.16152
v -32.7839 127.209 -4.15536
v -32.7766 127.629 -4.16114
v -33.6797 127.576 -4.18253
v -34.6296 124.305 -4.00122
v -35.0766 124.445 -4.00085
v -34.1531 125.118 -4.06205
v -37.8805 132.304 -4.43393
v -37.5686 131.585 -4.42973
v -39.0912 131.708 -4.47743
v -37.7984 132.948 -4.49158
v -36.9887 132.069 -4.44156
v -39.1977 127.504 -4.31114
v -37.6879 127.376 -4.26323
v -38.7363 125.828 -4.21692
v -34.9391 128.06 -4.23407
v -35.4758 127.878 -4.2331
v -35.7567 128.337 -4.25512
v -34.0094 128.496 -4.24835
v -34.2757 129.053 -4.24236
v -33.7188 129.034 -4.24434
v -34.2502 128.558 -4.2397
v -37.4372 128.361 -4.2814
v -35.7311 129.089 -4.28802
v -33.401 128.397 -4.2329
v -35.8655 129.724 -4.30683
v -34.1754 125.435 -4.07178
v -34.5836 125.592 -4.14179
v -33.5847 126.332 -4.12478
v -33.2712 128.845 -4.25016
v -33.672 129.465 -4.27463
v -34.6602 129.944 -4.31499
v -34.0219 129.951 -4.29151
v -34.322 129.579 -4.26695
v -33.9016 129.305 -4.26325
v -35.5083 130.276 -4.32527
v -35.0498 130.53 -4.33056
v -33.2495 129.216 -4.25818
v -33.1023 126.79 -4.13077
v -33.6155 126.669 -4.13086
v -33.3096 127.19 -4.16789
v -36.2714 132.228 -4.46362
v -33.3231 129.738 -4.28442
v -34.0984 130.362 -4.32147
v -33.6244 126.996 -4.16298
v -34.8092 127.267 -4.19472
v -36.5029 127.275 -4.1778
v -35.6504 126.7 -4.16205
v -34.2364 126.547 -4.1424
v -34.5335 127.063 -4.1606
v -34.359 130.522 -4.27756
v -33.8547 130.484 -4.32644
v -33.6894 127.182 -4.17497
v -33.5755 127.681 -4.18811
v -34.8083 129.352 -4.28982
v -34.3347 129.266 -4.2577
v -34.2434 128.846 -4.25274
v -37.6552 131.613 -4.44951
v -38.7177 132.179 -4.4779
v -35.4282 124.444 -4.03141
v -36.1146 124.356 -4.01546
v -35.8524 124.672 -4.06561
v -37.4348 128.367 -4.28191
v -37.0713 128.983 -4.29358
v -35.7105 128.341 -4.24535
v -35.9076 129.59 -4.32854
v -36.7696 129.626 -4.32344
v -37.1009 130.179 -4.35954
v -35.7541 129.101 -4.2991
v -34.9336 128.986 -4.28362
v -34.7526 128.385 -4.23553
v -35.7678 128.61 -4.27865
v -35.0144 129.234 -4.27158
v -35.7405 129.907 -4.32798
v -34.6618 125.225 -4.06358
v -34.6687 125.566 -4.1261
v -34.2432 125.844 -4.11176
v -35.5575 130.314 -4.35324
v -34.8414 129.804 -4.30955
v -35.6653 130.603 -4.32765
v -35.174 130.434 -4.34485
v -34.5961 129.923 -4.30397
v -36.6416 125.558 -4.09398
v -37.2996 126.063 -4.19674
v -35.7136 126.404 -4.15162
v -34.3847 127.16 -4.19521
v -34.6333 126.871 -4.16177
v -34.7768 127.275 -4.19566
v -34.3154 127.029 -4.15497
v -38.5833 124.833 -4.09796
v -38.4342 125.833 -4.16249
v -39.3219 125.909 -4.20749
v -35.532 126.803 -4.17141
v -35.4276 127.246 -4.21912
v -37.1075 127.858 -4.2651
v -37.6409 126.982 -4.23954
v -36.6635 128.55 -4.29988
v -37.0676 128.106 -4.26928
v -35.7096 128.086 -4.24117
v -38.1693 128.87 -4.30107
v -36.7501 126.637 -4.20231
v -38.4771 125.933 -4.18351
v -38.0649 126.745 -4.1745
v -35.6419 127.779 -4.21479
v -36.483 127.228 -4.24098
v -36.8902 125.035 -4.14489
v -36.5198 124.796 -4.06237
v -37.6543 124.467 -4.061
v -36.8765 128.955 -4.313
v -38.3547 129.76 -4.3563
v -35.8289 128.873 -4.28735
v -35.3198 128.864 -4.27291
v -35.2436 128.372 -4.23855
v -35.6413 128.377 -4.25652
v -36.8404 129.595 -4.31789
v -38.3523 130 -4.36402
v -37.754 130.536 -4.35366
v -36.7864 125.536 -4.07524
v -36.3297 126.18 -4.14258
v -35.7811 125.833 -4.13764
v -39.9457 130.352 -4.35598
v -40.0206 131.701 -4.49471
v -39.3847 130.684 -4.33742
v -35.7521 129.082 -4.29788
v -35.7345 129.382 -4.31382
v -35.3009 129.51 -4.29761
v -35.8917 129.753 -4.31327
v -37.0667 130.378 -4.36888
v -37.463 130.695 -4.36176
v -36.6283 129.791 -4.33199
v -38.9725 124.714 -4.02065
v -38.1297 125.383 -4.15065
v -36.3897 130.46 -4.33697
v -36.6546 126.338 -4.19204
v -35.645 127.156 -4.2125
v -35.6189 126.702 -4.14758
v -35.6603 129.899 -4.33888
v -35.3885 129.728 -4.31767
v -35.678 130.249 -4.33852
v -35.5247 127.302 -4.20245
v -35.2052 127.494 -4.21376
v -35.1355 127.198 -4.20168
v -35.1652 126.928 -4.19265
v -38.575 127.314 -4.20688
v -38.1628 127.811 -4.2764
v -37.8537 127.222 -4.26994
v -37.8123 129.133 -4.33612
v -38.6038 128.559 -4.28783
v -38.7499 129.468 -4.35565
v -36.8804 128.825 -4.29541
v -37.4118 128.343 -4.26832
v -37.5914 129.508 -4.33661
v -36.9013 128.93 -4.30958
v -36.8017 129.271 -4.32193
v -39.0116 129.721 -4.3569
v -38.4514 130.129 -4.3605
v -36.283 125.606 -4.1046
v -36.3054 126.129 -4.14726
v -36.0552 125.591 -4.11195
v -37.1926 124.719 -4.05059
v -37.3445 125.121 -4.12167
v -36.7208 125.515 -4.12607
v -37.4763 129.649 -4.35917
v -37.3921 130.061 -4.36534
v -37.0918 125.61 -4.09562
v -37.2112 125.944 -4.16501
v -36.8643 126 -4.15469
v -39.818 131.618 -4.44637
v -40.7631 132.34 -4.53484
v -39.7533 132.217 -4.54315
v -37.4938 130.485 -4.3799
v -37.0225 130.116 -4.37455
v -36.3584 129.715 -4.33688
v -36.8159 130.291 -4.37296
v -36.7152 129.619 -4.33629
v -38.363 125.87 -4.15721
v -37.37 126.388 -4.16963
v -37.0301 128.616 -4.28933
v -37.0889 128.281 -4.27403
v -37.6366 128.566 -4.29609
v -38.2795 124.519 -4.07859
v -38.6991 123.555 -4.05603
v -39.2838 123.56 -4.05319
v -39.2844 124.96 -4.13846
v -39.3308 125.307 -4.17931
v -38.7657 125.33 -4.13996
v -39.2297 127.456 -4.25093
v -39.9367 128.208 -4.26069
v -38.3682 127.723 -4.25524
v -37.4983 127.244 -4.22285
v -38.4366 126.853 -4.19704
v -38.1737 127.372 -4.25153
v -38.1373 128.014 -4.27562
v -37.4351 127.717 -4.24547
v -38.4869 125.872 -4.20063
v -37.5809 125.94 -4.16793
v -37.471 127.977 -4.26295
v -37.8481 128.411 -4.29516
v -38.5079 128.459 -4.30471
v -38.2093 128.877 -4.32455
v -37.4885 125.554 -4.12566
v -37.1706 126.114 -4.16294
v -38.0898 125.217 -4.14646
v -39 129.719 -4.36657
v -39.6229 129.755 -4.40849
v -39.8185 130.535 -4.42546
v -37.5382 128.843 -4.30466
v -38.8807 124.768 -3.99424
v -37.6392 125.11 -4.10542
v -37.5086 129.293 -4.32651
v -37.055 128.965 -4.30516
v -39.5973 130.779 -4.40595
v -38.4074 130.583 -4.39863
v -38.3642 130.017 -4.37275
v -37.0717 127.244 -4.22535
v -37.4669 126.99 -4.22737
v -37.599 129.525 -4.34715
v -37.7781 129.999 -4.38204
v -37.3312 126.388 -4.16078
v -37.097 126.687 -4.18885
v -40.745 132.354 -4.54109
v -42.157 132.323 -4.49946
v -42.4316 133.704 -4.5032
v -39.7331 125.919 -4.14256
v -38.6287 126.133 -4.19267
v -37.7538 126.456 -4.17102
v -37.0757 127.112 -4.20913
v -40.18 126.932 -4.27376
v -40.4001 126.014 -4.26798
v -41.3339 125.98 -4.20836
v -40.3571 127.926 -4.28796
v -38.813 127.936 -4.21415
v -41.4781 132.232 -4.56514
v -42.7463 132.519 -4.56916
v -38.2342 127.681 -4.26293
v -38.1903 127.281 -4.23755
v -37.9194 127.612 -4.25458
v -39.1899 129.305 -4.38412
v -39.1957 128.664 -4.30661
v -40.3155 129.305 -4.41716
v -38.3079 128.663 -4.31021
v -41.4495 128.746 -4.34814
v -39.5876 128.451 -4.31291
v -41.356 129.971 -4.46099
v -42.3586 129.74 -4.42763
v -42.3744 130.586 -4.40071
v -38.0741 129.075 -4.32468
v -38.4305 128.918 -4.32849
v -40.5086 130.491 -4.43168
v -38.9836 129.696 -4.35871
v -38.27 129.169 -4.3192
v -40.1155 124.423 -4.09766
v -40.3377 125.249 -4.17263
v -39.9662 125.093 -4.17831
v -39.0703 124.575 -4.07646
v -39.033 125.082 -4.15167
v -38.4645 125.361 -4.12205
v -38.2835 124.98 -4.14926
v -38.4142 129.648 -4.34709
v -37.8488 129.549 -4.34441
v -39.1938 125.359 -4.12878
v -41.0507 127.279 -4.23226
v -40.3019 127.927 -4.28929
v -40.0065 127.302 -4.23404
v -41.9222 123.366 -4.03867
v -42.7725 122.06 -3.93938
v -43.4925 122.651 -4.05405
v -41.1704 125.235 -4.15447
v -41.1961 125.988 -4.19228
v -40.4978 125.93 -4.16003
v -39.2349 127.601 -4.2523
v -39.4308 127.251 -4.23689
v -39.0048 127.292 -4.23941
v -40.5336 127.071 -4.26761
v -38.9353 128.127 -4.29107
v -39.0538 127.672 -4.27083
v -39.348 128.121 -4.27383
v -39.6391 127.783 -4.28135
v -38.8015 127.426 -4.26702
v -41.1768 124.845 -4.17455
v -39.9229 125.906 -4.1389
v -40.1453 125.209 -4.15679
v -40.6537 128.344 -4.3059
v -41.0942 128.19 -4.32804
v -41.4564 128.546 -4.32902
v -38.9689 128.571 -4.31468
v -39.313 128.67 -4.32598
v -39.0206 128.964 -4.33248
v -38.9903 128.398 -4.29053
v -40.0498 124.411 -4.10051
v -39.7447 125.194 -4.11368
v -39.3733 124.961 -4.10161
v -39.7432 129.285 -4.35789
v -39.531 125.612 -4.17255
v -39.3928 126.335 -4.20008
v -39.8138 126.705 -4.20494
v -38.7844 126.355 -4.19101
v -38.9674 125.84 -4.15367
v -39.5361 126.015 -4.21908
v -40.6124 129.691 -4.37612
v -41.1188 129.888 -4.3974
v -41.2634 130.849 -4.42495
v -39.4023 125.44 -4.12946
v -44.131 121.417 -3.94939
v -44.8352 122.45 -4.0382
v -41.0892 127.45 -4.27776
v -40.5972 127.088 -4.23469
v -41.8442 126.967 -4.31713
v -43.0087 127.268 -4.29128
v -42.813 127.919 -4.28013
v -40.2798 127.914 -4.2812
v -40.6423 127.743 -4.26407
v -40.5881 128.321 -4.32704
v -39.7027 129.278 -4.33163
v -40.0512 129.249 -4.35638
v -40.2876 129.717 -4.36816
v -39.9697 128.879 -4.31922
v -39.9865 127.293 -4.21829
v -42.6617 123.228 -4.07265
v -42.8591 122.508 -4.0273
v -39.7133 127.455 -4.25942
v -39.8061 127.189 -4.23607
v -40.4076 124.691 -4.08099
v -39.8162 125.178 -4.11301
v -40.0134 124.414 -4.08205
v -39.9796 128.196 -4.29702
v -39.5547 127.655 -4.24932
v -39.3921 127.248 -4.22955
v -42.6384 128.685 -4.34805
v -41.88 129.133 -4.37633
v -40.9822 128.704 -4.3256
v -39.4966 127.926 -4.27525
v -40.9175 129.051 -4.35855
v -41.929 129.757 -4.39974
v -41.1058 129.71 -4.37323
v -42.35 124.469 -4.07743
v -41.7849 125.297 -4.18803
v -41.1541 124.94 -4.1962
v -40.5927 124.89 -4.12838
v -40.09 125.551 -4.16599
v -41.7706 130.109 -4.39985
v -40.5982 129.66 -4.36025
v -40.6904 130.354 -4.41418
v -40.3971 125.953 -4.10288
v -40.0129 129.764 -4.37668
v -40.2795 126.249 -4.19918
v -40.128 126.006 -4.21019
v -44.2182 132.527 -4.49051
v -43.1601 132.751 -4.48978
v -42.5752 131.839 -4.55062
v -41.1818 125.978 -4.18614
v -42.8429 125.913 -4.211
v -41.2393 126.641 -4.23255
v -39.7792 126.694 -4.20681
v -41.7201 126.86 -4.25574
v -43.1558 126.725 -4.26803
v -44.093 121.531 -3.90916
v -43.677 122.492 -4.10992
v -43.0488 122.4 -4.07349
v -44.6005 125.801 -4.26854
v -44.9457 124.735 -4.23652
v -44.5348 126.23 -4.23473
v -43.161 125.9 -4.20561
v -41.388 126.667 -4.2526
v -42.1224 125.919 -4.22014
v -42.9591 127.81 -4.30942
v -41.6484 127.263 -4.27049
v -42.8118 128.418 -4.37725
v -41.5294 127.608 -4.29095
v -40.3062 128.955 -4.33185
v -40.4524 128.556 -4.31475
v -40.7586 128.821 -4.33363
v -40.2959 126.215 -4.2045
v -40.8377 126.728 -4.22506
v -40.3477 127.21 -4.27243
v -41.0283 126.218 -4.20178
v -41.0425 127.23 -4.28024
v -40.7161 127.763 -4.25182
v -42.0187 129.722 -4.4011
v -41.033 128.666 -4.33739
v -42.1289 129.135 -4.36033
v -41.8159 128.347 -4.34599
v -45.1119 123.003 -4.12608
v -43.878 123.185 -4.09809
v -40.7095 128.037 -4.27405
v -41.0809 128.543 -4.32833
v -41.3911 124.401 -4.10104
v -41.0762 124.993 -4.15899
v -40.6349 124.894 -4.16504
v -42.0198 124.621 -4.11863
v -40.2466 125.23 -4.13965
v -40.4293 125.569 -4.16542
v -41.7832 128.761 -4.33338
v -40.9763 124.353 -4.0981
v -43.6224 129.173 -4.42111
v -43.7475 129.797 -4.44669
v -43.0693 124.501 -4.1047
v -41.3241 125.432 -4.18468
v -40.5624 128.27 -4.30908
v -43.3113 130.375 -4.43594
v -42.8427 130.623 -4.42113
v -40.8932 125.516 -4.16142
v -40.5118 125.851 -4.18889
v -40.881 126.001 -4.2405
v -40.9205 129.444 -4.37679
v -41.8912 130.122 -4.42381
v -42.1644 125.348 -4.21873
v -43.3206 124.868 -4.16073
v -42.4933 125.666 -4.19383
v -40.7394 127.089 -4.25621
v -41.5044 130.154 -4.39332
v -41.1587 129.865 -4.398
v -40.5533 129.502 -4.37797
v -42.9432 127.898 -4.32038
v -43.2756 127.929 -4.31792
v -44.6627 128.821 -4.38395
v -43.5119 126.75 -4.27094
v -42.1425 127.02 -4.25948
v -42.8565 125.887 -4.20377
v -43.3473 125.734 -4.17491
v -45.371 128.375 -4.41042
v -46.4061 128.927 -4.50551
v -41.1923 128.273 -4.30798
v -41.2541 127.862 -4.27741
v -41.8875 128.485 -4.31972
v -43.6364 129.164 -4.41697
v -46.1931 129.696 -4.4828
v -41.5953 124.708 -4.11888
v -41.5336 125.323 -4.16294
v -41.1223 125.488 -4.18709
v -42.7109 123.593 -4.11082
v -43.4421 122.731 -4.0387
v -44.2384 122.845 -4.07142
v -40.993 126.54 -4.2251
v -42.5874 124.327 -4.15091
v -42.6454 124.927 -4.19598
v -41.134 125.067 -4.14887
v -42.1792 128.903 -4.34673
v -41.5655 128.672 -4.32114
v -41.5651 129.136 -4.35234
v -41.9179 129.079 -4.35352
v -41.1102 128.777 -4.32421
v -43.2386 124.583 -4.12691
v -41.236 128.457 -4.32376
v -41.6425 125.646 -4.20185
v -42.6646 129.456 -4.39054
v -41.6543 125.968 -4.23912
v -43.7064 130.042 -4.45636
v -43.314 130.358 -4.41864
v -42.1806 129.671 -4.38157
v -41.0482 126.227 -4.20581
v -41.4348 126.374 -4.2317
v -41.139 125.863 -4.17157
v -41.3998 129.333 -4.37934
v -41.9273 129.968 -4.41632
v -42.2402 126.561 -4.25648
v -41.1052 128.923 -4.3483
v -42.8568 130.626 -4.41922
v -41.3045 126.612 -4.24245
v -43.4907 127.833 -4.31011
v -42.499 127.604 -4.31763
v -44.1257 127.734 -4.33062
v -43.6198 128.104 -4.33404
v -43.2275 127.258 -4.27688
v -43.4193 124.83 -4.21188
v -43.2144 125.644 -4.19656
v -42.5875 125.618 -4.23139
v -43.5684 126.743 -4.29509
v -42.2893 127.238 -4.25422
v -42.3377 126.649 -4.2489
v -43.2664 126.252 -4.25184
v -44.5069 126.427 -4.28852
v -45.0605 127.267 -4.29719
v -41.9924 127.451 -4.27042
v -42.6548 127.82 -4.31789
v -41.928 127.88 -4.3033
v -42.3756 128.257 -4.31256
v -42.187 126.649 -4.26113
v -43.1795 128.296 -4.35991
v -41.9192 128.125 -4.28595
v -42.355 124.681 -4.13807
v -42.6852 124.894 -4.16642
v -41.9658 125.359 -4.20461
v -44.4162 124.425 -4.12245
v -43.5882 129.152 -4.39309
v -44.5801 129.667 -4.42539
v -42.7086 128.619 -4.33664
v -42.0389 128.447 -4.32394
v -42.4589 128.913 -4.33855
v -42.0633 128.574 -4.33423
v -42.1414 129.137 -4.35537
v -47.0495 121.339 -3.85064
v -48.0217 121.239 -2.98412
v -46.6244 122.549 -4.0541
v -42.6391 129.437 -4.37352
v -42.5121 126.077 -4.24446
v -41.9326 125.995 -4.22269
v -41.9471 126.226 -4.22897
v -45.2565 125.115 -4.24976
v -45.0929 131.389 -4.57386
v -45.5066 131.413 -4.57882
v -44.9543 131.891 -4.42681
v -42.949 127.639 -4.27886
v -43.5861 128.113 -4.32844
v -43.9459 127.272 -4.31295
v -44.282 126.199 -4.29041
v -43.4033 126.849 -4.28502
v -42.9881 127.256 -4.31178
v -44.7428 126.607 -4.28227
v -45.0052 128.926 -4.42671
v -46.0438 129.792 -4.4653
v -45.6824 124.053 -4.16558
v -47.1448 124.61 -4.26268
v -45.1198 127.759 -4.36665
v -43.9468 125.936 -4.25002
v -43.9006 125.434 -4.22863
v -42.9552 126.255 -4.23045
v -43.2331 125.612 -4.22108
v -42.6045 127.812 -4.30902
v -42.887 127.795 -4.31405
v -43.1469 128.351 -4.32706
v -42.7906 128.178 -4.32889
v -42.5375 126.564 -4.2483
v -42.6049 128.454 -4.32163
v -43.0789 128.434 -4.33255
v -44.4409 128.943 -4.40561
v -44.4591 129.726 -4.46548
v -44.4459 128.485 -4.39585
v -42.9451 128.79 -4.35182
v -42.6206 128.668 -4.33713
v -43.0146 129.128 -4.3609
v -42.9935 125.022 -4.19296
v -43.2104 124.57 -4.12849
v -43.6764 124.471 -4.13842
v -45.0891 130.094 -4.46305
v -44.8687 130.254 -4.46451
v -42.7634 129.075 -4.36776
v -43.828 125.069 -4.21265
v -42.9036 125.422 -4.19093
v -42.7146 125.96 -4.24363
v -47.0367 122.983 -4.22001
v -44.241 129.827 -4.46069
v -44.24 130.295 -4.44707
v -47.8278 125.694 -4.24225
v -46.5745 125.438 -4.25534
v -45.0547 125.783 -4.26633
v -45.8417 126.133 -4.31643
v -44.8132 126.13 -4.26839
v -45.7853 126.686 -4.30051
v -46.4787 128.415 -4.45464
v -46.137 128.865 -4.45945
v -45.22 127.279 -4.33355
v -44.0048 127.269 -4.31426
v -43.7992 126.755 -4.30162
v -43.84 126.38 -4.26438
v -46.9329 127.374 -4.38445
v -46.1574 127.745 -4.38878
v -45.2942 127.716 -4.39257
v -45.1165 124.749 -4.2565
v -45.2736 125.263 -4.28125
v -43.9929 125.438 -4.22957
v -43.8133 127.564 -4.33335
v -43.5579 127.337 -4.31856
v -43.813 127.903 -4.3437
v -43.5932 127.847 -4.3466
v -43.9526 128.191 -4.37379
v -43.4563 128.043 -4.35763
v -43.836 128.395 -4.3912
v -43.3714 128.559 -4.37155
v -45.7165 129.226 -4.45091
v -45.7239 129.678 -4.48708
v -45.3429 129.674 -4.51379
v -43.8559 128.703 -4.39306
v -45.7081 130.409 -4.51139
v -44.6458 129.671 -4.45256
v -43.9781 129.273 -4.45218
v -43.4927 125.894 -4.24597
v -43.3164 125.634 -4.21624
v -43.8743 125.773 -4.23588
v -43.9823 124.525 -4.16187
v -43.9211 125.094 -4.21035
v -43.4697 125.331 -4.20627
v -44.6222 124.365 -4.17191
v -43.9263 126.066 -4.24405
v -43.3882 126.363 -4.27596
v -43.3457 126.656 -4.28004
v -43.4813 126.863 -4.29104
v -48.0902 127.136 -4.36046
v -48.2843 126.145 -4.33516
v -48.441 127.227 -4.36986
v -46.463 126.599 -4.30614
v -48.4573 125.859 -4.28475
v -47.6404 124.64 -4.25526
v -47.7435 122.818 -4.21921
v -47.6598 122.251 -4.0956
v -48.2455 122.199 -4.05223
v -44.2661 127.306 -4.31734
v -44.8195 127.309 -4.32192
v -45.1701 127.761 -4.39631
v -44.6348 126.969 -4.30346
v -45.648 127.367 -4.33218
v -46.53 127.391 -4.3307
v -46.0948 127.865 -4.37898
v -45.0081 128.275 -4.37863
v -45.353 128.356 -4.36988
v -44.8291 128.442 -4.39598
v -44.4588 127.904 -4.35466
v -46.6555 128.352 -4.40384
v -46.1985 128.899 -4.46807
v -46.8912 128.892 -4.49045
v -47.1838 129.398 -4.50843
v -45.6853 129.241 -4.44311
v -44.4725 128.176 -4.36201
v -47.7865 121.409 -3.92388
v -47.5617 130.567 -4.53851
v -46.6091 129.74 -4.47885
v -44.9429 128.919 -4.40195
v -44.5216 128.526 -4.3834
v -46.2611 129.926 -4.48305
v -44.7428 129.103 -4.42185
v -44.5618 128.897 -4.39969
v -44.257 124.766 -4.20359
v -44.6538 124.639 -4.1964
v -44.3117 124.921 -4.22556
v -49.5428 131.849 -4.52084
v -48.9715 132.908 -4.58912
v -47.8918 131.459 -4.62741
v -44.4373 125.778 -4.23739
v -44.2498 126.196 -4.28195
v -44.2713 125.692 -4.25061
v -45.573 127.002 -4.33744
v -44.8107 126.666 -4.28958
v -45.7924 126.688 -4.31007
v -44.7928 126.129 -4.27536
v -45.599 125.191 -4.30847
v -46.2007 125.379 -4.28684
v -48.1082 128.261 -4.46304
v -47.4661 127.438 -4.3869
v -46.7409 127.199 -4.38844
v -46.5733 125.443 -4.24289
v -46.8256 125.919 -4.29122
v -45.6849 125.86 -4.27336
v -47.3572 125.454 -4.19468
v -46.1325 127.855 -4.38972
v -45.4614 126.912 -4.33025
v -45.8744 124.039 -4.17563
v -46.0246 124.676 -4.24591
v -45.54 124.787 -4.23939
v -46.0386 126.727 -4.31879
v -44.8336 127.206 -4.30552
v -45.3399 127.778 -4.3715
v -49.5265 128.655 -4.41016
v -48.3481 129.239 -4.48369
v -45.5321 128.172 -4.38713
v -46.494 128.472 -4.4354
v -45.4144 128.349 -4.40414
v -45.103 127.918 -4.3684
v -48.4749 129.435 -4.49165
v -48.0895 130.28 -4.57021
v -46.989 129.65 -4.5041
v -45.7321 124.986 -4.21624
v -45.9763 125.033 -4.23388
v -46.377 128.73 -4.44329
v -45.4716 128.719 -4.42913
v -45.0686 128.287 -4.39006
v -45.0178 128.861 -4.42262
v -45.7694 129.241 -4.45411
v -46.4158 129.713 -4.46872
v -44.8926 125.9 -4.32318
v -45.8247 125.503 -4.27883
v -44.895 126.271 -4.29971
v -46.3172 129.923 -4.50554
v -45.624 129.554 -4.48929
v -45.9745 130.079 -4.49871
v -46.4022 130.432 -4.53711
v -44.8507 126.464 -4.29884
v -45.386 126.544 -4.3062
v -45.8281 126.251 -4.30315
v -48.2251 126.217 -4.33531
v -47.1408 126.92 -4.33493
v -50.0195 126.235 -4.31904
v -46.0651 126.877 -4.32225
v -47.6462 127.274 -4.37755
v -47.5289 125.801 -4.33482
v -46.8043 126.699 -4.32538
v -47.4875 122.744 -4.16314
v -46.8123 123.938 -4.20042
v -46.3852 123.683 -4.17174
v -46.6029 129.409 -4.47615
v -46.2203 129.624 -4.49245
v -46.2219 129.322 -4.48489
v -47.8195 125.455 -4.2246
v -46.9135 124.414 -4.18607
v -46.4985 124.658 -4.25065
v -46.332 126.26 -4.31108
v -46.2699 125.743 -4.28266
v -45.737 126.145 -4.29247
v -45.6702 125.848 -4.30039
v -45.9344 127.318 -4.3501
v -46.2818 127.772 -4.37245
v -47.018 128.294 -4.41825
v -46.0088 124.26 -4.20225
v -46.1158 128.036 -4.37577
v -45.8351 127.706 -4.38067
v -46.9039 128.481 -4.43335
v -46.3188 128.405 -4.41124
v -49.5874 121.894 -4.21585
v -48.3242 121.92 -4.11896
v -46.2905 128.728 -4.43593
v -45.7604 128.338 -4.40915
v -45.7919 124.982 -4.2252
v -46.4826 125.158 -4.24662
v -48.3065 129.263 -4.49554
v -47.4678 129.37 -4.49358
v -49.1215 130.127 -4.60696
v -45.8648 124.512 -4.2301
v -46.0076 124.6 -4.21292
v -46.9977 129.641 -4.51593
v -47.8848 130.436 -4.54149
v -45.734 128.684 -4.43421
v -46.8148 124.725 -4.2302
v -47.5826 124.848 -4.29338
v -46.5169 125.559 -4.28778
v -46.0043 129.137 -4.47216
v -49.5445 124.237 -4.27796
v -45.7458 126.49 -4.30838
v -46.046 126.553 -4.30118
v -47.3329 124.555 -4.25375
v -48.5806 123.64 -4.21681
v -48.443 124.272 -4.20319
v -47.3546 126.883 -4.37126
v -48.5554 127.239 -4.3563
v -47.8199 127.405 -4.36485
v -46.9901 126.935 -4.35752
v -47.2443 126.635 -4.32925
v -48.3459 128.002 -4.44382
v -46.9742 127.975 -4.40847
v -48.0058 128.245 -4.43925
v -49.0078 128.694 -4.48795
v -49.1053 129.26 -4.55979
v -50.1442 129.144 -4.58852
v -50.133 129.706 -4.60797
v -47.5342 128.487 -4.46174
v -49.2316 129.814 -4.57843
v -46.9847 128.183 -4.44924
v -47.3798 128.755 -4.46783
v -46.9527 128.592 -4.46055
v -47.1817 129.254 -4.49791
v -47.1306 128.892 -4.47807
v -47.4547 129.325 -4.48155
v -47.5148 124.891 -4.26523
v -48.3702 124.804 -4.29436
v -49.4468 131.506 -4.65164
v -49.1708 130.642 -4.62152
v -50.2367 131.695 -4.7003
v -48.2298 125.637 -4.28193
v -47.3807 126.195 -4.30981
v -47.4356 125.801 -4.31381
v -48.5787 125.83 -4.32727
v -50.2074 125.754 -4.35352
v -49.0253 126.357 -4.38897
v -48.6682 126.978 -4.38924
v -53.6746 123.632 -4.54574
v -53.3724 123.938 -4.25171
v -54.1396 124.872 -4.54527
v -52.0808 123.102 -4.24826
v -50.9918 122.422 -4.43843
v -49.5752 124.238 -4.2687
v -49.0642 123.838 -4.27133
v -49.7625 130.516 -4.70507
v -48.6722 129.598 -4.55569
v -49.2079 129.778 -4.57099
v -48.9855 126.38 -4.37071
v -48.9677 125.728 -4.35284
v -50.1339 125.729 -4.33019
v -48.1725 126.147 -4.3099
v -49.4943 126.975 -4.41551
v -50.4386 126.752 -4.43457
v -48.6389 126.528 -4.3741
v -48.1583 126.78 -4.40291
v -49.6492 127.42 -4.41726
v -48.5146 127.714 -4.46067
v -48.8132 123.597 -4.24956
v -48.2551 124.179 -4.23016
v -49.1799 127.851 -4.50341
v -49.6284 128.59 -4.54038
v -48.358 127.978 -4.44954
v -50.3613 128.773 -4.49108
v -48.2133 123.879 -4.25313
v -48.866 123.144 -4.20607
v -51.9177 128.49 -4.58621
v -51.8507 129.81 -4.62452
v -50.8974 130.338 -4.59492
v -50.1796 129.73 -4.6302
v -52.8969 131.875 -4.82961
v -48.2452 128.753 -4.50199
v -48.6918 128.377 -4.50852
v -49.0946 128.705 -4.51207
v -48.0622 124.988 -4.27663
v -50.8898 124.32 -4.34952
v -48.2974 125.793 -4.31647
v -48.387 125.183 -4.30446
v -48.6925 125.614 -4.28479
v -52.6896 125.931 -4.50313
v -52.2854 127.492 -4.49746
v -51.6195 126.763 -4.42549
v -50.7354 126.133 -4.41286
v -50.1206 126.739 -4.41984
v -51.4837 121.942 -4.25966
v -51.035 122.8 -4.31098
v -49.8576 122.932 -4.21451
v -52.2583 122.027 -4.21541
v -52.431 122.136 -4.18832
v -52.1507 123.032 -4.26793
v -50.8208 124.325 -4.35721
v -50.1372 125.457 -4.32957
v -50.3559 124.237 -4.28757
v -50.2447 125.692 -4.36563
v -54.1166 124.115 -4.35784
v -55.0819 123.341 -4.30529
v -55.4464 123.891 -4.33536
v -53.0879 127.478 -4.56119
v -53.6865 126.376 -4.44594
v -52.6981 125.229 -4.35901
v -52.8102 128.466 -4.5716
v -53.1401 128.15 -4.55349
v -53.0778 129.045 -4.58964
v -52.8147 129.619 -4.6036
v -53.1463 130.362 -4.66491
v -55.7076 124.348 -4.37731
v -57.2909 125.324 -4.57511
v -55.5387 126.155 -4.44582
v -56.2041 129.312 -4.62342
v -55.9953 130.524 -4.74842
v -55.8742 129.843 -4.71007
v -54.2771 127.247 -4.51447
v -54.4563 126.681 -4.48834
v -55.531 126.778 -4.51231
v -53.6782 126.493 -4.42917
v -57.5561 129.173 -4.65294
v -56.1289 129.917 -4.69877
v -56.2185 131.648 -4.86477
v -55.1897 130.426 -4.69383
v -53.9866 123.955 -4.28902
v -55.4883 123.096 -4.27017
v -55.4523 123.975 -4.34269
v -55.9249 127.414 -4.49118
v -55.3247 128.354 -4.57863
v -54.3093 127.983 -4.56147
v -54.5054 125.036 -4.42068
v -53.8629 125.713 -4.4005
v -54.0472 124.929 -4.35508
v -55.4396 124.879 -4.3857
v -52.5434 126.98 -4.44945
v -52.2882 126.528 -4.43964
v -52.8189 126.912 -4.45442
v -52.0648 127.378 -4.4113
v -53.8023 125.746 -4.38413
v -53.1743 126.423 -4.43836
v -52.8745 125.788 -4.39289
v -54.6891 127.415 -4.49948
v -52.796 126.537 -4.40814
v -52.3445 126.193 -4.40137
v -53.0025 125.615 -4.38737
v -52.7234 125.211 -4.34864
v -52.1315 126.072 -4.40404
v -53.8021 122.434 -4.26891
v -53.1048 123.276 -4.28474
v -53.2256 122.635 -4.27209
v -52.8758 127.447 -4.49607
v -54.2664 127.973 -4.54105
v -52.4743 127.44 -4.45961
v -54.4969 128.579 -4.5547
v -53.0268 128.025 -4.53758
v -52.6042 128.492 -4.53496
v -52.5927 127.99 -4.53119
v -52.9095 128.644 -4.54544
v -52.327 128.399 -4.55039
v -53.2813 124.554 -4.34507
v -53.5167 128.465 -4.56075
v -54.2771 128.966 -4.5931
v -54.4487 123.364 -4.26839
v -54.9549 122.417 -4.23295
v -55.4767 122.591 -4.21926
v -52.1329 124.089 -4.30119
v -52.8707 123.764 -4.29304
v -52.3359 124.571 -4.34057
v -54.0981 129.833 -4.66113
v -55.146 129.787 -4.67422
v -55.6487 130.651 -4.68314
v -52.9526 128.935 -4.6073
v -53.054 124.235 -4.32476
v -54.8236 123.582 -4.35088
v -52.2966 125.333 -4.35929
v -52.1784 125.709 -4.37021
v -54.5991 125.042 -4.36796
v -53.6794 126.612 -4.4026
v -53.5115 127.418 -4.4835
v -54.7694 125.389 -4.39341
v -51.7036 126.251 -4.39138
v -51.681 126.603 -4.41715
v -51.3319 126.258 -4.38837
v -54.0978 128.058 -4.5606
v -51.94 126.97 -4.45369
v -53.8194 129.342 -4.61962
v -51.3132 126.63 -4.40976
v -51.3833 126.851 -4.42881
v -53.6083 122.153 -4.17294
v -54.1481 122.303 -4.22978
v -52.9549 123.069 -4.25711
v -52.9831 128.11 -4.52799
v -51.9872 127.273 -4.464
v -52.2782 127.695 -4.47742
v -51.6805 127.323 -4.47886
v -51.7541 127.729 -4.48822
v -51.3765 127.622 -4.4818
v -51.2486 127.219 -4.44613
v -51.6348 127.985 -4.50322
v -52.6826 125.231 -4.3544
v -52.1625 125.517 -4.37485
v -53.0554 125.123 -4.35941
v -52.3883 124.045 -4.3909
v -55.467 123.928 -4.3766
v -55.2189 124.935 -4.34167
v -52.3246 124.733 -4.32779
v -51.9519 125.767 -4.37536
v -51.5788 126.069 -4.3768
v -51.796 124.808 -4.35307
v -51.5457 124.537 -4.29177
v -51.6208 124.149 -4.31983
v -51.9953 123.998 -4.26685
v -51.32 124.584 -4.30085
v -51.2634 126.913 -4.42872
v -51.2214 124.906 -4.31283
v -51.4389 124.975 -4.34136
v -52.2569 127.848 -4.49129
v -51.9102 128.442 -4.52079
v -51.2757 127.903 -4.48557
v -51.665 125.185 -4.32116
v -51.6697 125.299 -4.35397
v -52.5238 128.896 -4.5678
v -54.5963 126.402 -4.50378
v -54.5594 124.889 -4.32472
v -52.7757 126.549 -4.42261
v -53.5939 127.951 -4.52791
v -54.3399 128.008 -4.57736
v -52.676 128.487 -4.55371
v -55.0609 129.737 -4.63328
v -51.9765 127.667 -4.51919
v -51.7337 127.402 -4.46056
v -52.0995 127.388 -4.43288
v -53.8298 123.792 -4.28854
v -51.5734 124.988 -4.31231
v -51.5072 126.44 -4.40273
v -51.9672 123.956 -4.28235
v -51.5428 124.111 -4.26797
v -51.426 127.223 -4.45663
v -51.4156 127.369 -4.45012
v -51.5858 127.773 -4.48597
v -52.1242 125.119 -4.35117
v -52.2929 125.357 -4.36713
v -51.7983 125.533 -4.35968
v -51.6816 127.846 -4.47675
v -51.4687 125.482 -4.34953
v -51.6843 125.283 -4.34221
v -52.5501 128.621 -4.55188
v -53.1037 129.009 -4.55684
v -51.5006 127.973 -4.49321
v -51.7827 128.061 -4.49997
v -52.671 129.013 -4.55597
v -52.9816 129.166 -4.58746
v -51.3202 125.974 -4.37191
v -51.4232 125.774 -4.35441
v -51.5533 128.096 -4.50175
v -51.4813 125.009 -4.33688
v -53.7959 126.511 -4.45288
v -54.672 126.328 -4.38238
v -54.3673 126.693 -4.44561
v -54.0892 126.173 -4.43509
v -53.6074 125.417 -4.39233
v -54.0497 124.941 -4.34876
v -54.6529 125.415 -4.34521
v -53.145 125.333 -4.37744
v -53.2393 126.169 -4.4329
v -53.8235 125.753 -4.37367
v -53.1488 126.44 -4.43393
v -54.6374 127.005 -4.48105
v -53.8592 126.995 -4.46575
v -53.3768 126.98 -4.48659
v -54.753 127.447 -4.51569
v -53.4585 127.22 -4.50263
v -53.376 127.421 -4.47715
v -53.8021 128.164 -4.52759
v -53.2955 127.88 -4.51702
v -54.2362 127.98 -4.52924
v -53.0065 124.247 -4.31422
v -53.3899 123.494 -4.25855
v -53.5787 123.847 -4.33885
v -52.962 123.825 -4.27835
v -53.8409 127.438 -4.49844
v -54.4612 127.885 -4.52023
v -54.6203 128.646 -4.53701
v -54.9028 122.443 -4.21999
v -55.325 122.049 -4.16862
v -55.5764 122.516 -4.23489
v -56.7103 123.134 -4.358
v -56.1836 122.671 -4.30759
v -58.1066 122.006 -4.19881
v -55.2136 123.523 -4.30734
v -53.9239 128.455 -4.55579
v -54.5523 128.801 -4.5745
v -53.7344 128.688 -4.5638
v -53.2611 128.548 -4.5599
v -53.5397 128.504 -4.5584
v -55.1019 129.78 -4.65945
v -54.5287 123.31 -4.29828
v -53.9549 123.992 -4.2676
v -53.8567 124.241 -4.28456
v -54.6227 124.535 -4.2928
v -53.2241 124.581 -4.30283
v -53.1722 124.953 -4.32477
v -53.5827 124.856 -4.33352
v -54.5945 124.68 -4.38095
v -56.0015 125.003 -4.37119
v -56.21 126.689 -4.49035
v -55.5283 126.771 -4.49558
v -55.3635 126.334 -4.47172
v -56.3284 127.473 -4.56135
v -55.638 126.087 -4.46373
v -55.0841 125.52 -4.41778
v -55.5261 127.232 -4.51845
v -56.7913 128.013 -4.59275
v -55.6717 127.462 -4.52944
v -55.4006 123.958 -4.32708
v -55.0292 125.195 -4.38934
v -54.7267 123.695 -4.26651
v -55.5716 127.722 -4.58648
v -55.7666 124.845 -4.40892
v -55.9895 124.002 -4.33809
v -56.0869 122.729 -4.26126
v -56.0041 123.296 -4.31123
v -55.1867 123.536 -4.25797
v -55.5817 122.56 -4.28689
v -57.7918 121.433 -4.20272
v -57.9868 120.807 -4.12659
v -57.9748 121.9 -4.21377
v -56.5309 124.392 -4.36353
v -56.7889 125.314 -4.43224
v -58.5809 124.335 -4.35762
v -59.2642 125.329 -4.51644
v -58.6915 125.092 -4.42166
v -56.1356 126.084 -4.38991
v -54.9351 124.97 -4.36622
v -55.5581 125.765 -4.41823
v -55.5678 122.21 -4.26756
v -56.8582 127.256 -4.53938
v -55.5121 126.713 -4.48737
v -58.1151 126.914 -4.57301
v -58.0093 127.408 -4.57244
v -56.5452 128.06 -4.58802
v -57.6064 128.079 -4.53763
v -57.2279 128.771 -4.63382
v -58.2816 128.458 -4.62239
v -56.6964 121.427 -4.3019
v -55.1155 123.847 -4.35205
v -56.7703 123.372 -4.27797
v -57.5461 121.846 -4.25512
v -58.6428 123.152 -4.36209
v -57.7614 123.776 -4.35444
v -54.7776 124.504 -4.3249
v -56.6489 125.513 -4.46623
v -56.5517 120.414 -4.16663
v -56.3246 126.437 -4.45826
v -55.6911 126.964 -4.50794
v -55.9432 127.438 -4.52133
v -55.3077 122.728 -4.28845
v -54.9368 122.478 -4.21234
v -54.4439 123.116 -4.29537
v -58.5992 122.507 -4.3098
v -55.641 125.313 -4.43135
v -58.3479 124.419 -4.48618
v -57.4652 127.662 -4.61004
v -54.689 121.699 -4.19201
v -55.947 120.879 -4.16071
v -54.9922 122.216 -4.19752
v -57.6112 119.846 -4.13967
v -54.5384 124.238 -4.35364
v -54.8179 124.779 -4.37309
v -57.8562 125.995 -4.47086
v -54.2778 121.85 -4.19519
v -54.0607 122.53 -4.26248
v -53.8895 122.247 -4.37191
v -54.2266 122.817 -4.25157
v -55.6098 126.085 -4.455
v -56.513 126.538 -4.52707
v -54.5709 123.275 -4.27952
v -55.2919 124.492 -4.33895
v -55.5022 124.843 -4.43935
v -56.7505 124.955 -4.39699
v -56.277 124.082 -4.35239
v -57.8619 125.484 -4.46071
v -53.3407 122.736 -4.21147
v -53.7783 122.088 -4.24007
v -53.7195 122.499 -4.22035
v -53.4126 121.751 -4.21611
v -54.1454 124.055 -4.33832
v -54.7525 121.2 -4.18633
v -54.9717 119.509 -4.08267
v -55.7085 119.524 -4.09036
v -54.3175 120.305 -4.13906
v -55.9296 126.486 -4.49599
v -54.0805 123.736 -4.30225
v -55.6217 122.941 -4.28433
v -56.5586 123.213 -4.2966
v -53.4987 122.358 -4.24582
v -53.8573 120.762 -4.11013
v -54.4407 120.934 -4.15127
v -56.2303 123.77 -4.3192
v -58.4289 124.428 -4.4946
v -54.861 125.36 -4.39062
v -55.4684 125.452 -4.40968
v -54.1645 124.702 -4.36053
v -54.3796 125.19 -4.3775
v -53.98 124.45 -4.33592
v -54.2142 124.849 -4.41661
v -54.6639 124.035 -4.33937
v -55.6686 122.477 -4.23992
v -54.8215 122.772 -4.30386
v -53.7544 124.28 -4.32809
v -53.0183 122.4 -4.1981
v -53.1681 123.059 -4.25582
v -52.7992 122.889 -4.2431
v -53.0945 123.305 -4.2415
v -53.2406 123.852 -4.28428
v -53.4464 123.475 -4.27148
v -53.4164 123.989 -4.29736
v -55.3887 119.892 -4.11611
v -56.4333 120.504 -4.15437
v -54.8995 121.206 -4.12216
v -53.8288 123.726 -4.29356
v -60.0519 123.95 -4.42961
v -56.8611 123.294 -4.30183
v -56.0347 124.084 -4.36448
v -56.5237 125.189 -4.40525
v -55.5949 124.697 -4.3861
v -53.8448 120.363 -4.11011
v -54.1535 119.595 -4.0233
v -53.6724 122.534 -4.20127
v -53.1332 123.098 -4.24199
v -53.8084 123.039 -4.25463
v -53.3323 124.517 -4.3167
v -53.511 124.82 -4.34056
v -53.6834 124.946 -4.36111
v -53.864 125.156 -4.37382
v -56.0402 125.469 -4.44063
v -56.6073 125.732 -4.45673
v -54.078 121.894 -4.18169
v -51.9614 123.433 -4.26798
v -52.0628 122.851 -4.20675
v -52.2314 123.003 -4.20517
v -54.3947 122.991 -4.25335
v -54.4718 121.808 -4.20291
v -53.0533 124.219 -4.2988
v -52.9096 123.776 -4.25858
v -52.8419 124.108 -4.30005
v -52.7386 123.711 -4.26739
v -53.1289 123.837 -4.28237
v -53.6532 118.904 -4.1612
v -54.4711 125.782 -4.42034
v -54.2332 125.579 -4.3952
v -54.9186 125.577 -4.40995
v -53.0923 122.941 -4.24307
v -53.1702 122.452 -4.19524
v -54.9673 125.779 -4.43812
v -55.4983 125.238 -4.39724
v -54.1951 125.306 -4.39128
v -54.2144 125.467 -4.38438
v -53.7702 125.422 -4.39803
v -53.9839 124.402 -4.3133
v -53.0731 123.329 -4.21844
v -53.1161 124.269 -4.31908
v -53.1284 124.837 -4.34717
v -53.5188 125.337 -4.38371
v -54.1169 125.818 -4.42199
v -52.6775 122.872 -4.23014
v -52.7386 123.713 -4.26255
v -52.8203 124.355 -4.32133
v -52.9143 124.823 -4.36232
v -52.599 124.544 -4.31838
v -52.4228 122.528 -4.21681
v -52.425 123.688 -4.2621
v -52.1195 123.011 -4.20327
v -52.221 123.998 -4.25815
v -52.0852 123.884 -4.2628
v -52.0192 124.147 -4.29038
v -52.3751 124.415 -4.28094
v -52.5042 124.218 -4.29973
v -55.225 123.506 -4.2663
v -59.9712 122.024 -4.20365
v -60.9239 123.107 -4.30275
v -59.8857 123.058 -4.30573
v -55.0937 123.852 -4.3288
v -54.6551 124.629 -4.39267
v -55.0564 124.755 -4.34427
v -54.9017 124.982 -4.3459
v -54.3023 125.096 -4.34343
v -54.0941 124.919 -4.32821
v -54.526 124.315 -4.35228
v -53.7752 124.882 -4.36657
v -53.9027 125.213 -4.41301
v -53.5722 123.757 -4.2645
v -53.2067 124.297 -4.31767
v -53.4497 125.171 -4.36831
v -55.5104 124.827 -4.38673
v -57.0803 124.163 -4.36282
v -53.074 123.573 -4.20034
v -51.9329 123.304 -4.21254
v -52.2057 123.544 -4.24012
v -51.9037 123.427 -4.2602
v -52.8814 124.161 -4.30847
v -52.6028 124.075 -4.31123
v -54.1184 119.652 -3.99611
v -53.2212 121.229 -4.15258
v -52.5709 120.49 -4.10706
v -52.843 124.55 -4.34593
v -52.5783 124.64 -4.32003
v -52.6672 124.372 -4.31355
v -52.7172 124.807 -4.34295
v -52.4288 123.693 -4.26138
v -52.9741 124.621 -4.34194
v -52.8772 124.891 -4.35493
v -53.2643 124.825 -4.35571
v -53.3274 124.52 -4.32213
v -51.0558 121.991 -4.13365
v -51.1913 122.653 -4.18879
v -50.9116 122.274 -4.25251
v -53.4016 124.981 -4.35701
v -53.0173 124.975 -4.36789
v -53.2245 125.145 -4.38225
v -52.0039 123.979 -4.27865
v -52.9206 122.993 -4.28147
v -52.5016 122.856 -4.23393
v -52.8798 122.45 -4.20987
v -52.2838 124.512 -4.32041
v -52.3422 124.341 -4.302
v -53.4445 120.915 -4.15889
v -54.1374 121.23 -4.12345
v -53.2927 121.838 -4.19407
v -54.2305 120.164 -4.06986
v -54.6868 121.279 -4.18463
v -54.1051 122.361 -4.23646
v -53.7152 122.818 -4.23791
v -53.7163 122.151 -4.24649
v -53.5979 123.16 -4.27002
v -53.2461 122.858 -4.24656
v -53.8627 123.069 -4.27152
v -53.5875 124.015 -4.30658
v -53.3656 123.787 -4.31684
v -53.6367 123.827 -4.30698
v -53.3582 123.629 -4.28515
v -53.1937 123.2 -4.26858
v -53.9591 119.62 -4.06825
v -53.6929 123.473 -4.27718
v -54.4516 122.368 -4.22916
v -55.3155 121.924 -4.24439
v -54.95 122.439 -4.23142
v -54.2194 123.22 -4.27157
v -53.5161 123.647 -4.29722
v -53.926 123.466 -4.28404
v -53.9727 123.798 -4.32965
v -53.9349 124.085 -4.33919
v -53.7561 124.175 -4.29801
v -54.8434 122.842 -4.29702
v -55.544 121.965 -4.26865
v -55.5562 122.559 -4.21739
v -54.8185 123.519 -4.31929
v -56.0689 122.746 -4.27847
v -54.2818 123.56 -4.28636
v -54.262 123.779 -4.30192
v -56.7885 121.929 -4.26055
v -55.2858 123.479 -4.34385
v -54.5265 123.87 -4.31547
v -54.2309 123.986 -4.31734
v -55.9546 123.34 -4.32221
v -54.9744 123.902 -4.31266
v -55.42 123.632 -4.31544
v -54.2965 124.184 -4.34756
v -54.4353 124.05 -4.34138
v -54.4445 124.189 -4.34937
v -54.3476 124.246 -4.35129
v -52.0105 122.838 -4.23871
v -52.098 122.475 -4.19345
v -52.2268 122.767 -4.24776
v -52.5794 121.996 -4.18314
v -52.1993 121.313 -4.14541
v -52.5555 120.426 -4.10229
v -55.5517 123.765 -4.33787
v -56.668 123.324 -4.34436
v -52.3012 123.125 -4.24674
v -52.5862 122.918 -4.22374
v -54.969 124.195 -4.34061
v -55.4024 123.952 -4.32347
v -52.8233 122.483 -4.224
v -52.96 121.842 -4.16611
v -55.9182 123.855 -4.33142
v -53.154 122.72 -4.2402
v -52.7984 123.05 -4.24407
v -53.0426 122.993 -4.24939
v -52.8347 123.515 -4.26345
v -54.3005 121.989 -4.20815
v -54.6737 121.743 -4.19744
v -54.2162 122.514 -4.23055
v -54.1069 122.263 -4.2102
v -53.8805 121.82 -4.18538
v -53.9223 122.587 -4.22209
v -53.7037 122.377 -4.22611
v -53.7799 122.811 -4.24669
v -53.4929 122.748 -4.25335
v -54.3877 123.086 -4.26735
v -54.0815 122.986 -4.26125
v -54.3271 122.788 -4.25939
v -55.308 121.594 -4.20471
v -54.8504 122.308 -4.22627
v -54.4295 122.589 -4.23008
v -57.3752 119.774 -4.24525
v -57.7137 119.246 -4.00151
v -57.607 120.442 -4.22591
v -55.4362 121.994 -4.22697
v -55.4083 122.312 -4.22257
v -55.798 121.374 -4.21091
v -56.4068 121.703 -4.22471
v -54.9612 122.677 -4.23931
v -54.6558 122.827 -4.26342
v -54.7084 122.655 -4.2643
v -54.8191 122.95 -4.27815
v -52.8291 122.062 -4.20752
v -53.0072 122.228 -4.20126
v -52.866 122.417 -4.21082
v -55.5923 122.525 -4.2179
v -55.4202 122.686 -4.24139
v -53.1647 121.201 -4.14841
v -53.8572 120.476 -4.14453
v -53.358 121.633 -4.18983
v -53.5469 122.028 -4.23492
v -53.2037 122.075 -4.19854
v -53.2685 122.366 -4.21261
v -56.0347 122.563 -4.26461
v -55.6325 122.847 -4.27324
v -55.0005 123.44 -4.30431
v -54.668 123.28 -4.28904
v -55.4343 123.204 -4.28965
v -54.2379 119.141 -4.08292
v -54.5964 120.273 -4.09959
v -53.7359 121.628 -4.1678
v -54.24 120.917 -4.16874
v -53.1888 122.562 -4.2235
v -53.4936 122.473 -4.24128
v -57.9933 122.041 -4.23713
v -57.3868 121.785 -4.22428
v -58.1876 121.521 -4.2016
v -55.9773 122.888 -4.30496
v -56.8666 122.751 -4.25832
v -53.6627 122.276 -4.22368
v -53.6729 118.292 -3.98298
v -54.1888 118.977 -4.03625
v -53.7797 119.439 -4.09404
v -53.139 119.667 -4.08476
v -52.9295 120.331 -4.13958
v -52.7709 119.26 -4.02764
v -54.7739 121.953 -4.22179
v -54.6646 121.74 -4.2059
v -55.0178 121.738 -4.22082
v -56.1692 121.269 -4.18967
v -55.6206 121.787 -4.20786
v -55.725 121.448 -4.18767
v -55.0084 122.063 -4.23676
v -55.2965 121.597 -4.21005
v -55.2531 122.179 -4.24222
v -55.6463 122.009 -4.22957
v -56.8857 121.109 -4.21942
v -56.2271 121.737 -4.24497
v -55.8197 122.395 -4.25894
v -55.7649 122.157 -4.28494
v -56.2994 121.969 -4.21129
v -54.3448 115.537 -3.82092
v -53.8707 114.721 -3.82959
v -55.3213 115.491 -3.82498
v -60.3303 119.776 -4.14945
v -60.7397 119.288 -3.53733
v -60.6855 119.824 -4.01427
v -53.915 119.914 -4.1079
v -53.5346 120.439 -4.13154
v -56.6059 121.881 -4.22911
v -53.8196 120.749 -4.14172
v -53.8187 121.1 -4.1549
v -53.7505 121.564 -4.16901
v -53.5932 121.366 -4.19867
v -55.5743 122.085 -4.23949
v -54.5082 120.962 -4.16163
v -54.2237 120.431 -4.14083
v -54.6101 120.227 -4.12683
v -54.0675 121.056 -4.16907
v -60.9067 119.586 -3.02789
v -61.9522 119.816 -4.0902
v -56.6848 122.089 -4.2474
v -61.1192 119.037 -4.03721
v -55.3418 119.94 -4.15132
v -55.4332 120.205 -4.15907
v -54.9398 120.515 -4.16883
v -57.5505 119.818 -4.15178
v -57.5445 119.297 -4.08599
v -58.5721 118.871 -4.01416
v -56.3601 120.131 -4.15901
v -54.2632 119.447 -4.11393
v -54.9126 118.505 -4.10087
v -54.608 119.887 -4.13708
v -56.701 120.455 -4.1927
v -57.1767 120.401 -4.17871
v -57.9537 120.072 -4.15947
v -58.3142 120.411 -4.10685
v -57.4574 120.602 -4.19875
v -57.5115 121.005 -4.20727
v -61.8543 117.098 -2.80661
v -60.9854 117.567 -3.73617
v -61.1891 116.897 -3.08221
v -57.5298 120.383 -4.14769
v -58.427 120.31 -4.0689
v -61.104 118.681 -3.68377
v -61.3342 118.796 -2.84327
v -60.902 118.977 -3.64459
v -60.7033 118.569 -3.13753
v -58.7702 119.493 -4.03486
v -61.4142 118.47 -4.10782
v -58.4385 120.5 -4.10753
v -58.0001 120.542 -4.11252
v -54.1291 119.307 -4.10176
v -53.3348 117.811 -4.0075
v -54.209 117.552 -4.09165
v -56.9772 119.554 -4.13461
v -57.8349 117.84 -3.98303
v -57.8646 118.881 -4.00876
v -53.6491 116.547 -3.95541
v -54.6726 115.949 -3.88599
v -57.4533 119.595 -4.05173
v -57.9618 119.179 -3.98821
v -57.7159 120.018 -4.07571
v -57.1842 120.379 -4.18077
v -60.9766 119.52 -3.65533
v -57.8397 118.729 -4.01542
v -57.5828 118.509 -4.05117
v -58.3019 118.224 -3.95596
v -57.7523 117.696 -3.94074
v -57.1683 118.015 -4.06562
v -57.8204 116.653 -3.91533
v -58.7105 118.714 -4.00789
v -60.9089 116.857 -3.85729
v -60.9684 117.583 -3.71856
v -58.4818 119.268 -4.03285
v -60.7832 118.855 -3.16163
v -53.2285 113.994 -3.79153
v -52.6432 113.475 -3.70012
v -53.479 112.298 -3.76174
v -60.9511 116.43 -3.8487
v -60.8568 115.577 -3.81091
v -60.9832 116.431 -3.48831
v -60.9626 116.988 -3.88206
v -60.979 117.394 -3.10739
v -61.4029 117.208 -2.81091
v -61.0049 117.672 -3.12421
v -52.7681 113.175 -3.68976
v -52.0953 111.542 -3.68152
v -53.3407 110.955 -3.57523
v -53.5091 112.671 -3.71542
v -59.3419 115.003 -3.80531
v -60.9825 114.905 -3.73027
v -61.0173 115.83 -3.82553
v -61.1082 115.026 -2.96174
v -61.0066 116.08 -3.00521
v -61.0636 114.28 -3.72343
v -52.5692 113.181 -3.73389
v -51.9445 113.303 -3.5968
v -53.2354 114.678 -3.81748
v -52.6175 114.887 -3.82722
v -52.503 111.39 -3.67876
v -56.6954 114.997 -3.8852
v -57.8602 114.085 -3.70883
v -57.866 115.335 -3.76994
v -53.537 114.266 -3.7919
v -57.3517 114.634 -3.91948
v -57.8214 114.482 -3.72284
v -52.6408 114.971 -3.80728
v -54.3443 115.567 -3.87509
v -54.9654 114.37 -3.80613
v -55.0221 115.108 -3.851
v -59.7735 114.488 -3.79591
v -60.8958 113.897 -3.63178
v -60.9038 114.624 -3.69378
v -53.3621 110.871 -3.55732
v -54.203 112.548 -3.72555
v -51.9302 112.534 -3.70158
v -51.5727 113.45 -3.67372
v -50.5674 112.728 -3.71272
v -54.0175 111.522 -3.53672
v -57.7149 111.393 -3.65492
v -58.1121 110.742 -3.47132
v -57.8735 112.201 -3.58945
v -54.7574 116.294 -3.89745
v -55.2074 115.821 -3.88427
v -53.8453 115.925 -3.89399
v -53.5502 116.863 -3.91429
v -53.2647 116.165 -3.88349
v -53.9013 114.872 -3.81771
v -53.2256 115.617 -3.86719
v -51.2003 115.452 -3.8585
v -51.9314 115.645 -3.8504
v -52.1599 116.191 -3.89391
v -52.0504 115.122 -3.7858
v -52.9032 116.1 -3.8942
v -55.9283 114.727 -3.84207
v -56.5905 113.9 -3.71255
v -55.9788 115.605 -3.89289
v -53.2288 116.237 -3.90059
v -56.7055 114.941 -3.89806
v -57.4846 114.952 -3.91358
v -57.6052 115.133 -3.88404
v -58.0406 115.372 -3.78459
v -57.2763 116.396 -3.95925
v -56.7418 116.534 -3.96
v -56.4146 115.833 -3.89866
v -51.2357 115.103 -3.82719
v -52.0346 116.427 -3.87027
v -50.5439 115.281 -3.82173
v -54.5818 116.819 -3.94238
v -53.8832 115.933 -3.88382
v -54.3364 115.687 -3.89483
v -54.4398 115.051 -3.85672
v -54.6491 109.934 -3.59555
v -54.768 110.891 -3.6601
v -54.3544 115.527 -3.89075
v -53.8503 115.921 -3.88743
v -52.9178 116.148 -3.87815
v -51.9909 116.381 -3.86516
v -51.1257 115.179 -3.81358
v -53.4611 117.267 -3.95367
v -53.21 116.85 -3.9248
v -53.4877 116.838 -3.92889
v -57.2677 116.067 -3.95308
v -57.6582 115.653 -3.9085
v -58.105 115.323 -3.76295
v -56.4087 114.237 -3.77789
v -57.8732 113.243 -3.67093
v -57.2686 113.371 -3.79647
v -57.9875 112.426 -3.60961
v -58.4277 112.446 -3.67028
v -54.2232 114.934 -3.82504
v -54.9881 115.086 -3.85482
v -55.7273 117.653 -4.00142
v -55.4209 117.821 -4.00737
v -55.6008 117.318 -3.98277
v -54.1161 117.95 -4.0201
v -53.6928 117.728 -3.98136
v -53.9899 117.749 -3.9789
v -54.2304 117.895 -3.98392
v -53.5504 117.109 -3.94113
v -53.1709 116.968 -3.90792
v -53.3569 116.823 -3.91139
v -54.1709 117.732 -3.98439
v -54.0738 117.333 -3.95428
v -54.4681 117.666 -3.98315
v -57.6634 116.088 -3.89975
v -54.0919 116.962 -3.92097
v -54.4909 116.459 -3.91671
v -54.3529 117.091 -3.95466
v -52.3335 113.715 -3.76037
v -52.6142 114.893 -3.82642
v -51.8578 115.219 -3.83067
v -52.2753 115.182 -3.81935
v -52.2858 115.934 -3.86172
v -54.6507 115.033 -3.83279
v -54.4368 115.601 -3.89964
v -54.221 115.737 -3.84638
v -51.1876 115.045 -3.84594
v -55.0725 117.194 -3.98753
v -55.2045 116.767 -3.95858
v -55.3456 116.982 -3.97401
v -54.9582 116.769 -3.95148
v -52.6935 116.863 -3.93996
v -52.361 116.519 -3.90453
v -52.6942 116.391 -3.89904
v -53.5594 117.25 -3.95875
v -53.2865 116.871 -3.92685
v -53.8875 116.904 -3.93625
v -55.3179 117.282 -3.98611
v -55.4722 117.258 -3.99023
v -55.6006 116.748 -3.95812
v -53.1524 116.93 -3.9281
v -53.2152 116.656 -3.91501
v -53.2528 117.185 -3.95422
v -53.4284 116.509 -3.90283
v -54.2381 116.419 -3.93227
v -54.3155 116.953 -3.94171
v -54.1334 116.879 -3.95122
v -54.2412 117.133 -3.96359
v -54.0704 117.341 -3.96244
v -54.4239 117.174 -3.97593
v -57.3945 112.196 -3.76391
v -57.91 111.512 -3.52546
v -57.7092 112.588 -3.69086
v -54.3513 114.374 -3.77297
v -54.5606 115.207 -3.85742
v -54.9425 114.402 -3.77901
v -49.9177 109.89 -2.00813
v -49.9308 110.454 -3.35144
v -49.1136 110.723 -2.91423
v -55.0958 116.425 -3.92384
v -55.1634 116.607 -3.94758
v -54.8273 116.706 -3.94083
v -48.8605 111.242 -3.51631
v -49.1525 111.677 -2.25588
v -51.7831 115.444 -3.80341
v -52.1372 115.465 -3.81523
v -51.8995 115.614 -3.85006
v -52.292 114.647 -3.7843
v -52.6345 114.923 -3.81187
v -52.6208 115.425 -3.85025
v -52.3472 113.768 -3.73658
v -53.29 114.968 -3.8148
v -57.2768 114.225 -3.84696
v -57.9345 113.922 -3.70658
v -57.8152 114.254 -3.73148
v -57.9698 113.09 -3.67088
v -57.3383 115.076 -3.88215
v -49.4829 110.659 -2.41112
v -50.1996 109.779 -2.49946
v -52.322 113.737 -3.75425
v -53.2713 114.741 -3.79092
v -52.6626 114.669 -3.7853
v -54.3588 115.321 -3.84823
v -53.8786 114.836 -3.82769
v -48.4941 110.069 -2.11971
v -49.3428 110.774 -2.93565
v -48.0348 110.392 -3.08774
v -54.3864 113.717 -3.75509
v -54.8066 114.112 -3.79723
v -53.9463 113.195 -3.72668
v -54.3216 115.886 -3.87041
v -54.1045 115.506 -3.86077
v -54.3783 116.015 -3.87713
v -54.1926 116.162 -3.87576
v -52.1027 115.424 -3.83992
v -52.2565 115.63 -3.84943
v -57.2809 113.358 -3.78682
v -56.6352 113.433 -3.78841
v -51.926 112.518 -3.7006
v -52.8058 113.239 -3.657
v -54.6419 110.119 -3.57471
v -54.4073 110.616 -3.53661
v -53.9851 111.076 -3.61087
v -53.7007 112.079 -3.67561
v -53.326 110.926 -3.54794
v -55.8933 109.956 -3.59584
v -55.4802 110.689 -3.56647
v -52.8333 111.226 -3.60079
v -49.5972 110.684 -2.41922
v -49.4891 110.724 -2.94873
v -54.3641 114.954 -3.8458
v -54.1098 115.234 -3.84027
v -53.8899 114.852 -3.82003
v -49.861 110.003 -2.22958
v -48.5937 109.685 -1.90023
v -52.6707 113.944 -3.74426
v -52.6536 114.419 -3.76847
v -52.7667 113.129 -3.68248
v -52.2353 111.914 -3.63075
v -54.3641 114.559 -3.81461
v -54.9072 114.388 -3.82406
v -54.7193 115.252 -3.84892
v -54.5679 115.206 -3.85575
v -54.6898 115.038 -3.82759
v -54.0443 114.342 -3.79728
v -54.2469 115.352 -3.87329
v -51.7685 113.85 -3.75319
v -52.7866 115.347 -3.8432
v -52.6543 114.943 -3.81917
v -52.999 115.356 -3.8544
v -54.4601 115.635 -3.8741
v -53.687 115.551 -3.86467
v -55.4896 114.078 -3.78107
v -55.6034 113.197 -3.75847
v -56.1425 112.892 -3.72899
v -54.8353 115.459 -3.86525
v -51.9821 114.332 -3.78544
v -54.9947 115.456 -3.86907
v -55.0083 115.136 -3.85222
v -55.2635 115.318 -3.87627
v -52.9691 115.117 -3.83435
v -55.148 114.851 -3.8494
v -55.4568 115.572 -3.89145
v -55.1239 115.515 -3.86422
v -53.3789 115.45 -3.85429
v -53.267 115.078 -3.81829
v -55.6544 115.095 -3.86442
v -53.2387 115.62 -3.84984
v -53.4414 115.645 -3.87661
v -53.5338 115.456 -3.84466
v -53.4209 115.121 -3.82036
v -53.6548 115.031 -3.83096
v -53.2348 113.533 -3.78101
v -55.9671 114.727 -3.8607
v -56.3409 114.859 -3.85215
v -55.9862 115.153 -3.86959
v -56.7877 114.279 -3.85005
v -57.2755 112.982 -3.78022
v -57.8905 111.3 -3.55548
v -57.969 112.592 -3.65083
v -55.9509 115.548 -3.89469
v -53.2953 114.614 -3.79291
v -53.5562 114.333 -3.7756
v -54.2192 111.142 -3.65468
v -54.2586 112.877 -3.68171
v -54.8535 111.639 -3.64628
v -51.7739 113.252 -3.68752
v -52.4923 114.141 -3.76571
v -51.8036 113.765 -3.7427
v -53.259 112.698 -3.73523
v -48.6823 110.207 -3.49174
v -48.6208 111.192 -3.59383
v -48.3039 110.68 -3.03874
v -54.4771 114.35 -3.83088
v -54.4422 114.667 -3.83938
v -54.2616 114.736 -3.82556
v -54.7292 114.706 -3.82646
v -53.9522 113.187 -3.72175
v -53.6318 114.025 -3.78886
v -54.3051 114.108 -3.75044
v -54.6594 113.8 -3.78518
v -54.6754 113.236 -3.76889
v -54.2462 114.317 -3.80109
v -54.5453 115.065 -3.85577
v -53.6984 115.133 -3.84099
v -52.279 114.556 -3.75939
v -52.4166 114.22 -3.79191
v -50.0333 110.983 -2.81321
v -50.0987 109.757 -3.28077
v -50.0807 110.64 -3.25929
v -51.9254 112.775 -3.72959
v -51.3696 112.111 -3.60921
v -51.9101 111.498 -3.57679
v -52.8311 113.975 -3.75457
v -52.6312 113.228 -3.63954
v -49.9052 110.272 -2.37892
v -50.408 111.638 -3.59976
v -54.1439 111.023 -3.56022
v -54.4826 112.654 -3.72466
v -51.1542 111.122 -3.58063
v -50.9032 109.899 -3.41533
v -54.6088 113.483 -3.7417
v -54.1334 113.422 -3.74967
v -54.387 113.864 -3.77335
v -49.7025 110.716 -2.43017
v -57.9066 109.153 -3.45195
v -58.1496 106.489 -3.57363
v -58.9611 108.944 -3.4136
v -53.9294 113.134 -3.71431
v -54.7156 113.84 -3.80153
v -54.5922 114.127 -3.79262
v -55.0745 112.573 -3.74293
v -52.3896 114.252 -3.80304
v -51.9617 113.743 -3.75131
v -52.3068 113.801 -3.75907
v -52.6955 114.347 -3.77689
v -52.8865 114.066 -3.77677
v -52.4015 113.53 -3.72592
v -52.9723 113.523 -3.7577
v -52.2166 112.493 -3.71062
v -56.0909 112.815 -3.73666
v -56.5249 112.596 -3.75773
v -55.9785 113.192 -3.78192
v -53.289 112.835 -3.6997
v -52.8078 111.329 -3.60488
v -53.7021 112.205 -3.65756
v -53.7266 111.672 -3.6087
v -54.4743 112.822 -3.72169
v -54.7506 112.704 -3.69626
v -54.6528 112.854 -3.74057
v -50.0526 110.785 -2.85027
v -49.5225 110.688 -2.92031
v -49.5941 110.601 -2.43533
v -49.9627 110.415 -3.2967
v -49.1794 110.405 -3.34009
v -50.4187 111.566 -3.59804
v -54.7013 109.98 -3.60697
v -55.3463 110.54 -3.58819
v -54.9328 111.309 -3.61091
v -53.6319 112.124 -3.74158
v -52.897 111.215 -3.61555
v -53.312 110.639 -3.59227
v -54.1998 111.187 -3.66144
v -54.0004 112.558 -3.71473
v -53.727 111.637 -3.60102
v -53.9192 113.079 -3.7157
v -54.1473 113.025 -3.73608
v -54.2828 112.77 -3.68455
v -54.2648 113.483 -3.77163
v -52.0603 113.249 -3.72677
v -51.7771 112.728 -3.69984
v -52.1394 113 -3.69727
v -51.2884 112.761 -3.69655
v -54.1333 113.383 -3.76245
v -54.5209 113.54 -3.76767
v -55.4077 111.684 -3.6803
v -53.8435 113.641 -3.77414
v -54.9981 113.159 -3.76407
v -49.9732 110.385 -2.37487
v -51.9359 112.646 -3.72159
v -55.0355 112.618 -3.69979
v -55.3159 112.531 -3.73357
v -54.6322 113.629 -3.78029
v -55.0289 113.285 -3.76948
v -54.7941 113.764 -3.78269
v -52.8589 113.477 -3.75622
v -52.9224 113.673 -3.7692
v -52.5182 113.447 -3.7424
v -50.1093 109.598 -2.50488
v -50.1973 109.884 -2.96948
v -51.3226 112.003 -3.63669
v -51.9043 111.809 -3.61016
v -52.602 113.181 -3.70993
v -52.5085 112.686 -3.7186
v -53.2343 113.563 -3.74531
v -53.1654 113.791 -3.76853
v -53.0728 113.182 -3.74147
v -52.4118 113.634 -3.74358
v -53.4588 113.77 -3.7729
v -53.3323 113.531 -3.76798
v -53.615 113.769 -3.77608
v -55.1106 113.679 -3.78921
v -55.1957 113.466 -3.77406
v -50.1144 109.996 -3.27538
v -55.7252 111.69 -3.67896
v -55.8268 112.565 -3.74364
v -55.4231 113.053 -3.75799
v -52.1682 111.029 -3.64179
v -52.5525 111.655 -3.63065
v -51.5101 110.427 -3.55044
v -53.2792 113.205 -3.72162
v -52.7554 112.151 -3.68548
v -53.4585 112.697 -3.72847
v -53.5411 113.353 -3.73642
v -53.798 113.561 -3.76571
v -57.768 109.954 -3.55886
v -57.4584 109.143 -3.62072
v -58.7172 108.261 -3.44388
v -57.9683 107.92 -3.39231
v -55.6517 113.125 -3.76899
v -56.1545 112.786 -3.75726
v -52.2224 109.5 -3.56171
v -52.5752 112.576 -3.69103
v -55.5108 113.395 -3.77603
v -55.7579 113.324 -3.78493
v -56.0594 113.264 -3.77527
v -53.5678 113.062 -3.72035
v -54.1449 110.894 -3.57315
v -54.0011 111.003 -3.62443
v -54.0679 111.774 -3.65387
v -53.5916 110.507 -3.61485
v -54.3872 111.708 -3.65259
v -54.6377 110.616 -3.58902
v -50.4035 110.666 -3.54695
v -52.8871 111.685 -3.65973
v -52.2231 111.185 -3.5713
v -52.623 110.387 -3.55819
v -54.7737 110.937 -3.58893
v -54.9284 111.32 -3.61214
v -54.2249 112.864 -3.72942
v -54.0098 112.849 -3.71715
v -54.276 112.624 -3.69785
v -52.2395 112.627 -3.68985
v -52.4178 113.002 -3.71762
v -51.9217 112.743 -3.72551
v -52.7412 113.023 -3.70451
v -51.7047 112.42 -3.66764
v -54.7145 109.679 -3.55649
v -54.2516 112.166 -3.69056
v -55.4814 107.711 -3.44631
v -55.6642 109.346 -3.52933
v -49.9223 108.397 -1.88041
v -49.8222 109.631 -1.98373
v -54.5309 112.233 -3.6669
v -54.4503 112.697 -3.71955
v -52.6417 112.752 -3.71368
v -52.8967 113.047 -3.66659
v -52.2783 111.403 -3.61404
v -52.7734 112.205 -3.6639
v -54.8365 112.137 -3.70254
v -54.9514 112.424 -3.72687
v -55.5987 110.819 -3.65971
v -52.2327 111.856 -3.62208
v -51.8774 111.245 -3.54488
v -53.6515 112.178 -3.73298
v -53.8251 112.684 -3.71785
v -53.6407 112.696 -3.70508
v -53.0693 112.549 -3.69501
v -52.7827 112.753 -3.71002
v -53.2733 110.778 -3.57837
v -53.3229 111.75 -3.65772
v -53.3087 112.113 -3.68094
v -57.7648 110.319 -3.63612
v -57.7841 109.936 -3.62024
v -57.9655 109.942 -3.51313
v -54.357 111.637 -3.6149
v -54.2201 110.859 -3.57451
v -54.7473 111.302 -3.62722
v -54.4492 107.025 -3.34586
v -55.9836 105.954 -3.35747
v -54.0651 111.542 -3.65219
v -54.2861 111.787 -3.66557
v -54.7241 110.119 -3.606
v -55.1862 110.497 -3.63488
v -55.5195 110.665 -3.62128
v -54.9679 111.28 -3.64708
v -55.815 109.725 -3.60503
v -53.6613 111.605 -3.63879
v -53.3337 111.616 -3.61162
v -53.505 111.832 -3.67282
v -54.0488 111.857 -3.66363
v -54.0117 111.064 -3.60781
v -53.8415 111.983 -3.6754
v -52.73 111.683 -3.63438
v -52.3416 111.678 -3.63224
v -52.2491 111.388 -3.6199
v -54.0087 112.163 -3.67802
v -54.2882 112.106 -3.67892
v -54.4773 111.732 -3.67321
v -54.6959 111.958 -3.62296
v -55.2637 111.286 -3.66602
v -55.0068 111.941 -3.67486
v -54.7007 112.125 -3.64773
v -52.2997 110.612 -3.58023
v -51.575 110.249 -3.53999
v -56.3176 109.741 -3.5612
v -53.0178 111.113 -3.60251
v -52.2526 109.622 -3.53999
v -52.8802 111.261 -3.62222
v -52.9631 111.777 -3.66687
v -56.9291 109.39 -3.54046
v -58.4085 108.313 -3.44893
v -57.7958 109.177 -3.56131
v -53.5991 112.319 -3.68415
v -53.3153 112.062 -3.66525
v -54.1593 111.723 -3.6256
v -54.3177 111.191 -3.65422
v -54.5254 111.293 -3.65304
v -54.169 110.867 -3.58107
v -53.8849 110.187 -3.56673
v -54.4016 110.351 -3.57639
v -52.1061 110.622 -3.57101
v -52.3744 110.51 -3.55555
v -52.4066 110.968 -3.58184
v -49.8129 109.638 -1.97215
v -50.1714 108.383 -1.89688
v -50.0864 109.794 -3.04197
v -55.7872 111.032 -3.64424
v -55.4443 111.44 -3.6601
v -51.0025 110.555 -3.54238
v -50.3005 109.757 -3.23191
v -50.5022 109.669 -3.54622
v -53.6533 111.272 -3.63705
v -53.7832 111.124 -3.62385
v -53.8613 111.025 -3.60943
v -54.629 110.915 -3.60678
v -54.8908 109.328 -3.49867
v -55.5647 109.229 -3.53244
v -52.3446 111.683 -3.62758
v -51.9193 111.341 -3.61118
v -52.0539 111.141 -3.60086
v -54.3961 111.768 -3.65891
v -54.7519 111.614 -3.64888
v -54.9876 110.491 -3.60342
v -54.7639 110.926 -3.58234
v -54.7487 111.297 -3.62955
v -54.9503 111.273 -3.63354
v -51.8449 111.187 -3.57566
v -52.7348 111.676 -3.63224
v -52.5406 111.562 -3.62925
v -52.6128 111.471 -3.62058
v -54.8191 111.706 -3.64474
v -52.8729 111.255 -3.63407
v -53.3318 111.752 -3.64394
v -53.1689 111.233 -3.62779
v -53.4468 111.237 -3.63858
v -51.5559 108.821 -3.45845
v -52.2334 108.93 -3.49003
v -57.7385 108.747 -3.50648
v -57.4781 108.326 -3.55132
v -57.9507 107.957 -3.49788
v -53.3437 110.803 -3.6032
v -56.0887 106.837 -3.38879
v -55.019 107.427 -3.38884
v -54.5721 108.775 -3.52092
v -55.2747 108.394 -3.53834
v -54.7079 109.867 -3.54654
v -55.1873 107.859 -3.47776
v -54.4114 110.99 -3.60463
v -54.9466 110.412 -3.60521
v -53.406 109.688 -3.50623
v -53.7837 110.067 -3.54505
v -54.9234 109.914 -3.55305
v -52.2755 109.655 -3.53115
v -51.9886 110.113 -3.51318
v -52.6665 110.482 -3.5829
v -53.8429 110.834 -3.57802
v -53.8862 110.162 -3.5712
v -54.1725 110.807 -3.59668
v -53.6799 110.823 -3.57857
v -52.2081 111.094 -3.59706
v -51.5846 110.44 -3.54947
v -52.2188 110.605 -3.56566
v -54.3445 110.488 -3.58747
v -53.953 111.217 -3.59031
v -54.9777 110.541 -3.62309
v -55.2954 110.829 -3.63867
v -54.9016 110.867 -3.61026
v -55.6666 110.198 -3.59833
v -50.7735 109.119 -3.46147
v -51.1031 109.939 -3.50847
v -54.6516 111.236 -3.65783
v -54.7889 110.856 -3.58803
v -55.3696 109.973 -3.56822
v -52.2932 110.61 -3.57083
v -53.3778 110.839 -3.56916
v -53.1323 110.602 -3.57425
v -53.3422 110.376 -3.56543
v -52.849 111.32 -3.63401
v -52.641 110.985 -3.5865
v -52.9947 111.181 -3.61384
v -51.5663 108.453 -3.41568
v -54.9471 111.255 -3.62658
v -55.5118 110.653 -3.62532
v -55.7792 110.267 -3.64362
v -55.6816 110.806 -3.62251
v -55.2618 111.061 -3.63186
v -55.0709 106.833 -3.33163
v -54.0441 110.588 -3.59485
v -53.6206 110.543 -3.58702
v -54.5892 109.67 -3.54365
v -54.9038 109.271 -3.5094
v -54.7406 110.12 -3.64719
v -54.4145 110.356 -3.60638
v -54.6272 110.629 -3.58663
v -54.3663 110.457 -3.61211
v -52.2669 110.388 -3.56595
v -51.9885 110.334 -3.53103
v -52.0045 110.035 -3.50733
v -54.8016 110.524 -3.62063
v -55.3036 110.425 -3.61667
v -55.562 110.58 -3.62322
v -55.0886 110.564 -3.62015
v -55.8517 110.161 -3.5832
v -57.7276 107.633 -3.38763
v -57.7374 106.912 -3.48861
v -58.131 106.577 -3.29651
v -53.3371 110.582 -3.59982
v -53.1368 110.603 -3.5822
v -53.1275 110.391 -3.56492
v -53.4043 110.122 -3.55756
v -50.6769 106.341 -3.33923
v -51.4147 106.144 -3.36263
v -51.5112 107.355 -3.32146
v -51.452 107.994 -3.41054
v -50.2062 107.024 -3.0617
v -53.4143 109.683 -3.52013
v -53.1388 109.815 -3.52028
v -53.3593 109.351 -3.4862
v -52.3781 108.547 -3.49548
v -50.8072 108.769 -3.43612
v -51.2536 108.933 -3.44885
v -51.3735 109.352 -3.47968
v -50.711 108.285 -3.43005
v -53.891 109.707 -3.53786
v -53.9053 110.049 -3.55409
v -53.6568 109.963 -3.5447
v -54.0265 110.001 -3.55961
v -54.0834 109.685 -3.54065
v -51.4323 108.446 -3.42992
v -51.579 108.929 -3.43779
v -54.7255 109.686 -3.52928
v -55.2033 107.897 -3.49486
v -55.3709 108.886 -3.47397
v -52.6669 109.523 -3.5078
v -52.8851 109.993 -3.53165
v -52.4663 110.087 -3.53723
v -52.2644 109.804 -3.52712
v -52.6752 110.063 -3.52868
v -52.0637 109.074 -3.46145
v -52.3734 109.696 -3.49528
v -54.8517 109.706 -3.54606
v -55.1943 109.545 -3.56155
v -55.3894 109.861 -3.56636
v -52.8899 109.325 -3.48665
v -53.4852 109.586 -3.52807
v -53.1902 109.885 -3.53448
v -53.4099 109.918 -3.52922
v -52.0833 109.099 -3.44981
v -52.1555 108.494 -3.40963
v -52.457 109.081 -3.47302
v -51.5761 108.485 -3.4299
v -54.9726 106.326 -3.3647
v -55.1888 107.495 -3.43188
v -54.7625 107.265 -3.41857
v -55.7902 105.36 -3.30457
v -55.3014 104.342 -3.24294
v -50.1639 106.856 -2.87274
v -50.02 107.443 -3.23479
v -50.366 107.754 -2.32504
v -54.8114 109.228 -3.53971
v -54.9012 109.039 -3.49432
v -55.0034 109.285 -3.52682
v -54.7512 109.004 -3.49344
v -53.4113 108.329 -3.44428
v -53.8649 108.189 -3.43899
v -53.7115 108.903 -3.48098
v -52.4105 109.486 -3.512
v -51.9818 109.421 -3.48604
v -55.5151 107.82 -3.41022
v -54.8283 108.5 -3.46525
v -54.2442 109.377 -3.52217
v -54.3153 108.959 -3.50077
v -51.5638 108.92 -3.45459
v -55.2448 108.486 -3.46907
v -54.6019 108.579 -3.47696
v -57.8837 105.364 -3.33856
v -57.884 106.235 -3.39746
v -56.7058 106.988 -3.40943
v -54.6384 109.337 -3.52075
v -55.4511 109.366 -3.53989
v -55.2901 109.013 -3.52922
v -52.6898 109.183 -3.48106
v -52.8905 109.32 -3.48461
v -53.6715 109.255 -3.50488
v -53.3322 109.018 -3.48042
v -53.5092 108.856 -3.48313
v -52.2613 107.939 -3.41232
v -51.9232 106.678 -3.329
v -52.5871 107.487 -3.37371
v -57.823 106.656 -3.36148
v -57.574 106.727 -3.47468
v -54.9449 106.956 -3.41438
v -55.7075 106.266 -3.36962
v -55.147 107.746 -3.42947
v -51.4508 107.96 -3.40434
v -50.1515 106.702 -3.18523
v -51.3023 107.171 -3.40169
v -49.0969 104.341 -3.3418
v -50.8956 104.952 -3.22036
v -50.3516 105.238 -3.3319
v -54.8504 107.902 -3.41806
v -52.2276 108.705 -3.45391
v -51.971 108.491 -3.43863
v -52.347 108.235 -3.42857
v -55.0531 108.184 -3.44832
v -54.6262 108.36 -3.44934
v -55.0365 103.877 -3.11373
v -56.0982 104.442 -3.23391
v -55.221 104.904 -3.24218
v -52.5402 105.483 -3.30275
v -51.863 105.525 -3.25764
v -51.8846 104.637 -3.0941
v -55.1644 106.203 -3.32161
v -54.7032 106.1 -3.34755
v -50.8578 107.114 -3.3328
v -50.6843 106.343 -3.33204
v -51.2831 107.207 -3.36075
v -52.344 107.27 -3.37624
v -51.9457 106.259 -3.29249
v -52.5726 106.793 -3.3783
v -54.7324 107.197 -3.38173
v -55.0199 107.227 -3.36706
v -55.6421 106.204 -3.31877
v -54.9758 107.664 -3.37385
v -55.3092 107.197 -3.39755
v -54.9794 108.073 -3.44491
v -54.5574 107.937 -3.43643
v -55.4544 107.345 -3.43837
v -52.2473 107.95 -3.40809
v -51.9987 107.847 -3.38217
v -52.081 107.692 -3.37326
v -52.4653 107.639 -3.37057
v -52.0762 107.225 -3.33714
v -53.5063 104.297 -3.20561
v -54.5849 103.405 -3.10968
v -54.4062 105.094 -3.26934
v -52.7049 107.003 -3.37231
v -51.9389 106.262 -3.30809
v -52.4195 106.337 -3.33651
v -52.1537 107.011 -3.37394
v -54.8399 105.267 -3.30711
v -55.2434 104.368 -3.23337
v -52.3623 103.206 -3.1291
v -52.4172 104.934 -3.25187
v -48.9835 104.556 -3.38597
v -48.4478 103.962 -3.05993
v -48.9579 104.061 -3.02366
v -50.2904 106.727 -3.07818
v -50.8445 106.727 -3.32865
v -51.2203 107.139 -3.35683
v -49.8887 104.973 -3.25666
v -54.8224 106.666 -3.39674
v -55.0342 106.82 -3.35306
v -54.9145 106.908 -3.41541
v -55.0014 107.276 -3.38592
v -54.7207 107.094 -3.39487
v -55.0023 107.473 -3.43523
v -54.636 107.631 -3.42015
v -53.4039 106.655 -3.3711
v -53.438 107.366 -3.38896
v -53.0924 107.051 -3.38081
v -53.0011 105.005 -3.17066
v -53.3851 105.902 -3.2968
v -52.0329 103.133 -3.13775
v -52.9842 103.566 -3.14084
v -52.9879 106.814 -3.35514
v -52.6298 105.601 -3.29305
v -53.4365 106.17 -3.32221
v -53.7221 106.775 -3.36653
v -53.7096 107.103 -3.39273
v -53.4151 107.005 -3.37065
v -53.9357 106.86 -3.37129
v -54.127 106.937 -3.39254
v -50.6942 106.008 -3.34093
v -51.1873 106.198 -3.30875
v -51.074 106.442 -3.31941
v -50.326 105.298 -3.29244
v -51.1483 105.622 -3.27967
v -51.7589 107.092 -3.3679
v -51.5602 106.752 -3.3503
v -52.2147 107.192 -3.37596
v -51.8932 106.659 -3.34161
v -54.3744 107.077 -3.39712
v -54.6437 106.495 -3.3664
v -55.0423 105.081 -3.31177
v -55.6733 104.955 -3.3243
v -55.0981 106.226 -3.30384
v -52.2314 106.808 -3.34318
v -52.33 107.163 -3.38678
v -51.9445 106.289 -3.30282
v -55.0688 106.63 -3.36042
v -55.6809 106.362 -3.37597
v -55.361 107.064 -3.38688
v -55.8847 106.54 -3.39862
v -54.9734 106.2 -3.41576
v -52.5077 106.833 -3.3511
v -52.8148 107.01 -3.36217
v -51.9294 105.908 -3.30592
v -52.2899 105.772 -3.27542
v -52.5541 106.518 -3.33335
v -56.0414 105.49 -3.12395
v -56.6241 105.418 -3.32747
v -55.6637 106.137 -3.34846
v -53.4146 106.772 -3.36449
v -54.6412 103.86 -3.13948
v -53.9333 104.855 -3.24887
v -54.1687 103.621 -3.10156
v -52.2202 104.544 -3.16549
v -52.9358 105.258 -3.27816
v -52.3116 105.003 -3.20649
v -52.4481 102.704 -3.1362
v -52.9865 104.098 -3.18103
v -52.5013 104.248 -3.05168
v -53.4947 103.75 -3.17454
v -53.4592 104.948 -3.2301
v -54.7857 105.797 -3.29343
v -55.2188 105.753 -3.30167
v -54.9021 106.253 -3.33939
v -55.3196 105.276 -3.2791
v -52.1317 105.995 -3.30342
v -52.4293 106.259 -3.32293
v -52.231 106.2 -3.32286
v -52.4124 105.755 -3.33147
v -51.8558 104.839 -3.24885
v -52.5767 105.791 -3.29967
v -52.5468 104.364 -3.24025
v -52.5277 105.262 -3.28331
v -54.7771 104.377 -3.217
v -55.1656 103.146 -3.20109
v -55.5354 103.795 -3.17593
v -55.0812 104.971 -3.10761
v -54.4513 105.215 -3.27992
v -54.8805 105.019 -3.28146
v -55.1708 105.319 -3.27414
v -55.5728 104.811 -3.26219
v -54.9537 105.759 -3.31547
v -55.5257 105.228 -3.29694
v -52.4209 105.815 -3.31379
v -52.3115 105.388 -3.21297
v -52.7435 105.93 -3.30415
v -52.5312 103.409 -3.24887
v -52.1545 102.948 -3.1671
v -49.1169 102.23 -3.16911
v -47.7635 101.643 -2.88273
v -48.9068 101.705 -2.86841
v -52.8874 104.827 -3.20752
v -52.5224 104.606 -3.21219
v -55.1111 101.892 -3.17809
v -56.1386 101.782 -3.29256
v -55.1101 103.684 -3.21709
v -54.7633 103.945 -3.21369
v -54.806 104.348 -3.29802
v -55.7031 103.703 -3.18135
v -55.1492 105.18 -3.23546
v -54.7768 105.005 -3.26234
v -55.4886 104.623 -3.26297
v -52.46 105.203 -3.28478
v -52.1569 104.763 -3.20646
v -51.4836 102.854 -3.1754
v -53.0013 105.201 -3.24301
v -52.9118 102.961 -3.17132
v -52.4986 102.247 -3.04237
v -53.068 102.121 -3.05667
v -55.1529 100.604 -3.16009
v -55.8618 101.793 -3.14602
v -55.1761 103.105 -3.22665
v -52.9275 104.189 -3.19511
v -47.0637 100.297 -2.87103
v -48.5989 100.665 -3.01743
v -48.4984 101.121 -3.0222
v -54.8022 104.138 -3.21918
v -54.7883 103.424 -3.15757
v -55.012 104.159 -3.22389
v -55.6469 103.72 -3.21344
v -55.1959 104.428 -3.22119
v -52.7029 104.49 -3.21442
v -52.2905 104.329 -3.18242
v -52.5605 104.274 -3.18708
v -49.1885 99.5293 -2.88943
v -49.0752 101.271 -2.89259
v -48.4123 101.019 -2.88845
v -54.0678 103.603 -3.18921
v -54.223 102.753 -3.16603
v -54.5219 102.929 -3.11772
v -54.9224 100.864 -3.08286
v -55.445 100.726 -2.9492
v -55.1981 102.249 -3.1457
v -54.6257 103.412 -3.17542
v -54.2005 103.859 -3.20484
v -55.8342 101.342 -3.0565
v -55.2681 103.657 -3.15276
v -55.2578 103.922 -3.143
v -54.9544 103.928 -3.1936
v -50.7128 100.375 -2.96356
v -51.07 99.9077 -2.86564
v -57.6061 100.442 -3.07721
v -57.1465 100.575 -2.68606
v -57.262 101.358 -2.75247
v -52.4286 101.748 -3.03306
v -52.9899 102.161 -3.07
v -52.4677 102.183 -3.06772
v -52.7578 101.321 -3.03214
v -58.3753 100.005 -2.83967
v -56.9736 101.031 -3.22155
v -52.3878 100.547 -2.90428
v -53.0189 101.634 -3.0715
v -52.389 101.703 -3.0824
v -55.6284 99.9663 -2.96022
v -55.2679 101.582 -3.25389
v -54.8277 101.201 -3.08659
v -55.6424 102.254 -3.26844
v -54.7639 102.774 -3.14634
v -55.8235 101.555 -3.05771
v -52.4748 103.323 -3.13641
v -52.7998 103.522 -3.14348
v -52.3878 103.577 -3.13792
v -55.1797 103.053 -3.1691
v -55.8663 102.768 -3.13715
v -55.7685 103.035 -3.17726
v -51.8576 101.045 -2.88298
v -52.9876 102.266 -3.08439
v -52.5204 102.372 -3.05868
v -55.396 101.463 -3.02921
v -54.6858 102.033 -3.06568
v -55.1499 102.477 -3.10783
v -55.0291 102.9 -3.13565
v -52.8533 102.873 -3.16481
v -55.8492 101.435 -3.07133
v -55.9431 101.95 -3.09312
v -50.4288 102.009 -3.02608
v -50.4402 101.075 -2.95913
v -51.0082 101.891 -3.02857
v -52.7524 100.591 -2.97233
v -52.7993 99.8764 -2.9152
v -52.4904 101.957 -3.05125
v -52.8114 102.734 -3.11036
v -52.3856 102.693 -3.08676
v -53.0195 101.853 -3.051
v -55.1568 100.348 -3.0423
v -55.4455 101.488 -3.05198
v -54.6259 102.244 -3.08177
v -52.5048 101.489 -3.02648
v -53.0099 101.562 -3.02467
v -52.7899 102.227 -3.07181
v -52.1029 101.727 -3.02558
v -51.3586 101.467 -3.02782
v -51.2198 100.762 -2.97428
v -55.0658 102.118 -3.09074
v -55.345 101.928 -3.17528
v -55.7388 101.476 -3.06138
v -55.8324 101.866 -3.08188
v -55.9441 102.068 -3.08916
v -52.4333 101.966 -3.03618
v -52.6806 101.877 -3.0657
v -52.3117 100.748 -2.95161
v -54.4532 101.853 -3.0609
v -54.6916 101.006 -3.01488
v -54.9444 101.469 -3.04126
v -53.4498 100.984 -2.9781
v -53.6305 99.9747 -2.8828
v -53.028 101.537 -2.99874
v -52.6848 101.606 -3.00899
v -49.1611 98.4327 -2.71056
v -49.9232 100.167 -2.87178
v -49.1845 100.11 -2.89588
v -55.4257 101.516 -3.0345
v -55.2972 100.806 -3.01726
v -56.0102 100.399 -3.14138
v -54.6444 101.524 -3.03637
v -54.9151 97.8801 -2.82328
v -55.5797 97.7958 -2.81392
v -54.6674 99.0915 -2.90165
v -54.947 99.4908 -2.93601
v -56.2091 98.2361 -2.87346
v -50.1583 100.105 -2.87015
v -50.731 99.6111 -2.86907
v -51.1633 100.883 -2.9391
v -55.9974 99.4433 -2.93756
v -53.1395 96.6433 -2.82487
v -52.6958 95.1517 -2.53043
v -53.762 96.0752 -2.79752
v -54.3176 100.879 -2.97831
v -53.4243 100.98 -2.97571
v -53.5734 100.565 -2.96194
v -53.6276 98.8646 -2.9111
v -54.1983 100.247 -2.94402
v -53.5712 100.058 -3.00228
v -52.6719 96.1095 -2.69703
v -52.8142 97.6888 -2.83564
v -50.1106 98.5386 -2.80694
v -50.9615 99.0799 -2.86728
v -50.9784 100.042 -2.90777
v -55.3146 100.715 -3.04189
v -55.7917 99.8515 -3.00868
v -55.8457 100.678 -3.04041
v -50.2421 97.3011 -2.66267
v -51.6564 96.5102 -2.69855
v -51.1545 97.497 -2.71357
v -51.4403 99.8489 -2.88066
v -52.1119 100.19 -2.95473
v -52.2817 100.75 -2.94697
v -52.5651 100.108 -2.94285
v -52.9038 100.873 -2.95543
v -52.0747 98.0171 -2.77549
v -55.5811 97.7447 -2.795
v -55.6082 96.4363 -2.83789
v -55.9251 97.0437 -2.73977
v -54.895 99.5444 -2.89983
v -55.8922 98.5003 -2.89679
v -58.9187 96.0846 -2.65326
v -57.6943 97.5897 -2.87748
v -58.1815 95.93 -2.7711
v -51.1195 98.5603 -2.81218
v -53.2245 98.8145 -2.85165
v -52.5752 99.4711 -2.87356
v -53.5975 100.442 -2.94682
v -53.6436 99.0406 -2.94601
v -54.1937 99.1424 -2.90319
v -50.4281 98.4763 -2.76594
v -54.1671 98.8448 -2.85222
v -54.5708 99.167 -2.91362
v -54.1868 100.185 -2.95079
v -51.4288 99.2518 -2.92021
v -51.8983 100.526 -2.94348
v -51.2453 99.9344 -2.8986
v -55.2387 99.4187 -2.9404
v -55.8881 99.2283 -3.01585
v -55.458 100.067 -2.94178
v -52.802 99.8488 -2.92514
v -52.1903 99.9309 -2.8835
v -58.3773 97.1853 -2.68782
v -58.3548 97.2031 -2.9384
v -56.3395 96.5826 -2.76845
v -52.815 97.8804 -2.80453
v -53.1106 96.9083 -2.75246
v -53.2523 98.1551 -2.81063
v -52.5706 99.4871 -2.8707
v -53.5928 98.9814 -2.87809
v -53.6092 99.9763 -2.90232
v -53.1949 99.4398 -2.87765
v -54.4932 99.1878 -2.9164
v -55.0403 98.8734 -2.89435
v -54.7408 99.8124 -2.94156
v -55.1522 99.3878 -2.91383
v -55.5049 99.367 -2.87623
v -55.3215 99.5709 -2.95355
v -55.585 99.6739 -2.91849
v -55.4625 95.2891 -2.78714
v -56.7689 94.9279 -2.80171
v -55.0941 94.4454 -2.91182
v -55.7611 93.6363 -2.61224
v -55.4499 97.9765 -2.89282
v -54.9959 98.154 -2.80947
v -52.8362 97.8862 -2.78696
v -52.5222 95.6534 -2.86158
v -52.9747 99.1739 -2.87156
v -52.4317 99.503 -2.88533
v -52.4611 98.9339 -2.82675
v -52.9879 99.0002 -2.80238
v -52.2956 98.3596 -2.81182
v -58.0125 94.8766 -2.7664
v -58.5122 94.8362 -2.51214
v -58.1872 95.5075 -2.67589
v -53.1123 95.8453 -2.7102
v -52.7746 96.5421 -2.78023
v -53.0408 98.3427 -2.82467
v -52.822 98.4909 -2.88085
v -53.6174 97.9236 -2.7984
v -54.1897 96.9287 -2.7563
v -55.4137 98.1014 -2.85285
v -55.8336 97.2453 -2.79469
v -55.805 98.0171 -2.84017
v -55.3805 98.5443 -2.85921
v -55.8522 98.3598 -2.84529
v -55.3581 98.9421 -2.89525
v -52.9863 99.2065 -2.86763
v -52.5203 98.8004 -2.84796
v -55.359 95.5602 -2.71444
v -54.6571 97.1801 -2.82754
v -55.881 95.9098 -2.67118
v -52.766 97.3697 -2.73332
v -53.2284 97.9667 -2.79528
v -52.8849 98.0277 -2.84646
v -52.9899 96.2894 -2.68679
v -53.1378 96.8543 -2.75305
v -53.5839 97.8227 -2.78322
v -53.6904 97.1955 -2.75649
v -55.4412 94.0559 -2.72678
v -56.0773 94.4451 -2.57784
v -55.4421 97.3371 -2.80853
v -55.3534 97.8376 -2.85002
v -54.9428 98.0337 -2.82575
v -53.0904 94.9194 -2.57767
v -52.4444 95.4405 -2.62416
v -52.9061 94.0076 -2.6491
v -52.983 96.5553 -2.71137
v -53.727 95.4619 -2.61571
v -55.7767 94.5229 -2.99073
v -54.967 96.2326 -2.71104
v -52.7213 97.6623 -2.75004
v -53.1382 97.4812 -2.75934
v -53.6613 97.8543 -2.79561
v -53.6435 97.5101 -2.77717
v -53.9141 97.6683 -2.78602
v -49.4385 95.836 -2.61011
v -49.3978 94.9644 -2.50026
v -50.1879 96.0815 -2.66615
v -52.5754 97.9626 -2.78053
v -52.0352 97.9695 -2.78368
v -52.0614 97.5424 -2.76218
v -51.1369 97.8224 -2.77722
v -51.5575 98.391 -2.80423
v -51.0944 98.1011 -2.77878
v -51.5792 98.0887 -2.78814
v -53.5922 98.2602 -2.83716
v -53.8689 98.2048 -2.82154
v -55.8849 94.0334 -2.48953
v -55.4864 92.874 -2.88015
v -54.3691 96.883 -2.76644
v -51.4241 97.4437 -2.76438
v -51.0698 97.2712 -2.7495
v -51.1819 97.0783 -2.72103
v -54.4004 98.1179 -2.81937
v -54.5102 97.6999 -2.79383
v -54.9116 97.6464 -2.81663
v -50.7901 97.2666 -2.73692
v -51.8299 98.3624 -2.80368
v -51.659 97.9047 -2.77921
v -50.9286 97.1209 -2.72884
v -52.4884 98.3263 -2.8091
v -55.7449 95.2226 -2.64326
v -56.1155 94.8065 -2.46387
v -55.9225 95.8332 -2.69156
v -55.2159 96.3009 -2.70771
v -55.5458 96.5526 -2.78594
v -51.8643 97.6128 -2.7741
v -51.7851 97.0618 -2.72625
v -52.8759 98.1178 -2.82654
v -52.7766 97.8135 -2.77119
v -53.0375 97.8914 -2.78936
v -55.3302 97.4367 -2.80459
v -55.6984 96.6969 -2.72068
v -55.899 96.9732 -2.78773
v -52.6886 98.1837 -2.82838
v -52.8861 95.5376 -2.5939
v -52.332 94.0923 -2.4779
v -53.7239 95.1972 -2.62061
v -52.9792 97.3233 -2.77622
v -52.7588 96.8404 -2.69223
v -53.1869 96.8785 -2.76007
v -52.5995 97.0132 -2.74914
v -52.3089 95.6827 -2.58712
v -52.268 96.4241 -2.70968
v -51.8526 95.2701 -2.83732
v -49.4125 95.7603 -2.61803
v -49.2569 94.7224 -2.47888
v -50.094 95.9794 -2.64873
v -53.8034 92.4789 -2.46486
v -53.7773 94.1195 -2.49436
v -52.9775 96.1169 -2.70616
v -52.6855 95.7109 -2.69187
v -55.7863 95.2343 -2.61885
v -55.8287 95.9027 -2.70744
v -55.1117 96.1641 -2.70871
v -50.9535 96.9804 -2.73387
v -51.3512 97.4516 -2.75221
v -50.9665 97.3411 -2.7527
v -55.6397 93.7756 -2.64404
v -55.9208 93.7249 -2.51302
v -56.2866 94.196 -2.60104
v -53.311 95.4032 -2.63725
v -53.2161 96.1933 -2.70302
v -52.9817 96.2557 -2.68799
v -52.9835 96.739 -2.7164
v -52.8503 96.5357 -2.69871
v -53.7233 95.9675 -2.70488
v -54.2216 95.7172 -2.68079
v -53.8835 96.1445 -2.72727
v -55.584 94.6471 -2.68997
v -55.9583 93.7697 -2.52033
v -56.1325 94.1257 -2.58398
v -55.3413 95.5029 -2.68146
v -54.8281 95.6671 -2.67292
v -51.8372 95.3991 -2.58779
v -52.0658 96.042 -2.689
v -52.6019 96.1755 -2.71418
v -52.6981 95.8522 -2.68177
v -52.8728 95.3447 -2.69174
v -53.4486 94.8494 -2.69912
v -53.403 95.374 -2.63706
v -53.0542 94.2923 -2.64078
v -52.6973 94.4025 -2.59375
v -52.6442 94.024 -2.52847
v -53.2621 95.9682 -2.68451
v -55.8323 93.3075 -2.52703
v -55.8232 92.0275 -2.5943
v -56.5033 91.7222 -2.50841
v -55.9908 93.7104 -2.53515
v -55.3417 94.3077 -2.66826
v -56.6873 92.511 -2.52134
v -58.1501 91.5966 -2.45533
v -53.161 92.9431 -2.53568
v -52.5433 92.6851 -2.48052
v -52.9472 91.923 -2.46307
v -53.2115 94.3962 -2.58224
v -52.8888 94.7986 -2.63454
v -53.0519 94.3159 -2.62915
v -53.2918 95.0799 -2.62468
v -55.8522 89.7135 -2.56853
v -55.2093 88.7225 -2.20258
v -56.3465 89.0196 -2.52583
v -51.6006 93.2939 -2.57912
v -51.3485 94.1042 -2.55941
v -51.097 93.5546 -2.51967
v -53.3529 92.9024 -2.4798
v -53.1337 91.493 -2.46414
v -52.7656 93.5006 -2.53365
v -53.2563 93.955 -2.54942
v -52.667 94.0158 -2.54585
v -52.8908 94.8183 -2.64995
v -53.0409 94.4919 -2.6323
v -53.1055 94.7158 -2.68187
v -55.7179 92.3682 -2.53054
v -55.928 91.2565 -2.4124
v -56.4531 91.7181 -2.32609
v -55.7583 92.6651 -2.5989
v -56.2153 92.8059 -2.56406
v -55.7363 93.4347 -2.59552
v -52.2996 93.9375 -2.53147
v -51.6519 93.5214 -2.54231
v -52.0574 92.9428 -2.44092
v -54.185 93.0508 -2.5206
v -53.5404 93.668 -2.57197
v -53.7975 92.8669 -2.53047
v -54.939 90.7942 -2.51264
v -53.2038 92.4571 -2.50403
v -53.0053 92.8666 -2.46056
v -53.1398 93.0847 -2.55974
v -53.3565 93.528 -2.55009
v -52.8812 93.7045 -2.53186
v -52.4054 92.3013 -2.50944
v -52.4431 93.4545 -2.51389
v -53.1535 94.0668 -2.5847
v -52.661 93.9318 -2.55449
v -52.6232 94.1912 -2.57162
v -54.2695 93.6873 -2.55229
v -53.8253 93.8385 -2.57456
v -53.809 92.5217 -2.50219
v -53.9935 90.8363 -2.35417
v -54.5246 91.3496 -2.4307
v -52.9532 90.95 -2.36665
v -53.8715 90.1743 -2.31424
v -53.2078 91.453 -2.43255
v -53.1255 93.2345 -2.53052
v -52.767 93.2077 -2.50496
v -49.4742 89.1399 -2.30517
v -51.0924 89.4378 -2.24162
v -50.8207 90.0309 -2.21877
v -49.5248 92.0638 -2.41147
v -49.5268 92.4741 -2.40671
v -49.1954 92.0444 -2.40597
v -53.2568 93.5065 -2.53349
v -52.8796 93.6934 -2.54697
v -54.0902 92.798 -2.50155
v -53.8007 93.3224 -2.55076
v -50.439 92.023 -2.39351
v -51.046 91.6309 -2.38429
v -51.2162 92.8781 -2.48469
v -55.9141 91.1922 -2.4154
v -55.9444 90.3661 -2.36348
v -56.3172 90.4269 -2.34741
v -55.6588 90.5961 -2.4574
v -55.407 90.3009 -2.37904
v -52.4723 91.9251 -2.43115
v -52.5534 92.7176 -2.47069
v -53.2265 90.8742 -2.39254
v -52.7249 90.6418 -2.28698
v -53.3245 89.1944 -2.28793
v -52.8731 88.4244 -2.21031
v -52.3029 88.7132 -2.33168
v -52.5221 87.8085 -2.18299
v -54.0555 87.9512 -2.33474
v -53.267 92.6672 -2.4976
v -52.8297 92.1404 -2.46132
v -53.1437 91.6353 -2.4205
v -53.8795 91.7681 -2.44359
v -54.2963 91.0304 -2.40793
v -54.2213 92.0034 -2.4371
v -53.8599 92.3537 -2.49619
v -51.0594 92.6796 -2.47866
v -51.3614 93.1537 -2.50757
v -51.1155 93.1608 -2.50806
v -50.9246 92.1202 -2.42636
v -49.5887 90.6913 -2.34245
v -50.4516 90.8752 -2.35767
v -55.7784 91.4333 -2.56497
v -56.0224 90.6485 -2.36774
v -56.3763 90.7211 -2.38909
v -55.0481 91.86 -2.48434
v -51.5416 93.0852 -2.51274
v -51.5344 92.7583 -2.47083
v -51.965 92.9835 -2.4936
v -54.9321 87.9314 -2.20174
v -56.5321 87.7472 -2.26237
v -54.2198 87.9454 -2.25793
v -53.2193 91.2895 -2.38739
v -53.0533 92.0453 -2.43044
v -52.8386 91.4805 -2.41864
v -53.2338 90.6342 -2.36961
v -53.8943 91.2502 -2.40994
v -50.9978 92.4357 -2.4713
v -50.5485 92.2693 -2.42905
v -50.9043 92.1522 -2.44717
v -54.6579 91.4875 -2.45068
v -55.1929 90.3492 -2.38811
v -55.1797 91.4008 -2.44286
v -55.4803 91.1939 -2.43187
v -56.0319 90.1197 -2.34495
v -55.9833 90.7729 -2.34382
v -56.9562 89.8034 -2.33118
v -54.4655 89.0326 -2.30083
v -52.97 89.7111 -2.30246
v -53.2459 91.0193 -2.37133
v -52.732 90.5301 -2.32977
v -56.1339 88.0382 -2.20146
v -53.39 89.0796 -2.26878
v -53.9387 89.6354 -2.35014
v -53.2371 91.3067 -2.38775
v -52.8526 91.4672 -2.43629
v -53.1985 91.763 -2.40886
v -53.4002 91.5465 -2.42653
v -54.9464 89.2615 -2.37411
v -55.8315 88.7084 -2.38097
v -56.9478 87.9575 -2.23861
v -55.8549 89.6236 -2.35732
v -54.8755 87.8773 -2.20153
v -53.2628 87.8958 -2.20322
v -53.9114 89.2081 -2.32001
v -50.02 90.4181 -2.33326
v -48.594 89.3062 -2.17666
v -49.5578 89.2988 -2.28788
v -53.3326 90.8496 -2.38301
v -52.7749 90.8801 -2.39303
v -53.0665 89.8265 -2.34679
v -53.0104 91.1267 -2.4049
v -53.2433 91.2928 -2.3951
v -53.9033 90.5069 -2.36504
v -53.8371 90.3758 -2.33725
v -54.2403 90.3506 -2.34449
v -55.3904 87.5014 -2.3083
v -55.7104 87.708 -2.25943
v -55.1743 88.4589 -2.33499
v -50.0355 89.0388 -2.2359
v -50.6725 89.992 -2.31429
v -49.9342 89.6671 -2.25533
v -49.5667 88.3404 -2.08989
v -50.6784 89.8448 -2.28903
v -54.5582 88.8455 -2.37809
v -55.0996 87.2672 -2.19238
v -53.9244 89.7121 -2.3018
v -48.6131 86.9107 -2.01122
v -49.3257 86.8338 -2.02454
v -54.9922 89.0629 -2.33746
v -52.0666 89.7004 -2.29549
v -51.3555 89.3833 -2.28988
v -51.4592 88.8667 -2.25418
v -53.2274 87.6329 -2.21709
v -53.2452 88.5617 -2.27339
v -53.9935 87.3737 -2.16485
v -53.1741 89.4266 -2.34145
v -52.7753 88.448 -2.25439
v -52.6977 86.0646 -2.18293
v -52.6841 84.6495 -1.92471
v -53.402 85.1928 -2.06811
v -55.2468 88.4874 -2.28428
v -54.5686 89.2199 -2.32113
v -53.3211 89.9396 -2.36624
v -52.3957 89.6536 -2.31176
v -50.2536 89 -2.24875
v -49.2699 87.6731 -2.08002
v -49.9577 87.5203 -2.204
v -53.5161 85.5559 -2.1436
v -55.8696 82.6116 -1.76467
v -56.0517 83.6951 -1.93412
v -55.9026 82.4045 -2.16203
v -49.0982 85.7628 -2.12355
v -49.4003 85.4464 -1.99803
v -49.8782 86.6439 -2.10657
v -54.1061 84.6579 -2.03787
v -48.836 86.1954 -2.23389
v -53.3268 89.0989 -2.30289
v -53.3597 88.9061 -2.29817
v -53.4669 89.1665 -2.28508
v -53.9651 88.2368 -2.19778
v -54.5494 87.6306 -2.21947
v -54.2195 88.8308 -2.27994
v -54.945 87.9064 -2.22346
v -53.946 89.0658 -2.31161
v -53.995 88.5223 -2.27523
v -51.096 89.4687 -2.29158
v -51.168 89.2073 -2.26766
v -51.5124 89.3479 -2.28293
v -55.2687 87.7782 -2.21029
v -56.1203 87.3233 -2.17101
v -55.7197 87.7784 -2.25571
v -53.513 84.8729 -2.0683
v -49.25 86.2236 -2.11717
v -50.1199 87.6001 -2.23504
v -53.5011 86.3247 -2.17795
v -53.0291 87.6594 -2.18142
v -49.9921 87.6723 -2.19404
v -49.4554 87.5524 -2.05446
v -53.4691 88.758 -2.2703
v -53.055 88.762 -2.25164
v -53.199 88.5617 -2.23461
v -53.2523 88.4109 -2.24198
v -53.498 88.3724 -2.24201
v -54.0051 87.4122 -2.17095
v -54.4224 87.1621 -2.17723
v -55.9495 82.7694 -1.9205
v -56.4265 84.1841 -1.95478
v -57.4016 83.935 -1.9598
v -54.6174 88.0316 -2.2355
v -54.9375 87.2257 -2.21165
v -55.0211 87.766 -2.20232
v -55.0076 87.948 -2.21104
v -53.0303 87.505 -2.18528
v -52.9519 86.6006 -2.03883
v -48.7928 85.4445 -1.95763
v -49.5673 86.6847 -2.14884
v -48.6331 85.982 -1.99966
v -53.2096 88.0309 -2.21545
v -53.393 87.51 -2.20556
v -53.5298 87.9879 -2.22834
v -49.8716 86.5662 -2.11581
v -50.036 87.3731 -2.1878
v -53.4205 86.3883 -2.11317
v -53.0197 85.4382 -2.03339
v -53.7576 84.6005 -2.00331
v -53.5008 83.774 -1.87428
v -53.3292 86.6742 -2.13035
v -53.2601 87.4145 -2.184
v -53.0068 87.1732 -2.17566
v -53.3601 87.4116 -2.16015
v -54.0485 86.5969 -2.16613
v -53.5067 85.908 -2.04404
v -53.4895 84.8113 -2.0043
v -54.1281 84.8516 -2.00053
v -49.308 86.2663 -1.51701
v -49.1431 85.5881 -2.05674
v -50.085 86.5333 -2.08112
v -54.1367 85.4364 -2.05088
v -54.0984 86.102 -2.10136
v -53.715 85.7737 -2.06771
v -56.5507 82.1556 -1.80992
v -56.2882 80.8629 -1.83038
v -57.1082 81.8642 -1.79333
v -52.317 84.9357 -2.00409
v -51.8415 83.7052 -1.96493
v -52.3689 84.137 -1.96526
v -53.4676 84.9471 -1.98503
v -53.4244 83.7706 -1.96498
v -54.1794 83.2696 -1.95717
v -53.7807 84.7376 -2.0144
v -53.4997 85.4553 -2.02891
v -49.8755 82.9314 -1.85964
v -49.3178 83.0523 -1.91515
v -48.9909 82.1609 -1.81138
v -53.4213 82.9979 -1.91663
v -53.6074 81.6953 -1.80433
v -54.3842 82.3462 -1.8485
v -53.4007 84.5977 -2.01405
v -53.4136 83.7811 -1.9644
v -53.6922 83.9159 -1.9745
v -56.0093 82.9495 -1.92845
v -56.4806 81.3441 -1.77469
v -57.0252 82.4688 -1.84251
v -50.0426 83.7665 -1.93456
v -49.0506 83.4501 -1.88428
v -53.2916 83.3324 -1.96104
v -53.455 82.2289 -1.87172
v -54.1951 82.4735 -1.93999
v -52.987 82.791 -1.87558
v -53.4843 83.9926 -1.9279
v -53.2542 84.047 -1.94496
v -53.5305 83.7585 -1.93032
v -54.1424 83.3513 -1.94429
v -54.1462 84.2355 -1.98849
v -54.1196 84.5683 -2.03097
v -53.5613 84.5684 -1.98562
v -56.0322 80.5467 -1.84648
v -55.3896 79.9178 -1.74378
v -57.1546 79.9163 -1.72078
v -55.9211 83.0465 -1.95687
v -56.1544 82.3303 -1.92734
v -56.4185 82.4639 -1.84286
v -53.4679 79.3614 -1.64328
v -54.7745 79.0602 -1.70864
v -53.9027 80.1842 -1.72442
v -49.8465 82.4935 -1.98926
v -49.352 81.4013 -1.79154
v -49.8757 81.5441 -1.77289
v -54.2596 82.1173 -1.93051
v -53.4639 82.6753 -1.91407
v -49.1249 80.5229 -1.74564
v -53.5552 83.5431 -1.86648
v -53.4929 84.0145 -1.94167
v -53.6957 83.9467 -1.96573
v -53.1114 83.8608 -1.92392
v -55.5828 79.4854 -1.84868
v -57.229 79.8131 -1.74209
v -53.4646 80.7351 -1.81623
v -53.4523 82.1701 -1.88697
v -53.9008 81.8141 -1.88258
v -53.5645 83.6745 -1.98336
v -53.2728 83.4256 -1.93138
v -53.5661 83.2794 -1.93755
v -54.9386 80.8826 -1.96572
v -55.6808 78.6954 -1.89925
v -55.8998 79.8837 -1.93855
v -54.1377 83.6708 -1.97368
v -54.1322 83.3197 -1.98528
v -54.2902 83.2316 -1.94128
v -53.1831 80.1885 -1.8103
v -54.2743 79.5088 -1.75177
v -53.5806 81.3555 -1.80529
v -53.4589 82.0746 -1.88597
v -53.9654 81.9403 -1.85308
v -53.1925 82.77 -1.89943
v -54.1862 82.0544 -1.89122
v -54.2463 81.4285 -1.87029
v -49.8071 82.5369 -1.88291
v -49.3541 81.7067 -1.83814
v -50.6231 82.711 -1.87874
v -55.333 78.4707 -1.68394
v -56.5525 78.1988 -1.59908
v -54.1711 82.5452 -1.93134
v -54.4532 82.0916 -1.91004
v -54.4808 82.7411 -1.92756
v -51.5541 82.5914 -1.89841
v -51.3981 82.1593 -1.87815
v -51.641 82.3285 -1.89024
v -51.8824 82.5502 -1.8908
v -52.9401 80.1881 -1.76491
v -52.6229 81.3998 -1.83601
v -52.4104 81.1551 -1.66192
v -53.5051 80.1999 -1.78755
v -53.6074 81.4129 -1.82687
v -53.5856 81.9977 -1.84836
v -52.8687 81.9996 -1.8667
v -53.4612 80.9179 -1.77562
v -54.2853 80.5052 -1.79382
v -49.9971 81.4108 -1.73281
v -48.863 80.5563 -1.71081
v -49.448 80.3861 -1.73449
v -53.7092 81.4717 -1.81712
v -53.8855 81.9722 -1.86738
v -56.1684 77.4802 -1.67247
v -56.6596 78.2532 -1.60526
v -55.9423 78.7956 -1.69671
v -53.1885 80.5572 -1.79282
v -53.1115 79.9347 -1.73709
v -52.6151 80.6605 -1.79802
v -52.9233 80.2188 -1.76414
v -53.5116 81.4458 -1.84948
v -52.8335 81.4153 -1.84153
v -49.4257 80.4969 -1.71293
v -50.4094 81.25 -1.81093
v -53.9217 80.1664 -1.76619
v -53.7025 80.7528 -1.80112
v -53.8358 81.5791 -1.84466
v -56.5499 76.7032 -1.52081
v -55.8343 75.914 -1.50193
v -57.111 74.935 -1.44257
v -49.4833 79.6189 -1.6848
v -50.2487 80.0111 -1.75853
v -50.0939 80.5333 -1.76757
v -53.1956 80.6759 -1.81257
v -53.2203 80.4537 -1.73911
v -53.4857 80.8755 -1.81069
v -53.9293 80.1566 -1.74753
v -53.8176 80.9959 -1.82092
v -49.211 79.1662 -1.66686
v -49.5359 78.7653 -1.6721
v -50.3789 79.4531 -1.7032
v -53.2544 79.648 -1.72843
v -53.6662 78.5466 -1.60838
v -54.3724 78.3129 -1.74296
v -53.6151 80.3178 -1.77368
v -53.5075 80.083 -1.80952
v -53.8679 79.7975 -1.80271
v -56.5737 76.4897 -1.542
v -56.3762 74.717 -1.53212
v -57.6437 75.4887 -1.5417
v -53.1869 78.5525 -1.65911
v -53.0867 77.1281 -1.60055
v -54.4023 76.9809 -1.655
v -49.1811 78.2369 -1.63251
v -49.9325 79.261 -1.68904
v -49.3504 79.0408 -1.67208
v -53.428 79.2047 -1.71658
v -53.7175 78.5354 -1.67542
v -53.7606 78.9436 -1.71755
v -49.5804 78.452 -1.65482
v -48.8506 76.9716 -1.68902
v -49.2705 76.8933 -1.69299
v -49.4519 77.7923 -1.633
v -51.8555 78.3301 -1.66292
v -51.4809 76.7084 -1.61986
v -51.9729 77.3414 -1.58223
v -53.3076 78.4956 -1.68468
v -53.6744 77.4 -1.58821
v -53.7191 78.2493 -1.67871
v -54.3182 77.3225 -1.65186
v -53.5804 78.9287 -1.71816
v -53.2567 78.8087 -1.71553
v -56.1574 75.5439 -1.54353
v -56.5537 76.5667 -1.56469
v -55.9869 76.9433 -1.66352
v -50.433 77.5564 -1.62244
v -49.607 77.1982 -1.59513
v -49.5915 76.442 -1.54698
v -51.0784 76.8114 -1.55264
v -51.5323 76.9344 -1.60264
v -51.234 77.6138 -1.62719
v -51.046 75.927 -1.48784
v -53.4616 77.3342 -1.65021
v -53.7174 77.3693 -1.62757
v -53.551 77.7845 -1.68618
v -54.4638 76.565 -1.68129
v -54.4139 76.2013 -1.60998
v -54.7475 76.6604 -1.55902
v -56.1832 72.9049 -1.51673
v -56.3102 72.0004 -1.23067
v -57.3855 73.1496 -1.41993
v -55.9665 74.1922 -1.51201
v -50.0704 76.6124 -1.53525
v -50.1316 75.6169 -1.49131
v -50.8417 76.7331 -1.57334
v -53.5577 74.5061 -1.45199
v -54.3301 74.5767 -1.34029
v -53.5076 75.2162 -1.56639
v -53.8751 76.8649 -1.62896
v -53.1908 76.786 -1.60502
v -53.747 76.3283 -1.59547
v -53.5703 76.0078 -1.59364
v -53.7278 75.7387 -1.51821
v -54.428 76.2972 -1.62982
v -54.3345 76.7493 -1.6206
v -53.7879 71.1127 -1.35002
v -55.0321 71.1404 -1.28151
v -53.6581 72.8525 -1.41336
v -57.1564 72.2587 -1.31284
v -56.2281 72.0124 -1.5731
v -57.0137 70.3001 -1.51651
v -53.6209 75.1243 -1.55261
v -53.6419 75.8661 -1.55014
v -53.141 75.9734 -1.54563
v -53.5532 76.1708 -1.56564
v -53.7515 75.9743 -1.58931
v -55.6277 71.8809 -1.37787
v -54.0184 73.5328 -1.40257
v -53.7065 73.8185 -1.4497
v -54.4122 74.3325 -1.47632
v -53.9935 75.2001 -1.52247
v -53.9675 74.2961 -1.46945
v -56.8327 72.5103 -1.36129
v -55.8785 73.2831 -1.43927
v -49.1706 74.3337 -1.61026
v -48.1459 73.6683 -1.22832
v -48.395 73.3293 -1.29408
v -53.5501 75.0726 -1.54096
v -53.7528 75.6535 -1.54136
v -49.6681 74.1316 -1.41893
v -50.1587 75.0838 -1.48992
v -49.9147 73.0322 -1.53714
v -50.4458 72.016 -1.39925
v -51.1757 73.6437 -1.39488
v -54.4221 75.3281 -1.58337
v -54.4336 75.025 -1.5474
v -54.7421 74.7919 -1.45582
v -53.5829 74.55 -1.50776
v -53.3988 74.0179 -1.43763
v -53.8981 73.5727 -1.36577
v -53.3693 72.9826 -1.28531
v -52.5739 71.1226 -1.30679
v -53.7597 75.0784 -1.52734
v -53.823 74.7424 -1.48739
v -54.5169 74.3352 -1.62599
v -53.5425 75.1564 -1.50224
v -54.6591 72.4895 -1.52072
v -54.4783 73.718 -1.42299
v -53.3122 74.9771 -1.50525
v -53.9319 75.2678 -1.53161
v -49.1978 73.4909 -1.27029
v -49.7496 73.6634 -1.41077
v -49.6801 74.1526 -1.41332
v -50.157 74.7377 -1.47378
v -50.195 74.4257 -1.43935
v -50.0991 75.1154 -1.45326
v -50.7158 74.969 -1.46764
v -56.5578 72.3109 -1.35354
v -56.9853 71.1728 -1.46536
v -57.0766 72.3455 -1.4042
v -53.2678 71.9839 -1.26957
v -53.7153 72.6851 -1.37436
v -54.5825 71.4992 -1.36047
v -49.5189 71.8212 -1.20633
v -50.3252 71.9952 -1.39166
v -49.7519 72.2882 -1.22733
v -49.5696 73.8515 -1.38055
v -49.7737 73.5589 -1.36879
v -49.7463 74.0366 -1.42669
v -49.0943 72.0052 -1.30272
v -49.3473 72.9329 -1.23511
v -53.8637 73.0396 -1.35713
v -53.8188 73.8065 -1.42037
v -53.5808 74.4905 -1.48254
v -53.5052 74.0016 -1.42787
v -53.7767 74.5837 -1.45891
v -53.9345 73.9473 -1.4503
v -54.4135 73.8756 -1.44272
v -50.8115 74.2044 -1.42575
v -51.587 73.6026 -1.40948
v -51.2438 73.9708 -1.39569
v -51.4232 73.1266 -1.38293
v -51.8896 73.6375 -1.41717
v -51.9784 74.1404 -1.44468
v -52.8074 72.5403 -1.27949
v -54.06 72.4757 -1.34871
v -53.502 72.3489 -1.35651
v -53.8983 71.366 -1.26399
v -54.5645 71.627 -1.3326
v -54.5329 72.5907 -1.34093
v -53.7249 73.9065 -1.44256
v -53.7204 73.3919 -1.4543
v -53.9929 73.5175 -1.42325
v -53.7908 73.9215 -1.45979
v -54.4966 73.3786 -1.45991
v -50.1927 73.5246 -1.37577
v -49.7155 72.8995 -1.25954
v -50.5817 73.3928 -1.36604
v -55.1228 72.47 -1.39506
v -50.4625 71.5738 -1.33933
v -49.9151 71.7744 -1.20588
v -50.199 71.7383 -1.0228
v -51.0296 72.8486 -1.33051
v -55.6586 72.2133 -1.19766
v -55.6941 72.3842 -1.3843
v -55.5207 72.0128 -1.36263
v -50.0557 70.8285 -0.975707
v -53.4908 71.3501 -1.30567
v -53.4915 70.5886 -1.21017
v -50.4659 71.1293 -1.29602
v -53.7576 72.8781 -1.34809
v -53.5199 72.359 -1.32941
v -54.0276 71.8757 -1.29973
v -49.7687 71.6935 -1.19332
v -50.7532 72.9255 -1.31772
v -50.1134 72.9087 -1.08482
v -53.6529 73.4402 -1.4294
v -54.0614 73.0827 -1.38706
v -53.3375 73.3121 -1.39071
v -55.319 71.5347 -1.32147
v -54.4479 73.5649 -1.41947
v -54.4718 73.1445 -1.37056
v -54.7909 73.1311 -1.39549
v -49.4067 68.9894 -1.10799
v -50.5379 69.7948 -1.21345
v -55.972 72.3319 -1.35001
v -55.6878 72.612 -1.38427
v -53.9972 69.9591 -1.18006
v -53.9773 68.2754 -1.1246
v -54.6559 68.5142 -1.06643
v -49.9432 71.9622 -1.17694
v -50.5656 72.2183 -1.29549
v -50.4544 72.6316 -1.30497
v -54.2071 71.508 -1.25371
v -53.8386 72.3226 -1.29467
v -54.0183 72.8813 -1.36475
v -53.4317 72.83 -1.35407
v -49.8928 72.3943 -1.1832
v -55.1921 70.5839 -1.24567
v -54.8589 71.7342 -1.32438
v -50.5242 70.6335 -1.24114
v -50.5397 69.8624 -1.21173
v -50.5862 69.4481 -1.15172
v -54.7397 66.5933 -1.05678
v -53.6935 71.8991 -1.29982
v -53.829 71.1489 -1.2492
v -53.9631 71.9153 -1.28142
v -55.6799 67.6934 -1.05955
v -50.5787 70.5657 -1.20434
v -49.9826 70.7091 -1.09248
v -50.5586 71.2486 -1.24138
v -50.0502 68.6876 -0.953833
v -53.6725 72.1414 -1.328
v -53.7621 72.2805 -1.35349
v -53.8073 71.3033 -1.24925
v -53.5731 70.9345 -1.25074
v -53.9495 70.6802 -1.2387
v -49.9622 70.7824 -1.10087
v -50.5655 71.2449 -1.24889
v -49.9357 71.2373 -1.14331
v -49.9542 69.8695 -1.07158
v -53.8114 71.9313 -1.28424
v -54.0266 71.1146 -1.23786
v -54.2962 71.8035 -1.28781
v -50.8704 71.7011 -1.28485
v -50.0316 68.7829 -0.9597
v -50.5548 70.3815 -1.22054
v -51.0292 71.344 -1.25168
v -50.0175 69.8003 -1.03465
v -49.1758 68.8504 -0.97522
v -49.5108 68.4554 -1.05976
v -53.3108 68.5774 -1.1257
v -53.598 69.436 -1.1867
v -53.1693 69.371 -1.18557
v -51.3093 68.5018 -1.18013
v -52.1874 68.5316 -1.13719
v -52.3107 69.4742 -1.20748
v -50.5647 69.668 -1.15861
v -51.1504 70.6318 -1.21415
v -54.1673 69.6123 -1.14703
v -53.7567 70.73 -1.2079
v -54.6103 69.794 -1.17021
v -54.606 68.8974 -1.0645
v -50.3664 68.6529 -1.25703
v -49.6407 67.5176 -1.00235
v -54.7813 70.5443 -1.21469
v -54.6596 69.9764 -1.19819
v -55.3432 69.6994 -1.1694
v -56.0983 68.0133 -1.17966
v -56.9944 67.1057 -0.964563
v -56.8048 67.9183 -1.09985
v -57.3458 67.935 -1.10826
v -49.8981 69.1653 -1.02266
v -50.9868 70.1831 -1.19898
v -54.045 67.9656 -1.0669
v -53.8096 70.1662 -1.20659
v -50.6539 67.4036 -1.05022
v -50.4669 68.2634 -1.18087
v -54.6331 68.7418 -1.05813
v -54.6237 69.2954 -1.11819
v -54.2211 70.184 -1.16859
v -53.9031 70.6165 -1.24131
v -53.4975 70.7068 -1.23595
v -50.4277 70.1107 -1.19469
v -50.043 69.6469 -1.03509
v -51.322 70.7314 -1.22443
v -53.8487 68.8227 -1.14826
v -54.0281 68.0257 -1.0533
v -54.2899 69.151 -1.14356
v -50.6453 69.7251 -1.14117
v -50.0143 69.0023 -1.0268
v -50.6156 69.0296 -1.12774
v -50.0669 68.2472 -0.944782
v -53.9737 69.7182 -1.18058
v -54.6232 69.2452 -1.11842
v -54.707 67.9539 -1.08298
v -55.0077 68.8496 -1.09599
v -50.6393 67.4079 -1.04818
v -49.8218 67.6037 -0.903628
v -50.2003 66.8022 -0.782419
v -56.8702 68.0334 -0.915551
v -56.3151 67.816 -1.12042
v -57.0163 66.3277 -0.980216
v -47.1092 65.1918 -0.652787
v -48.2514 65.5651 -0.780463
v -48.5985 66.654 -0.744135
v -51.7174 63.9538 -0.877468
v -51.1876 64.6779 -0.953294
v -50.5892 64.2228 -0.700904
v -50.223 66.2241 -0.727402
v -50.6856 65.9529 -0.950754
v -50.6541 67.2336 -1.02334
v -53.8383 68.9094 -1.15901
v -53.7303 69.6672 -1.16763
v -53.4401 69.327 -1.13584
v -54.1421 64.0938 -0.885942
v -55.8364 64.4203 -0.880932
v -54.7707 65.3731 -0.903708
v -54.7424 66.6684 -1.04078
v -54.0402 67.8239 -1.03659
v -54.1644 68.3615 -1.12519
v -53.8511 68.4296 -1.10923
v -50.2585 68.0051 -0.961043
v -50.5977 68.5032 -1.09797
v -50.0429 68.3383 -0.954833
v -50.6145 68.1152 -1.07415
v -54.1383 69.2873 -1.14416
v -53.9173 69.7519 -1.14282
v -55.3885 68.706 -1.09676
v -55.8827 67.9402 -0.944177
v -55.9454 68.4033 -1.0966
v -52.4257 68.7427 -1.12379
v -51.7186 68.3426 -1.09125
v -52.1947 67.9225 -1.06863
v -51.4272 67.3852 -1.0003
v -54.0228 68.1071 -1.02939
v -53.6584 68.2518 -1.07184
v -53.9025 67.3613 -1.03268
v -50.875 63.4648 -0.823783
v -51.4355 62.9316 -0.695076
v -54.1578 68.7569 -1.10975
v -53.8734 68.7405 -1.10896
v -54.7295 66.4843 -1.03163
v -54.6639 67.79 -1.06096
v -54.6132 69.0592 -1.14877
v -54.8416 68.4506 -1.09367
v -54.9552 68.9619 -1.11752
v -55.5299 68.0429 -1.07989
v -55.9765 67.1663 -1.02875
v -56.3423 67.516 -1.04123
v -56.2346 67.8458 -1.10852
v -55.959 68.2212 -1.08388
v -52.517 68.2153 -1.08128
v -52.9761 68.3774 -1.07437
v -52.9788 68.6188 -1.09303
v -54.0538 67.7841 -1.0443
v -54.1047 66.2724 -0.959527
v -54.7372 66.4093 -1.01975
v -51.2762 65.0423 -0.89507
v -50.6468 67.0712 -1.01556
v -49.3908 66.1817 -0.837591
v -50.0774 66.2185 -0.832734
v -58.4151 61.5746 -0.0324509
v -59.3517 62.2793 -0.333446
v -59.1779 61.6251 -0.619302
v -50.6964 64.97 -0.925886
v -50.1682 65.3126 -0.781269
v -49.7126 63.3924 -0.692854
v -54.0408 68.0919 -1.05696
v -53.7308 68.1675 -1.06722
v -54.0458 67.7911 -1.0384
v -49.9651 65.7479 -0.815369
v -50.3146 66.7665 -0.863558
v -49.8614 66.2166 -0.820028
v -50.6701 66.3026 -0.972066
v -54.0594 67.1864 -1.00176
v -53.7078 66.4027 -0.982784
v -54.2142 65.8972 -0.920628
v -54.6871 66.697 -1.02496
v -53.7741 67.6722 -1.04435
v -53.8641 67.3536 -0.995747
v -54.3049 67.6234 -1.04907
v -52.135 66.0616 -0.929965
v -52.3165 64.625 -0.880811
v -52.9157 66.4389 -0.949994
v -54.1197 66.2523 -0.979928
v -54.2376 67.1669 -0.999202
v -53.8521 67.0593 -0.999524
v -59.0108 61.7213 -0.0831082
v -59.6459 62.3 -0.709094
v -51.3115 62.8148 -0.608421
v -50.0111 61.2598 -0.489568
v -50.1576 60.6008 0.0550748
v -53.0346 63.5891 -0.803953
v -53.7114 65.1177 -0.901849
v -52.9885 65.4711 -0.909394
v -50.2117 64.5583 -0.734898
v -51.2471 65.7507 -0.911539
v -50.3686 65.3847 -0.801252
v -52.7231 64.0964 -0.727254
v -50.1055 65.6739 -0.797756
v -50.7591 66.0009 -0.927185
v -50.3721 66.0742 -0.843109
v -54.227 65.8792 -0.925996
v -54.733 66.4229 -0.986349
v -54.2121 67.4206 -1.02805
v -53.4297 67.4972 -1.01793
v -55.2621 65.912 -0.937532
v -55.0956 65.4413 -0.897771
v -55.9031 64.7924 -0.915713
v -56.507 65.8312 -0.95418
v -56.8733 64.8684 -0.855738
v -57.7241 64.5473 -0.871553
v -56.9183 64.3676 -0.829317
v -56.2912 65.4266 -0.926424
v -56.4256 64.5667 -0.876357
v -60.048 61.0637 -0.0969269
v -58.1444 62.0506 -0.728074
v -51.4914 63.2234 -0.871749
v -50.8122 63.5987 -0.830942
v -51.2903 64.5884 -0.871139
v -58.4659 60.295 -0.755139
v -57.6445 61.5768 -0.313425
v -50.4902 64.6207 -1.0164
v -50.2453 64.709 -0.735577
v -50.3639 64.464 -0.777576
v -50.2988 63.0876 -0.521062
v -52.0263 64.1308 -0.981293
v -52.9796 65.6038 -0.905591
v -52.4279 65.8926 -0.817799
v -53.5596 64.4192 -0.83287
v -53.1416 64.8493 -0.872741
v -53.9964 65.5621 -0.906653
v -54.2122 66.6838 -0.971752
v -53.4316 66.4593 -0.9548
v -54.3741 66.1453 -0.954628
v -50.201 63.3362 -0.963944
v -51.3078 65.2975 -0.892318
v -54.7471 65.5378 -0.930791
v -55.0378 65.6195 -0.92417
v -54.7144 66.0463 -0.947271
v -54.729 66.2568 -0.960187
v -54.6981 66.5306 -0.961865
v -54.429 66.673 -0.977041
v -55.6995 65.0485 -0.940444
v -55.2511 66.0275 -0.935783
v -57.1967 61.0044 -0.725422
v -58.0894 61.5709 -0.402159
v -52.9754 62.9813 -0.691514
v -53.7198 64.511 -0.816815
v -52.9093 64.1549 -0.778206
v -54.0132 64.7423 -0.872146
v -54.126 65.5543 -0.962079
v -53.6077 65.0955 -0.996441
v -54.3535 64.9529 -0.868066
v -53.8318 63.7751 -0.867946
v -54.4067 64.386 -0.842378
v -57.952 61.0582 -0.253414
v -50.7151 64.2888 -0.8227
v -51.3209 64.2264 -0.854977
v -51.8164 65.5649 -0.89873
v -54.8114 64.9001 -0.925506
v -55.0866 65.0891 -0.879293
v -54.7369 65.4636 -0.91384
v -54.2413 65.7203 -0.916521
v -54.1213 65.924 -0.968446
v -50.2363 60.773 0.485526
v -50.1487 60.1023 -0.387151
v -49.5593 59.9329 0.0150848
v -50.4341 62.3154 -0.545879
v -50.1419 64.0911 -0.470358
v -50.832 63.4307 -0.772955
v -54.8699 63.9711 -0.930506
v -52.2528 66.1999 -0.95909
v -52.1368 65.8548 -0.938551
v -52.6137 66.2781 -0.946193
v -52.1708 65.5147 -0.862012
v -52.5017 65.6614 -0.811952
v -52.6809 65.4885 -0.825268
v -52.5463 65.7161 -0.92689
v -51.4909 63.8753 -0.716891
v -53.1595 64.8031 -0.871704
v -58.4032 61.5054 0.402106
v -58.5299 61.1126 -0.114412
v -54.1037 62.576 -0.74661
v -54.8474 62.4971 -0.843705
v -54.109 62.5981 -0.867003
v -50.7352 63.3937 -0.882651
v -56.6699 60.6333 -0.715086
v -56.3341 60.1309 -0.491887
v -57.3293 59.621 -0.629495
v -56.6534 63.7592 -0.865165
v -56.6244 63.2047 -0.773508
v -57.1738 63.0346 -0.749712
v -49.6982 62.7604 -0.610513
v -50.6107 64.144 -0.834869
v -52.2043 65.5113 -0.86434
v -52.4675 65.3846 -0.912279
v -52.2539 64.5942 -0.842243
v -51.3753 64.5494 -0.84713
v -53.6131 62.9801 -0.804338
v -53.2729 61.6849 -0.703268
v -51.5321 63.311 -0.811139
v -50.9491 62.3419 -0.723416
v -51.8134 62.5445 -0.65297
v -53.1986 63.2566 -0.913818
v -53.3567 64.7994 -0.871374
v -52.4921 64.4496 -0.865639
v -53.0393 65.282 -0.90462
v -54.0633 64.596 -0.868889
v -54.3136 65.2883 -0.908005
v -53.7559 65.2223 -0.901804
v -54.8126 64.2612 -0.838789
v -54.762 64.9862 -0.892206
v -54.4875 64.5686 -0.840251
v -49.9446 62.4677 -0.636133
v -52.3115 65.7129 -0.915492
v -55.1721 62.6689 -0.811481
v -55.8448 62.7353 -0.919099
v -55.2083 64.0723 -0.835362
v -49.2784 59.5829 -0.239423
v -49.7763 60.6692 1.27275
v -52.3742 64.095 -0.854635
v -59.025 61.4286 -0.736923
v -56.9864 64.0716 -0.828176
v -57.3893 63.3597 -0.78972
v -56.4277 64.5478 -0.873898
v -53.0208 64.8378 -0.857505
v -53.6998 61.0628 -0.682416
v -54.3631 61.1812 -0.636968
v -53.5556 62.4196 -0.718128
v -49.6098 59.6215 0.21339
v -49.9014 60.0541 -0.0935474
v -58.1901 59.3323 -0.68081
v -58.4261 59.9673 -0.521354
v -58.0569 58.4057 -0.521531
v -56.6928 58.2095 -0.474423
v -53.8725 64.0111 -0.816215
v -53.6051 64.2889 -0.864049
v -53.3133 62.6197 -0.760753
v -58.1096 59.4525 0.379569
v -58.0733 60.6834 0.0331975
v -58.5488 61.5923 -0.0609467
v -58.4495 61.2463 0.37011
v -58.1056 61.9325 -0.72071
v -54.0724 64.4678 -0.891864
v -54.3737 64.2675 -0.834821
v -54.1958 64.8128 -0.89174
v -54.2762 63.5522 -0.785465
v -53.804 64.7938 -0.885413
v -55.1083 62.1162 -0.776198
v -55.4191 61.1641 -0.755501
v -55.4494 62.337 -0.67603
v -51.841 63.2679 -0.767912
v -52.4519 63.1521 -0.777837
v -52.6737 63.8782 -0.868594
v -51.2185 62.1192 -0.719525
v -56.0842 62.1958 -0.663303
v -55.41 63.2221 -0.851943
v -56.924 62.1953 -0.835359
v -57.0957 62.6488 -0.733235
v -56.6704 63.0225 -0.800191
v -56.2541 63.047 -0.782288
v -51.7549 64.264 -0.859036
v -51.5469 63.4474 -0.848695
v -52.2338 64.4343 -0.872139
v -52.3725 64.1538 -0.849858
v -52.023 63.7829 -0.934935
v -52.5134 64.3428 -0.872621
v -52.4368 64.9578 -0.937255
v -52.6954 64.8294 -0.891971
v -56.0889 63.8549 -0.840631
v -52.8812 64.2822 -0.868267
v -53.0833 63.4778 -0.87785
v -52.9926 63.2494 -0.835184
v -52.7842 61.6329 -0.722134
v -53.75 64.3064 -0.861767
v -53.2511 62.8816 -0.803762
v -53.0416 62.4782 -0.761646
v -53.5287 63.6537 -0.846907
v -55.4005 62.4326 -0.68431
v -55.6418 63.0248 -0.735484
v -55.2116 62.8059 -0.7231
v -55.9349 62.1299 -0.695777
v -55.0649 62.7508 -0.793341
v -54.6721 61.9015 -0.783335
v -54.1239 63.5577 -0.818361
v -57.1366 59.9367 -0.565468
v -58.1514 59.1544 0.429347
v -55.7514 63.3049 -0.819255
v -56.2706 62.9598 -0.763372
v -56.1803 63.2079 -0.798563
v -57.7948 60.2283 0.514073
v -57.6984 61.1306 -0.290446
v -57.7381 61.2209 0.513429
v -54.0888 62.5807 -0.806555
v -53.7392 62.7708 -0.791952
v -52.7472 63.2986 -0.894952
v -53.0519 63.7926 -0.876957
v -54.3901 61.0775 -0.666443
v -53.551 62.3165 -0.731322
v -53.3312 61.9674 -0.634122
v -54.8824 60.2586 -0.649233
v -54.0098 61.4653 -0.746174
v -51.0531 62.7707 -0.820329
v -50.014 62.0134 -0.611107
v -51.2777 62.6415 -0.609149
v -52.0856 63.7719 -0.904392
v -51.6396 63.2829 -0.774297
v -53.182 63.7394 -0.836594
v -54.5427 63.8662 -0.84056
v -53.8881 64.0761 -0.835144
v -50.2723 61.2201 0.346171
v -50.5045 61.3882 0.503424
v -49.8715 59.9984 -0.103639
v -52.0913 63.2469 -0.807439
v -52.3015 64.2985 -0.847355
v -52.6354 64.0642 -0.84865
v -56.1508 62.8224 -0.761382
v -57.1105 61.5152 -0.523559
v -58.2148 60.614 -0.677375
v -51.156 62.0984 -0.724416
v -51.9929 62.6447 -0.58217
v -51.6721 61.7378 -0.565915
v -58.1132 60.8744 -0.116658
v -56.6277 63.1144 -0.802318
v -57.0957 62.6106 -0.730282
v -58.2453 61.4287 -0.0592444
v -52.4158 62.1256 -0.726861
v -52.3713 63.3194 -0.796524
v -53.7665 63.731 -0.819844
v -54.2783 63.0895 -0.795632
v -53.9281 63.0436 -0.787242
v -54.0923 62.5673 -0.765883
v -55.1026 60.6708 -0.707492
v -54.8011 60.6698 -0.701069
v -58.0838 59.3687 -0.630284
v -58.0072 61.0646 -0.0586416
v -54.6515 62.1297 -0.752266
v -54.1454 61.1578 -0.633028
v -51.1602 62.077 -0.708987
v -51.3198 62.6947 -0.819164
v -51.967 62.8208 -0.786412
v -55.0836 62.3661 -0.742136
v -54.8595 62.7381 -0.764742
v -53.2854 63.0336 -0.788851
v -53.0195 62.8683 -0.77168
v -53.2942 62.6416 -0.719199
v -52.7641 63.7683 -0.782437
v -52.3872 63.143 -0.844703
v -52.8267 63.4693 -0.823721
v -52.2993 63.4347 -0.81718
v -52.1656 63.6343 -0.831051
v -51.9639 63.41 -0.835122
v -55.8041 61.0019 -0.545623
v -55.7157 59.5435 -0.59418
v -55.3419 62.1685 -0.68611
v -50.116 60.538 0.0728942
v -50.2844 60.2872 -0.580946
v -49.9131 60.3226 -0.613664
v -52.7264 63.2298 -0.778478
v -52.6125 62.8449 -0.765807
v -53.0897 63.456 -0.810934
v -53.514 63.6289 -0.808865
v -56.3042 60.9571 -0.667925
v -55.0439 62.9271 -0.769753
v -55.5179 62.49 -0.683367
v -53.0504 63.0103 -0.79236
v -55.3532 62.9384 -0.806941
v -57.1889 58.5929 -0.555322
v -58.4922 57.0959 -0.309217
v -52.8612 61.7359 -0.718738
v -52.0694 61.2599 -0.69952
v -52.3116 60.4712 -0.719265
v -53.6055 63.0565 -0.823441
v -53.5884 62.3331 -0.760645
v -53.7601 63.3668 -0.804889
v -55.6639 63.0908 -0.762776
v -55.5666 63.2076 -0.807296
v -57.0808 60.1571 -0.536954
v -56.808 60.7557 -0.727533
v -56.0498 62.1561 -0.708284
v -56.0599 62.9361 -0.789474
v -55.8631 63.2075 -0.773933
v -53.927 62.4412 -0.761121
v -58.1323 61.08 -0.487488
v -58.1658 60.7547 -0.52528
v -56.3883 62.8389 -0.784498
v -56.4024 63.1496 -0.793179
v -56.2239 63.2185 -0.796357
v -55.3704 61.2814 -0.692466
v -55.331 59.2834 -0.550814
v -54.1792 61.727 -0.67331
v -54.3836 61.0996 -0.678294
v -54.6406 61.4706 -0.714512
v -50.1639 60.5717 0.0674964
v -50.4838 59.6235 -0.49291
v -58.172 58.697 -0.508419
v -58.2749 59.3849 0.478592
v -56.1658 61.8074 -0.707453
v -55.6094 62.3234 -0.730443
v -55.6242 61.7193 -0.552677
v -55.5057 62.5301 -0.752673
v -54.9176 62.8434 -0.788555
v -55.0436 62.4275 -0.686942
v -57.9882 60.4277 -0.687983
v -54.275 62.5812 -0.743172
v -53.8548 61.4146 -0.71184
v -53.9465 62.4284 -0.762608
v -49.9255 60.2715 -0.375955
v -54.3572 62.8118 -0.774726
v -53.9256 62.784 -0.764488
v -54.946 61.6735 -0.707447
v -51.8104 62.572 -0.776548
v -51.7091 62.0975 -0.723572
v -51.949 62.4222 -0.783779
v -53.6905 62.8895 -0.762354
v -53.3832 62.5366 -0.771288
v -54.8807 62.51 -0.822952
v -52.8381 63.0791 -0.774554
v -52.5623 62.5623 -0.785816
v -52.917 62.6465 -0.795269
v -53.1363 62.6346 -0.807676
v -53.107 62.9666 -0.793773
v -55.6491 62.7346 -0.768647
v -55.6782 62.3819 -0.770087
v -56.0323 62.3529 -0.750709
v -53.2525 62.7167 -0.815026
v -53.4642 62.9157 -0.785546
v -52.9845 61.6093 -0.716943
v -52.9859 61.0972 -0.684907
v -53.3085 61.6614 -0.718695
v -53.4063 61.346 -0.681315
v -53.6156 61.1407 -0.627068
v -54.4357 60.1709 -0.632018
v -54.6476 60.6362 -0.646309
v -54.2522 61.1996 -0.628998
v -54.9848 59.3075 -0.597275
v -55.3104 60.3828 -0.697996
v -55.5317 59.0278 -0.588659
v -56.4156 59.8629 -0.567785
v -56.4696 60.1756 -0.662851
v -56.9703 60.4074 -0.639604
v -56.4846 61.0804 -0.716626
v -56.9986 57.5612 -0.566998
v -57.9853 57.8303 -0.0800927
v -57.1498 56.0839 -0.411099
v -58.9712 56.1581 0.0397212
v -55.6137 61.2514 -0.72508
v -58.8467 56.7797 -0.395396
v -58.2006 58.5577 -0.606521
v -58.2205 58.2813 0.6088
v -54.3288 61.5769 -0.711284
v -54.6159 61.6373 -0.700039
v -54.4643 62.0613 -0.708199
v -52.1906 60.8312 -0.783197
v -52.3869 60.3945 -0.577077
v -52.9636 61.2882 -0.66983
v -52.0236 60.197 -0.664153
v -51.8661 59.4756 -0.448248
v -53.9123 61.312 -0.63053
v -54.9447 61.8359 -0.724515
v -54.3855 62.0481 -0.732131
v -54.1081 61.9294 -0.705855
v -51.0645 60.2097 -0.627887
v -50.7846 60.7114 -0.688536
v -49.7807 59.5846 -0.506667
v -52.0174 61.8696 -0.770932
v -51.7086 61.5585 -0.663968
v -52.2453 61.8387 -0.704547
v -52.5039 62.0659 -0.746458
v -52.2177 62.1643 -0.691295
v -54.8418 61.4391 -0.702051
v -55.3655 61.4501 -0.676422
v -50.4893 59.5274 -0.458359
v -51.7758 61.0961 -0.626553
v -51.6608 60.5211 -0.59608
v -53.2139 61.8555 -0.723098
v -53.534 61.8551 -0.706601
v -53.6016 62.0817 -0.726031
v -53.2468 61.0328 -0.757038
v -55.5906 60.5269 -0.637489
v -55.7423 59.4333 -0.623416
v -52.7445 61.8604 -0.7711
v -53.1259 62.2608 -0.737229
v -52.7644 62.1428 -0.721009
v -55.1452 62.0343 -0.657482
v -53.4411 61.1608 -0.652823
v -53.7271 61.3617 -0.763931
v -53.2751 60.3481 -0.679962
v -55.3494 61.7836 -0.685411
v -53.8559 61.6095 -0.737065
v -53.8673 62.1139 -0.71283
v -57.7817 60.1932 -0.569932
v -57.6698 59.8201 -0.554982
v -57.9309 59.9484 -0.559546
v -55.2342 60.1035 -0.596721
v -54.7352 60.1346 -0.629417
v -58.5137 56.3217 -0.234571
v -57.2696 54.9191 -0.161225
v -54.3925 61.2201 -0.667193
v -53.8897 60.3621 -0.615912
v -53.9619 61.2288 -0.635422
v -54.1274 61.4909 -0.71426
v -53.7554 61.1069 -0.663441
v -55.5965 60.5318 -0.61275
v -56.325 59.5219 -0.573064
v -54.5171 60.9537 -0.652077
v -54.5983 61.4937 -0.683726
v -55.2032 60.9815 -0.604625
v -53.4112 61.4735 -0.659652
v -52.1332 61.3587 -0.642851
v -52.4234 61.3971 -0.767734
v -52.4672 61.7069 -0.706645
v -52.7201 59.6003 -0.65236
v -53.2492 59.4538 -0.580591
v -52.5815 60.4889 -0.62974
v -52.9739 61.2509 -0.663328
v -52.3308 60.7799 -0.666213
v -58.9581 57.6064 0.691468
v -53.3769 61.6785 -0.675657
v -57.6619 58.264 -0.517975
v -56.4605 60.3975 -0.615414
v -57.2749 59.9299 -0.612125
v -56.7815 60.5895 -0.661944
v -55.0111 60.9162 -0.663007
v -54.9457 61.2934 -0.670568
v -55.0083 61.4363 -0.690535
v -53.0899 61.6299 -0.695115
v -55.3707 61.3976 -0.680424
v -55.9266 60.9853 -0.656002
v -55.59 60.607 -0.657276
v -55.9632 61.3317 -0.616392
v -56.3221 60.5468 -0.665972
v -56.7901 60.8492 -0.57579
v -50.2854 56.9925 -0.5625
v -50.927 56.4401 -0.588626
v -52.1075 58.8048 -0.360815
v -53.442 55.1898 -0.890691
v -54.4535 56.518 -0.434003
v -54.2123 57.7651 -0.448671
v -53.7106 51.8796 -0.295878
v -52.9793 53.6244 -0.565303
v -52.3432 52.508 -0.674225
v -54.7705 58.6656 -0.531323
v -54.4449 59.04 -0.554103
v -53.941 58.3729 -0.686061
v -56.2578 58.5218 -0.665932
v -55.4847 59.1096 -0.516778
v -56.6024 57.4793 -0.491
v -55.5012 59.911 -0.561792
v -58.0323 55.3797 -0.46647
v -59.2883 54.851 -0.361967
v -57.0842 56.2132 -0.396866
v -58.5524 56.6652 -0.555563
v -58.6091 57.5186 0.0115093
v -50.8142 58.5838 -0.8975
v -50.5565 58.9226 -0.407575
v -50.3188 57.9817 -0.35064
v -51.7789 59.958 -0.606307
v -54.0281 59.1333 -0.545502
v -54.3757 60.2059 -0.64207
v -54.784 59.4049 -0.564944
v -54.7905 59.9383 -0.572532
v -54.6325 60.5784 -0.638587
v -52.1655 60.1709 -0.676421
v -52.0766 60.4243 -0.653281
v -55.1487 58.2152 -0.504928
v -55.1706 59.0585 -0.533796
v -55.8427 57.915 -0.47749
v -55.5133 56.4654 -0.460341
v -55.2467 60.3125 -0.617757
v -55.5773 60.5222 -0.588213
v -55.0207 60.0193 -0.60411
v -52.6388 60.5339 -0.570982
v -52.317 60.4316 -0.735233
v -52.2286 60.4923 -0.697077
v -51.6933 59.0545 -0.535257
v -51.9571 59.4541 -0.559607
v -52.7586 59.6162 -0.633474
v -53.2579 59.4616 -0.557783
v -53.4849 60.1219 -0.606219
v -55.2279 60.0623 -0.591145
v -53.3789 60.6308 -0.634459
v -53.9146 60.6133 -0.626253
v -52.7626 55.9783 -0.481517
v -53.2559 58.3521 -0.636052
v -53.688 59.3531 -0.562004
v -56.2173 59.6268 -0.581976
v -56.4184 59.1212 -0.471778
v -56.4315 59.7444 -0.554639
v -56.672 59.0264 -0.528134
v -57.0271 59.178 -0.554808
v -55.8542 60.5227 -0.577322
v -56.5111 59.9919 -0.766166
v -58.6777 57.1667 -0.507665
v -58.1373 58.2019 -0.442237
v -56.5663 59.9268 -0.540394
v -53.951 58.273 -0.424841
v -53.7533 58.897 -0.415607
v -54.2927 58.9526 -0.453368
v -54.364 59.3532 -0.551672
v -54.0075 59.5929 -0.565873
v -55.9111 53.6309 -0.324605
v -56.3612 55.4854 -0.353487
v -58.9785 56.4548 0.372774
v -54.6268 57.9755 -0.451967
v -55.708 57.6503 -0.335733
v -54.7466 58.6169 -0.520377
v -55.3808 57.1789 -0.439959
v -55.483 58.2983 -0.507562
v -55.2677 59.5995 -0.576575
v -55.364 59.1509 -0.549103
v -55.4243 59.531 -0.598557
v -54.9961 59.7179 -0.578181
v -55.9585 58.2121 -0.471707
v -53.1426 57.6764 -0.491969
v -52.527 58.9791 -0.408154
v -52.0366 58.9962 -0.490865
v -56.6443 58.8403 -0.297305
v -56.0557 59.1474 -0.539989
v -57.3303 58.5378 -0.479322
v -56.7821 59.252 -0.588101
v -56.6681 58.9554 -0.517651
v -54.6762 59.948 -0.561807
v -54.7982 59.3251 -0.553623
v -54.3788 59.8695 -0.572243
v -51.7591 58.9415 -0.51062
v -51.2912 59.0119 -0.598137
v -51.0665 58.4004 -0.55117
v -55.0024 59.1701 -0.574236
v -55.1533 58.9986 -0.502138
v -52.9584 58.7703 -0.531855
v -52.1373 57.3955 -0.503368
v -52.7771 57.6262 -0.516092
v -52.7496 59.5569 -0.627942
v -53.111 59.4362 -0.561198
v -52.9454 59.8049 -0.599725
v -55.881 58.9649 -0.548379
v -55.7206 59.5544 -0.561511
v -52.2822 56.6603 -0.384459
v -56.5091 59.0046 -0.523615
v -56.2238 59.5005 -0.57552
v -56.3513 59.677 -0.548993
v -53.5432 54.2319 -0.306151
v -54.6087 58.1173 -0.486721
v -56.5204 54.8253 -0.199699
v -56.8434 56.1164 -0.371025
v -50.9678 57.5442 -0.439842
v -51.0843 58.1436 -0.519812
v -50.6351 57.5518 -0.403112
v -52.3582 53.7355 -0.172118
v -54.9885 56.6469 -0.41473
v -54.7288 58.7498 -0.513811
v -55.1946 57.7605 -0.421629
v -54.0166 59.1496 -0.535081
v -54.3545 59.0737 -0.558252
v -54.1039 58.7571 -0.478733
v -54.5992 59.2606 -0.522746
v -55.4882 58.4333 -0.492877
v -55.4126 57.303 -0.422265
v -55.0757 58.7901 -0.503332
v -54.9194 59.1514 -0.54125
v -55.1256 59.2481 -0.53046
v -55.527 59.0632 -0.474735
v -55.6517 58.1747 -0.480564
v -56.306 57.5702 -0.438548
v -55.9557 58.2778 -0.566117
v -55.6644 59.209 -0.534615
v -52.6781 56.7047 -0.436871
v -52.4294 55.7289 -0.396607
v -57.528 57.0121 -0.378678
v -58.232 54.2317 -0.981595
v -58.5541 55.3594 -0.231148
v -56.3028 58.0749 -0.44006
v -56.0273 58.4276 -0.489761
v -56.2599 58.8853 -0.437557
v -56.833 57.9565 -0.458877
v -56.4814 58.9744 -0.502816
v -56.4279 58.7413 -0.430315
v -52.1676 54.6596 -0.213194
v -55.0237 57.3221 -0.38446
v -54.8483 57.1311 -0.414569
v -49.8996 55.4647 -0.257098
v -48.4213 51.9815 -0.55665
v -50.4157 54.799 -0.163566
v -48.7809 54.0463 -0.19655
v -55.018 55.5329 -0.393901
v -49.5829 52.4757 -0.543896
v -52.0626 57.8529 -0.428398
v -51.3502 57.6412 -0.449684
v -50.9672 56.6773 -0.56561
v -55.5018 55.3009 -0.402539
v -55.9052 56.0533 -0.294406
v -52.6766 58.0869 -0.4687
v -53.0519 58.1586 -0.478461
v -52.9245 58.4437 -0.520517
v -52.7215 57.7061 -0.51317
v -52.2303 58.0847 -0.508584
v -51.9977 58.174 -0.486645
v -51.5128 54.846 -0.252403
v -51.4295 52.9725 -0.252736
v -53.1076 57.5281 -0.418308
v -50.576 56.683 -0.293963
v -54.5196 57.4129 -0.43396
v -54.139 57.5862 -0.487806
v -52.3608 58.6865 -0.536642
v -52.6656 58.479 -0.516339
v -52.2422 57.6172 -0.413978
v -52.4262 58.0985 -0.497161
v -51.8009 57.1802 -0.40302
v -51.9817 56.7783 -0.334057
v -52.1739 56.3618 -0.449979
v -52.9053 57.2921 -0.48293
v -54.1272 58.0767 -0.432798
v -53.7778 57.6889 -0.463446
v -53.7395 58.0299 -0.445639
v -53.4779 58.2371 -0.469023
v -53.4476 58.6643 -0.481074
v -53.4632 58.4503 -0.494956
v -53.931 58.5019 -0.508801
v -53.9963 56.302 -0.360859
v -54.4152 58.0157 -0.464701
v -54.4781 58.5285 -0.498236
v -54.1468 58.3436 -0.522025
v -54.5981 57.8862 -0.490774
v -54.6104 58.3912 -0.50759
v -54.9751 57.9679 -0.451466
v -54.8882 58.445 -0.476876
v -55.2965 58.3013 -0.483016
v -55.6259 57.0412 -0.437051
v -56.1761 57.0944 -0.370006
v -56.0359 57.6945 -0.447194
v -55.6663 57.8575 -0.476719
v -56.3626 57.2033 -0.39512
v -55.3973 58.0036 -0.431982
v -56.4078 55.9501 -0.295742
v -55.6005 58.3037 -0.509848
v -56.7862 57.2246 -0.417462
v -56.3044 58.0065 -0.43212
v -55.7175 58.3334 -0.466693
v -57.8002 56.2552 -0.324014
v -57.4877 56.9862 -0.356835
v -56.3929 58.2826 -0.468019
v -56.5701 57.8999 -0.38953
v -53.8799 56.2059 -0.377392
v -54.0145 54.8841 -0.264049
v -51.3352 56.4449 -0.3914
v -50.4354 55.3249 -0.299154
v -51.7609 56.438 -0.0588421
v -52.5199 55.6266 -0.366549
v -53.0568 56.2981 -0.111614
v -52.7359 56.0538 -0.402901
v -53.3087 54.0125 -0.201666
v -52.1997 57.155 -0.396251
v -51.877 56.5288 -0.366201
v -54.8103 54.9146 -0.272377
v -54.6173 56.276 -0.346683
v -54.2711 55.184 -0.325204
v -56.0121 57.3297 -0.41225
v -55.8766 57.0796 -0.440343
v -56.3331 56.8808 -0.406413
v -55.3276 57.4066 -0.419166
v -57.344 55.7535 -0.339995
v -57.7457 55.0649 -0.292065
v -53.3278 56.195 -0.346643
v -56.0285 55.8011 -0.00031488
v -56.8258 55.0364 -0.297026
v -55.9753 55.8983 -0.37609
v -56.7891 55.5885 -0.389697
v -57.6593 54.4373 -0.216212
v -54.4311 56.2915 -0.362896
v -54.0479 56.9467 -0.4031
v -54.4059 56.9525 -0.394944
v -55.369 55.1269 -0.264969
v -55.197 56.4064 -0.360931
v -54.0981 57.2859 -0.450439
v -53.8648 57.2046 -0.401392
v -55.137 56.8877 -0.389835
v -54.8052 57.4076 -0.414447
v -54.8294 56.7801 -0.3841
v -55.0412 53.7475 -0.20411
v -56.1796 53.143 -0.490381
v -53.084 57.1204 -0.408136
v -53.6801 57.3601 -0.440221
v -53.1165 57.5325 -0.457352
v -53.4115 57.0183 -0.424747
v -54.5651 57.2463 -0.434719
v -52.6882 57.0819 -0.509271
v -52.7109 57.2749 -0.535318
v -52.6892 57.5963 -0.453227
v -51.4628 55.609 -0.380199
v -51.8336 55.1419 -0.28528
v -52.1459 56.0806 -0.43968
v -51.9956 56.344 -0.324342
v -55.9661 54.5753 -0.256725
v -55.516 56.0299 -0.314771
v -55.3913 56.9236 -0.379834
v -52.9312 57.0095 -0.426035
v -55.097 57.4186 -0.42402
v -55.6065 56.7176 -0.422143
v -56.1994 56.6058 -0.385944
v -53.9215 57.3603 -0.454196
v -56.2596 57.1973 -0.379493
v -56.4596 56.8592 -0.38982
v -57.0756 56.5867 -0.335692
v -57.0166 51.6362 0.200947
v -58.4028 52.0762 0.0811656
v -57.4401 52.6156 0.0222987
v -53.4547 54.3538 -0.174825
v -54.0328 55.2309 -0.223824
v -53.8253 56.2281 -0.214682
v -51.7011 52.615 -0.187197
v -51.2741 53.3002 -0.234673
v -50.9327 52.4268 0.0832662
v -50.6507 54.8825 -0.0624683
v -50.7227 54.4236 -0.30515
v -50.4641 54.7601 -0.315545
v -50.5417 54.1238 -0.215192
v -56.1491 53.381 -0.287708
v -56.3328 55.1009 -0.135571
v -55.3868 55.7829 -0.215658
v -56.5272 53.1793 -0.0612675
v -54.6906 51.6432 -0.0703649
v -54.5921 54.2027 -0.173572
v -53.8878 53.5721 -0.146085
v -55.7141 51.7619 -0.048229
v -55.0987 51.9074 -0.0648846
v -55.5223 49.8479 -0.0246734
v -55.8864 56.0847 -0.373622
v -55.2688 56.3522 -0.387442
v -55.4618 56.5676 -0.362345
v -56.0805 56.3075 -0.1862
v -56.1942 55.6457 -0.151807
v -56.8907 55.0768 -0.33068
v -52.7309 56.2686 -0.420752
v -53.144 56.3616 -0.421036
v -53.1308 56.8619 -0.390458
v -54.535 55.7937 -0.32041
v -54.6261 56.4852 -0.363164
v -54.3498 56.6701 -0.28687
v -54.4317 56.7323 -0.341632
v -53.4723 56.0863 -0.237332
v -52.6988 55.3064 -0.215743
v -52.8949 54.5863 -0.21094
v -51.9318 56.4317 -0.370673
v -52.1358 56.3474 -0.446414
v -52.3563 56.8692 -0.430408
v -54.1366 56.7984 -0.394028
v -54.6819 56.864 -0.381243
v -52.6477 56.4991 -0.440427
v -52.4456 56.3606 -0.203108
v -54.9648 56.8089 -0.369664
v -54.988 56.047 -0.331086
v -51.7255 55.0714 -0.125682
v -51.8861 55.9189 -0.22345
v -52.8824 56.8077 -0.402543
v -55.0878 55.6297 -0.221493
v -55.1483 56.7917 -0.367883
v -55.8725 56.6236 -0.364278
v -52.5291 55.8318 -0.383082
v -52.6837 53.4694 -0.276147
v -53.4044 53.8213 -0.162023
v -56.7994 54.57 -0.106422
v -57.6044 54.4199 -0.0241385
v -53.8791 56.382 -0.41685
v -53.7174 56.6623 -0.410679
v -54.223 56.5813 -0.287956
v -56.8006 55.8758 -0.345604
v -56.3113 56.7222 -0.366076
v -56.4 56.1573 -0.273217
v -54.0414 55.9009 -0.335521
v -57.1235 55.5179 -0.351629
v -57.8075 55.1075 -0.196538
v -56.8347 56.317 -0.324242
v -52.3141 55.7041 -0.346653
v -55.8385 55.7953 -0.318985
v -56.023 54.8202 -0.245827
v -54.7219 55.6787 -0.259552
v -54.6668 56.034 -0.305953
v -54.4916 55.5588 -0.29132
v -55.8033 53.5191 -0.332014
v -52.0705 56.2346 -0.415475
v -54.9739 55.7344 -0.305122
v -55.3826 55.9812 -0.306564
v -56.3875 54.1876 -0.182015
v -50.4915 54.1176 -0.268681
v -49.854 54.0357 -0.119735
v -49.4808 52.6516 -0.281776
v -53.6603 56.3702 -0.387402
v -53.2302 56.2752 -0.31934
v -52.617 56.6333 -0.416325
v -55.1172 56.4823 -0.33922
v -53.2363 55.415 -0.195629
v -52.7061 55.7895 -0.345847
v -52.1938 55.2814 -0.174568
v -56.7368 55.4047 -0.222354
v -56.0504 56.0505 -0.290583
v -55.7885 56.4175 -0.345673
v -55.6181 56.3273 -0.345138
v -52.4734 54.1471 -0.198233
v -53.8194 55.7167 -0.301895
v -52.5265 56.2281 -0.37295
v -53.974 56.6285 -0.356603
v -53.414 56.6588 -0.231642
v -52.7484 56.4054 -0.401498
v -53.1291 56.458 -0.4173
v -54.4953 54.438 -0.195348
v -54.4925 56.115 -0.318197
v -54.0937 56.2837 -0.285393
v -54.0049 53.9096 -0.181756
v -54.6255 56.5594 -0.36018
v -52.8889 56.3689 -0.324582
v -56.236 56.2093 -0.288616
v -56.2577 56.4542 -0.314231
v -56.7156 56.0845 -0.33612
v -55.991 50.3708 -0.356685
v -55.0685 53.5452 -0.289576
v -54.6327 52.8522 -0.11288
v -54.9547 54.2716 -0.222238
v -54.3866 54.2655 -0.195254
v -54.6696 55.3195 -0.245557
v -55.5038 54.8979 -0.249303
v -55.3995 54.6609 -0.163486
v -55.8632 54.5984 -0.118442
v -54.9515 54.9662 -0.23987
v -55.0758 54.246 -0.151307
v -55.5256 53.3753 -0.153153
v -53.8832 53.4344 -0.14899
v -52.2448 55.5363 -0.362345
v -51.9443 54.5739 -0.241161
v -52.6638 55.4554 -0.356214
v -49.4932 51.2857 -0.0232062
v -50.2734 52.9711 -0.19493
v -53.9036 52.5346 -0.0319755
v -54.278 55.2073 -0.265003
v -54.1318 54.7622 -0.205106
v -53.4985 54.3855 -0.122245
v -54.4693 55.8013 -0.286373
v -54.1308 55.5645 -0.318289
v -52.1588 55.5611 -0.254472
v -51.5001 55.0566 -0.264276
v -51.7312 54.8245 -0.169859
v -54.7257 55.5093 -0.279819
v -54.9492 55.6386 -0.268855
v -51.4398 53.4279 -0.236281
v -51.2795 54.1575 -0.179735
v -53.0539 55.8571 -0.335537
v -52.7689 55.7673 -0.328446
v -52.3717 56.0057 -0.304029
v -52.4839 55.679 -0.369759
v -55.8421 55.0594 -0.227088
v -52.8163 55.1122 -0.297914
v -52.31 54.0579 -0.24598
v -52.8453 54.4804 -0.306093
v -55.4351 55.5441 -0.303804
v -56.543 52.99 -0.0398481
v -57.3736 52.6786 -0.11572
v -56.3825 54.2031 -0.0935286
v -55.7112 55.5717 -0.260622
v -52.6978 54.0391 -0.256177
v -52.8323 53.6316 -0.652954
v -53.0263 55.2242 -0.323892
v -53.4314 55.8382 -0.345226
v -57.8823 52.5743 -0.0997137
v -57.4432 52.6383 0.0967727
v -55.9944 55.3945 -0.139363
v -56.9355 54.1992 -0.173038
v -53.3442 55.3514 -0.274591
v -53.725 55.1792 -0.275899
v -54.0532 55.0968 -0.258732
v -57.221 54.246 -0.186416
v -58.2998 53.1876 -0.166248
v -56.3878 55.0377 -0.243148
v -56.2738 55.3605 -0.278896
v -56.8185 55.0544 -0.20876
v -56.334 55.4248 -0.244417
v -51.1782 54.0786 -0.267691
v -50.8253 53.1716 -0.168994
v -51.6436 53.9378 -0.232007
v -54.5488 52.8413 -0.108529
v -54.002 53.8649 -0.179875
v -54.5553 53.9728 -0.206415
v -56.1117 54.8179 -0.186357
v -56.5361 53.9953 -0.172247
v -55.7635 54.8706 -0.233829
v -53.5167 54.4526 -0.260121
v -53.368 54.9794 -0.239464
v -56.4915 50.8526 -0.392038
v -56.5864 52.2254 -0.336244
v -55.7946 53.5069 -0.129299
v -54.5934 51.3173 0.0241024
v -54.7616 54.4163 -0.15934
v -54.5174 54.5587 -0.205815
v -54.487 54.9065 -0.248929
v -57.268 53.4327 -0.088335
v -57.0178 54.1841 -0.225031
v -56.6217 54.2279 -0.207295
v -57.5317 53.6437 -0.0906847
v -59.0429 50.6361 0.222941
v -59.2494 51.5145 0.172115
v -59.5268 50.3984 0.00986171
v -54.8112 52.8039 -0.0627413
v -55.6828 52.2809 -0.0752974
v -55.2764 53.6889 -0.181854
v -54.1371 54.8292 -0.207706
v -54.9716 54.6977 -0.212205
v -54.5667 55.1338 -0.255812
v -53.6046 54.4197 -0.241566
v -53.6267 53.9911 -0.160448
v -55.4805 54.9893 -0.233243
v -55.5252 54.64 -0.166884
v -54.0524 55.1661 -0.258816
v -53.8839 54.9046 -0.253546
v -54.8135 54.084 -0.16547
v -52.1301 54.0433 -0.19765
v -52.2966 54.563 -0.218493
v -53.0815 55.241 -0.276371
v -52.8375 54.724 -0.278331
v -51.3763 52.6965 -0.143586
v -55.394 54.7123 -0.161943
v -55.0197 55.0193 -0.234138
v -52.9822 55.2346 -0.280194
v -55.2705 54.7876 -0.237807
v -56.092 53.468 -0.152019
v -56.5029 53.4743 -0.126709
v -52.4792 54.1071 -0.175133
v -53.662 55.15 -0.241191
v -56.539 54.7375 -0.245788
v -58.7287 51.6878 0.0202388
v -53.6092 53.4384 -0.116372
v -56.4159 50.9756 0.238546
v -55.0245 53.1154 -0.147205
v -54.6406 53.0628 0.00183112
v -55.1081 51.6405 -0.0693619
v -54.4812 53.4472 -0.159919
v -53.5604 54.2076 -0.245199
v -53.2353 54.1603 -0.225601
v -53.2815 53.9675 -0.195721
v -50.8929 52.7909 -0.111329
v -51.3049 52.533 -0.0988517
v -51.538 53.0584 -0.18504
v -52.6003 54.3698 -0.25778
v -53.9857 53.612 -0.174192
v -54.0913 52.9227 -0.117849
v -55.5457 53.9478 -0.219061
v -55.2176 53.7489 -0.162424
v -55.8254 53.4334 -0.171788
v -54.9031 53.9671 -0.212262
v -58.2554 50.0397 -0.242741
v -58.5532 50.7461 0.0312836
v -57.6949 51.3997 -0.30614
v -58.5266 51.0722 0.359917
v -57.0894 52.4419 -0.0867862
v -57.7973 52.2871 -0.0965238
v -56.8232 53.3262 -0.150172
v -54.4182 52.4993 -0.0723493
v -54.9306 53.6266 -0.153203
v -54.556 52.6167 -0.112308
v -54.8198 53.8065 -0.171582
v -54.4598 54.1164 -0.163601
v -53.4444 53.4263 -0.15482
v -53.6612 53.7613 -0.171953
v -53.4464 53.9022 -0.206151
v -53.8069 53.2966 -0.142791
v -52.0165 53.9852 -0.198195
v -52.3764 53.9557 -0.194511
v -54.7311 54.0698 -0.168224
v -55.512 53.2325 -0.12229
v -52.8968 54.2443 -0.216167
v -55.8048 53.2007 -0.132768
v -56.1214 52.1745 -0.0717056
v -52.481 53.8661 -0.210355
v -52.8498 53.7708 -0.166901
v -52.395 53.0747 -0.134952
v -52.9155 53.4994 -0.150677
v -52.7036 52.6091 -0.107742
v -56.0525 53.5465 -0.159339
v -55.6679 54.0979 -0.148624
v -58.8247 51.3362 -0.0117038
v -53.7702 54.1969 -0.161509
v -56.4445 53.3313 -0.117815
v -56.4343 53.9293 -0.18722
v -53.6863 52.6096 -0.0723177
v -54.1256 54.1933 -0.244035
v -58.5346 51.5711 0.337981
v -56.3679 50.1721 0.0715715
v -55.862 51.1944 0.164162
v -55.4479 50.1556 0.0276826
v -54.1259 53.0536 -0.178466
v -53.726 52.7321 -0.0751735
v -54.6673 53.3203 -0.181983
v -54.3504 53.1434 -0.113145
v -55.5871 51.3776 -0.026272
v -55.9111 52.0574 -0.0873339
v -55.1381 52.594 -0.0924372
v -55.0118 51.565 -0.0266988
v -54.8086 50.2121 0.0121683
v -57.6578 51.2247 0.00617986
v -57.5694 52.0184 -0.0351132
v -56.924 52.0342 -0.0346382
v -58.5425 50.9287 0.0366817
v -55.0346 53.1492 -0.226384
v -56.3498 53.6542 -0.1458
v -55.7994 53.5949 -0.177452
v -56.1672 53.3463 -0.182575
v -54.54 52.7595 -0.107911
v -51.8321 53.01 -0.167909
v -51.8762 52.1837 -0.0571901
v -52.3317 52.9119 -0.132659
v -54.4119 53.6262 -0.163247
v -54.9478 53.722 -0.193046
v -55.3083 52.9361 -0.156387
v -55.2606 53.7313 -0.158351
v -55.5201 53.3676 -0.135434
v -56.0691 52.7369 -0.254506
v -56.1946 51.7009 -0.165241
v -56.5885 52.1803 -0.205248
v -52.3043 53.5129 -0.170027
v -52.3546 53.2404 -0.160704
v -55.4894 53.6868 -0.142438
v -56.3905 51.4163 -0.132554
v -56.9736 51.5404 0.273432
v -56.3984 52.9458 -0.153143
v -56.9374 52.9078 -0.0626271
v -53.6268 53.7836 -0.151052
v -52.849 53.728 -0.174568
v -53.2275 53.5915 -0.202147
v -57.6996 52.0996 -0.00839485
v -53.8032 53.4538 -0.163712
v -53.5185 53.378 -0.139822
v -53.2527 52.8872 -0.116467
v -54.0186 53.7937 -0.174975
v -53.7539 53.7367 -0.180588
v -57.0949 51.454 0.0213842
v -57.4489 49.8094 0.0526935
v -56.1056 52.292 -0.0524025
v -56.7488 50.0114 0.0599884
v -55.9696 51.4849 -0.0132212
v -56.2424 52.9108 -0.0585932
v -56.0195 50.6014 0.0395113
v -55.3878 50.0413 0.00855445
v -56.5861 48.8273 0.139778
v -55.5764 51.2681 -0.0229388
v -54.8303 52.4613 -0.115606
v -54.6867 51.9131 -0.0839497
v -55.0639 51.4959 -0.0402281
v -54.4231 52.5461 -0.0925608
v -55.3751 52.5381 -0.0746828
v -55.5308 52.7095 -0.107018
v -55.3212 52.7192 -0.10598
v -54.5933 52.7706 -0.130818
v -55.1165 52.5145 -0.0820852
v -54.2861 53.06 -0.057367
v -53.9274 52.4872 -0.103368
v -54.8971 50.9311 -0.0349303
v -55.4549 49.281 0.0957408
v -55.5021 48.1129 0.150756
v -55.6695 52.8736 -0.12209
v -55.6862 52.2342 -0.0935869
v -56.7757 52.225 -0.0827967
v -57.0317 52.235 -0.0638645
v -56.5866 52.6989 -0.0571427
v -53.6686 52.6683 -0.151784
v -53.6153 51.9477 -0.0785996
v -53.5959 53.1126 -0.105714
v -53.6826 52.7559 -0.162708
v -55.701 50.0259 0.0607119
v -55.3782 50.636 -0.0407464
v -55.0758 51.5242 -0.0331342
v -54.7067 51.6636 -0.0581626
v -54.8455 47.4555 0.156641
v -54.3533 48.996 0.094147
v -53.7886 48.6287 0.12752
v -54.9059 52.1716 -0.0663548
v -55.6311 51.1087 0.0177918
v -56.0411 50.5606 0.0126069
v -55.3394 51.7016 -0.0447821
v -55.0904 52.1295 -0.1065
v -55.7479 51.4776 -0.0903787
v -56.408 49.9773 0.0304432
v -55.8272 52.0658 -0.0342769
v -56.0474 51.7658 -0.0046481
v -56.1831 51.1415 -0.0303433
v -56.7439 50.0458 0.0534807
v -56.9389 50.9435 -0.00379369
v -57.4044 49.9532 0.081294
v -56.24 51.741 -0.0176294
v -56.1923 52.0057 -0.03457
v -56.8932 51.2375 -0.0516417
v -57.1013 50.8874 0.0378162
v -56.0937 52.2588 -0.0490942
v -56.6593 51.9467 -0.0547618
v -54.8715 48.5456 0.144677
v -54.3681 48.903 0.0746452
v -55.4844 47.8595 0.179034
v -56.2877 50.6981 -0.00296768
v -55.8069 51.2845 -0.00560409
v -55.8438 50.9242 -0.0389998
v -54.1171 48.124 0.151601
v -55.3612 50.684 -0.00171315
v -54.8959 50.9339 -0.0240827
v -55.3374 50.0431 0.00284726
v -54.9802 51.1705 -0.0524987
v -55.6666 50.0143 0.0670638
v -54.6915 51.5543 -0.0222798
v -55.0732 51.3475 -0.0468881
v -57.3395 48.2106 0.0835594
v -57.3882 49.2195 0.1126
v -56.7526 49.984 0.0528079
v -57.4562 46.4345 0.0950313
v -58.1335 47.2288 0.239143
v -55.5648 51.1721 0.0913684
v -56.1477 50.3555 0.0644576
v -56.0496 51.3172 -0.098683
v -56.7409 50.6701 0.0547975
v -57.3424 49.8092 -0.0169754
v -54.8632 50.6054 0.0353749
v -54.5457 50.753 0.0179212
v -54.7785 50.3679 -0.0210115
v -54.8135 47.3525 0.0712801
v -55.6348 46.7072 0.147229
v -55.5573 47.9608 0.0927748
v -54.8923 49.7427 0.0831902
v -54.9957 50.0244 0.0642928
v -55.4055 49.9837 0.0647374
v -55.3802 50.4664 0.0384126
v -55.6928 50.1523 0.0379051
v -56.1719 50.0926 0.0594044
v -55.971 49.9628 0.0771349
v -56.2715 49.638 0.353955
v -56.1993 49.8889 0.065129
v -57.9069 46.8181 0.330567
v -59.4387 47.8211 0.690974
v -57.7063 48.3882 0.223562
v -55.941 50.8719 -0.0479041
v -56.4496 50.0849 -0.00449658
v -56.4245 50.6975 0.0361164
v -56.794 49.7313 0.0875077
v -56.7967 50.1527 0.0154659
v -55.6945 45.815 0.121704
v -55.4361 49.3652 0.117752
v -55.3867 49.7977 0.0364748
v -54.95 49.9414 0.039957
v -55.3895 50.0688 0.00252055
v -55.4653 49.8766 0.0267837
v -55.6518 50.1821 0.0728208
v -56.0868 50.1328 0.0223075
v -55.9972 49.8719 0.0568356
v -52.6382 49.962 0.0327855
v -52.8757 50.3375 0.0109308
v -52.5458 50.2291 0.0111383
v -54.7416 48.3235 0.0993864
v -54.1926 48.1628 0.147076
v -54.9163 49.3526 0.0454596
v -54.5369 49.4068 0.0770793
v -54.6056 49.1484 0.0912331
v -54.9463 48.5707 0.14487
v -54.8999 48.9248 0.0820316
v -55.476 48.8105 0.0985156
v -55.4825 48.1388 0.184957
v -57.4296 46.5818 0.241819
v -56.6309 46.6396 0.245911
v -57.7448 45.1658 0.417518
v -58.6088 45.5998 0.386853
v -54.9819 46.4528 0.222525
v -55.0081 44.5121 0.348813
v -55.7488 44.6869 0.280333
v -54.9614 47.6019 0.156966
v -55.6239 46.5789 0.252278
v -54.9294 48.3828 0.0774572
v -54.4734 48.617 0.101256
v -54.8874 48.1273 0.107672
v -55.5761 47.4 0.195461
v -56.5645 46.301 0.234913
v -55.3048 47.7978 0.1379
v -54.9532 47.5267 0.125834
v -54.5168 47.7787 0.131323
v -54.706 47.3732 0.169887
v -54.7676 46.1086 0.221935
v -55.6542 44.7627 0.348069
v -55.6173 45.8005 0.265396
v -54.7936 45.3876 0.264473
v -55.0707 44.0865 0.381753
v -54.984 46.7263 0.184032
v -54.9826 47.2141 0.117615
v -55.6046 46.6687 0.201672
v -55.1797 47.5477 0.145392
v -57.6053 44.1701 0.288074
v -56.9234 43.8768 0.380893
v -58.076 43.4158 0.414018
v -57.8088 45.0023 0.377681
v -55.0114 45.4085 0.293664
v -55.0192 44.1636 0.384127
v -55.7027 43.8073 0.362876
v -54.9865 46.6543 0.212242
v -54.5653 46.0841 0.256974
v -55.622 45.42 0.323679
v -54.9482 47.1719 0.203178
v -55.5973 46.2566 0.163033
v -57.5317 44.3992 0.325095
v -57.7547 42.8742 0.423779
v -58.8345 44.129 0.405121
v -57.5625 45.2853 0.237833
v -57.8144 45.0094 0.355553
v -55.0431 44.6674 0.292098
v -54.5496 44.527 0.292163
v -55.0452 44.0422 0.341351
v -54.8376 46.1958 0.229892
v -54.7545 45.7702 0.257336
v -55.1056 46.1025 0.249295
v -55.6728 44.7282 0.325716
v -55.3078 45.3777 0.288903
v -55.7193 45.0811 0.251444
v -56.0936 45.0047 0.323405
v -57.0877 43.0345 0.486637
v -57.5249 41.5654 0.535185
v -58.0834 41.5742 0.438576
v -51.5268 45.5416 0.273796
v -50.8623 45.1016 0.290832
v -50.9285 44.668 0.324859
v -52.8421 44.6412 0.291099
v -53.3933 44.9048 0.326375
v -53.2761 45.8049 0.274551
v -53.144 44.0467 0.35743
v -51.2261 38.9583 0.586657
v -51.4878 40.2684 0.508134
v -50.6321 40.8539 0.599057
v -55.094 44.109 0.309169
v -55.0105 43.4082 0.390596
v -55.7625 43.0224 0.454977
v -54.6779 44.4855 0.349206
v -54.843 45.1878 0.321497
v -54.9712 45.5378 0.316545
v -54.7008 45.5101 0.269761
v -54.6992 42.1486 0.451574
v -55.8081 41.833 0.579391
v -55.7396 43.877 0.322013
v -55.041 45.1677 0.319698
v -55.5151 45.0458 0.312614
v -56.8918 41.3412 0.446159
v -56.8735 40.7079 0.637734
v -57.5626 41.3701 0.502557
v -57.0179 41.9603 0.370854
v -55.6982 45.0761 0.307106
v -55.6492 45.5628 0.272434
v -55.2706 45.6701 0.267746
v -51.0348 42.1106 0.432624
v -51.5042 42.6453 0.433611
v -51.0105 42.4605 0.400067
v -54.7689 40.9662 0.466016
v -55.8036 40.6387 0.629422
v -54.9643 42.3847 0.445742
v -54.9489 43.4515 0.382487
v -54.5735 43.3949 0.404181
v -55.8422 42.2028 0.462703
v -55.0698 44.228 0.378775
v -55.7713 42.6366 0.341887
v -54.8315 44.1117 0.384498
v -54.8957 44.4998 0.283567
v -51.457 44.0015 0.353446
v -50.9408 43.0978 0.39805
v -51.796 43.7502 0.357848
v -56.3925 43.4436 0.405409
v -57.5299 42.163 0.470771
v -57.0566 43.3662 0.396906
v -54.8255 42.9878 0.336527
v -55.0182 43.1989 0.422771
v -54.4446 43.3337 0.384514
v -55.0411 43.0914 0.458772
v -50.6983 40.7081 0.657084
v -51.5622 41.9704 0.487481
v -50.6676 41.4162 0.610703
v -55.1331 41.1081 0.486108
v -54.711 40.5548 0.530332
v -55.8381 40.2941 0.596702
v -54.8851 42.2716 0.443247
v -55.2657 41.8568 0.460753
v -50.8547 42.5307 0.459593
v -50.5016 41.9909 0.543937
v -51.0606 42.1234 0.474469
v -57.0624 40.1538 0.465125
v -58.4312 39.3312 0.626746
v -57.6296 40.5782 0.502061
v -54.6868 41.5873 0.429872
v -55.4447 42.006 0.453318
v -54.2031 41.9098 0.460885
v -51.5481 38.3212 0.715006
v -51.2056 38.7599 0.782363
v -51.3476 41.2863 0.50767
v -52.0462 41.696 0.469673
v -51.0586 41.6419 0.585125
v -56.2356 40.4736 0.561986
v -55.8229 41.4228 0.489959
v -55.5085 41.2137 0.521737
v -55.7793 42.433 0.430685
v -55.7896 41.9222 0.439711
v -56.1341 42.0621 0.457243
v -54.9718 38.8581 0.806179
v -55.4619 38.4519 0.64605
v -55.0902 39.3556 0.65159
v -54.5405 40.0036 0.557723
v -54.7397 39.5431 0.579476
v -54.7465 40.0578 0.566498
v -51.4813 38.1787 0.665841
v -51.1759 38.3539 0.772251
v -51.2555 37.8534 0.739317
v -55.1133 40.2058 0.529553
v -55.6734 39.4738 0.591745
v -55.2482 40.5034 0.516898
v -54.6974 40.4127 0.515686
v -51.3993 39.0689 0.570081
v -52.0804 38.827 0.617666
v -55.8936 40.0626 0.550965
v -56.4697 39.0358 0.604879
v -56.678 39.6244 0.57739
v -58.1272 33.3468 1.07007
v -56.8701 34.9853 0.846263
v -56.7614 33.7442 1.0291
v -54.9242 39.4805 0.603552
v -55.4482 39.0061 0.665902
v -54.9121 39.7229 0.608571
v -55.1226 40.0412 0.58287
v -54.9371 39.9665 0.565006
v -55.3615 39.2295 0.632899
v -56.1708 38.0785 0.671257
v -56.5368 38.6226 0.638432
v -55.9444 38.8498 0.627598
v -49.8059 34.1568 0.759069
v -49.3308 34.4923 0.942156
v -51.229 34.1549 0.984103
v -51.0961 34.1744 0.88976
v -50.9628 35.3764 0.852519
v -54.2922 35.8571 0.836441
v -53.657 36.7106 0.760104
v -53.4245 35.4768 0.795854
v -54.2452 37.4488 0.728577
v -54.9264 35.5893 0.870304
v -55.3011 35.1262 0.837851
v -55.0981 36.1322 0.834523
v -54.8202 36.2172 0.815945
v -55.7101 35.4884 0.903415
v -55.3051 36.8727 0.764751
v -54.8889 37.6441 0.722732
v -55.9947 37.0143 0.778937
v -55.3198 38.2672 0.702818
v -56.0087 37.2042 0.738584
v -56.6403 37.0214 0.738819
v -55.965 37.5836 0.721509
v -58.4475 32.9007 0.955993
v -60.3858 33.0348 0.878354
v -58.9247 33.5342 0.929273
v -59.4901 33.8095 0.944477
v -53.5423 35.0112 0.925782
v -51.1828 35.0949 0.859664
v -51.1635 34.1655 0.937238
v -52.051 35.7368 0.838642
v -53.9981 36.4941 0.786765
v -53.5752 35.4637 0.857118
v -54.2489 35.5983 0.763893
v -54.5841 34.2613 0.977728
v -54.4694 35.78 0.833367
v -53.8781 34.6959 0.91419
v -54.6795 36.2077 0.709194
v -54.9443 36.5386 0.772336
v -54.8595 34.7498 0.906492
v -55.6382 34.7285 0.878543
v -55.1556 36.1803 0.807641
v -55.6075 34.2943 0.930622
v -56.2047 34.0316 0.943307
v -55.7513 35.5031 0.830797
v -55.5441 36.0083 0.816143
v -55.8364 35.9538 0.795921
v -56.0334 35.7108 0.862194
v -56.9689 33.6496 0.96043
v -57.3255 34.251 0.927454
v -56.8295 35.2332 0.867796
v -55.3942 36.5959 0.806639
v -56.1111 36.0988 0.78639
v -57.0862 35.2741 0.84329
v -57.2713 34.7841 0.908799
v -57.9692 34.841 0.853915
v -57.3115 35.5954 0.825369
v -52.7327 35.2505 0.85942
v -52.5111 34.252 0.914518
v -53.0558 34.7676 0.864056
v -53.3411 36.3937 0.827134
v -53.4581 35.6414 0.811804
v -53.6472 36.4148 0.787424
v -53.5329 34.9368 0.907765
v -51.9789 34.4005 0.916477
v -51.1711 34.0752 0.908573
v -51.212 33.6898 0.974725
v -55.237 34.5296 0.957632
v -54.9785 35.2817 0.898836
v -54.8692 34.8304 0.935152
v -52.5818 34.2656 0.938455
v -51.4165 33.3518 1.01217
v -52.9697 35.0977 0.887889
v -53.5316 35.1008 0.927078
v -53.9259 34.7767 0.96216
v -54.1301 35.2892 0.953893
v -53.3788 34.6142 0.986037
v -54.8289 33.7903 0.933331
v -55.2478 33.3316 0.93244
v -51.8152 33.0913 1.04144
v -54.5764 35.0993 0.902634
v -54.9941 35.549 0.879795
v -54.777 35.6192 0.873997
v -55.1426 35.3497 0.865754
v -55.2153 35.6896 0.848634
v -55.6443 34.7217 0.875403
v -55.4834 34.9763 0.903845
v -55.4365 35.6131 0.861891
v -56.0433 33.1954 1.04317
v -56.2084 34.0681 0.955567
v -53.2869 35.613 0.875319
v -53.3036 35.1881 0.87766
v -55.8402 35.4559 0.93423
v -56.1106 34.8433 0.921944
v -56.077 35.1722 0.849712
v -56.1339 35.4772 0.854043
v -56.4381 35.333 0.890847
v -56.6124 34.4729 0.941133
v -55.7311 35.6311 0.903626
v -56.9706 33.6951 0.982336
v -52.4899 33.7724 0.967545
v -52.7247 34.3303 0.996821
v -56.2428 35.6769 0.826966
v -56.7205 34.4656 0.92429
v -57.5689 33.5893 1.0364
v -57.3793 34.3168 0.911976
v -58.4119 33.4578 0.956937
v -54.3805 34.7328 0.93112
v -54.3756 35.1559 0.884077
v -53.562 35.4393 0.855014
v -56.8177 35.1826 0.884388
v -53.8908 35.4807 0.851801
v -54.0194 35.5234 0.809814
v -54.3939 35.6671 0.84301
v -54.7252 34.4954 0.956576
v -57.1515 27.5904 1.41166
v -55.867 28.7113 1.22708
v -55.445 28.1339 1.22778
v -56.1036 34.6091 0.921884
v -55.7975 34.3117 0.948894
v -56.1829 34.1996 0.953087
v -55.4168 32.984 1.01699
v -55.3857 33.5828 0.947287
v -54.9616 32.8095 1.02805
v -55.58 33.488 0.969787
v -53.7824 33.8018 0.972289
v -54.0211 33.3924 1.01134
v -54.3296 34.353 0.938909
v -55.2319 34.2244 0.940736
v -55.1586 34.5885 0.929726
v -54.8469 34.0313 0.934237
v -55.6346 32.9991 1.02279
v -56.1276 33.1053 1.03949
v -55.8574 33.4701 0.99632
v -55.4563 34.2535 0.94306
v -56.2115 33.8295 0.972039
v -56.4341 32.7943 1.03566
v -56.6992 33.668 0.975501
v -52.33 33.7441 1.01849
v -52.5601 33.5214 1.03819
v -53.0746 34.1927 0.943414
v -54.0176 34.7395 0.93505
v -53.6908 34.3092 0.938464
v -54.2093 34.3265 0.904103
v -57.1771 32.5974 1.00508
v -56.505 34.2089 0.95242
v -56.5765 34.624 0.961736
v -53.1739 34.7173 0.882852
v -53.3783 34.2104 0.929276
v -57.6673 31.6537 1.08317
v -58.2403 31.6582 1.0996
v -57.7822 32.4745 1.07212
v -56.9579 33.8479 0.977682
v -56.7144 34.2989 0.900971
v -56.8376 34.2703 0.953063
v -57.5595 33.6538 1.01458
v -57.3726 34.1648 0.964184
v -52.7293 33.1353 1.02154
v -53.0865 33.1023 1.04614
v -53.1239 33.6426 0.975401
v -53.6645 33.8892 0.944582
v -56.6221 34.6493 0.96646
v -57.1496 34.4145 0.917324
v -58.8117 32.5267 1.07407
v -59.2179 31.4518 1.08959
v -59.2749 32.0019 1.0959
v -55.0034 33.8454 0.962067
v -58.3163 32.6713 1.06956
v -58.1726 33.2877 0.980235
v -54.3252 34.7257 0.923322
v -54.5376 34.6141 0.92813
v -54.0992 29.039 1.24821
v -53.89 30.672 1.17519
v -53.436 29.5772 1.22355
v -54.7428 30.2677 1.16612
v -54.6882 33.9194 0.967412
v -54.3212 33.052 1.04149
v -54.6038 34.3915 0.932702
v -54.7046 34.5978 0.958785
v -56.5487 33.1976 0.985265
v -56.3536 33.2081 1.02126
v -56.6184 33.062 1.01823
v -55.8017 32.4249 1.0776
v -55.434 32.9249 1.02641
v -55.5001 32.3428 1.05921
v -55.0844 32.7213 1.03709
v -55.4708 33.2217 1.02732
v -55.305 33.3766 0.99458
v -55.8053 33.0215 1.00954
v -56.2043 33.0016 1.04409
v -55.7882 33.4275 1.00279
v -56.188 32.5664 1.03814
v -56.4065 32.718 1.01506
v -56.799 31.1676 1.11701
v -57.1962 30.4157 1.14582
v -57.5784 30.9503 1.13037
v -56.6344 32.4889 1.05086
v -52.9656 32.9151 1.04547
v -52.5865 32.3984 1.06613
v -53.2194 32.8198 1.04133
v -57.6812 32.1045 1.03988
v -57.3366 32.0393 1.06685
v -57.815 31.5361 1.0815
v -57.2473 33.2138 0.944555
v -56.9064 33.1962 0.988689
v -57.0632 33.3182 1.06042
v -53.0712 32.3795 0.99539
v -53.8613 33.0549 0.986445
v -53.2911 32.4495 1.11211
v -53.6932 32.578 1.03249
v -58.2958 31.2669 1.13058
v -54.2345 33.3969 0.994038
v -53.976 33.3685 0.992224
v -54.3209 32.9575 1.03586
v -53.965 32.7279 0.994907
v -53.9734 32.4738 1.03284
v -54.4276 33.2594 1.00084
v -54.5251 32.7486 1.04837
v -54.1029 29.0882 1.2836
v -53.3981 29.5279 1.22196
v -53.5576 27.8628 1.31553
v -54.4797 31.1767 1.11566
v -54.7537 30.2095 1.26232
v -55.1212 30.9409 1.10823
v -54.8734 32.4736 1.05608
v -55.2882 31.9967 1.05927
v -56.4959 29.5764 1.19227
v -55.6648 29.6856 1.18277
v -55.8626 29.1266 1.24455
v -54.9292 28.7169 1.32236
v -55.5043 30.3023 1.21536
v -55.7772 31.1313 1.1342
v -55.7658 31.5671 1.11323
v -55.599 31.4009 1.13092
v -49.4628 27.999 1.42672
v -49.2713 27.3392 1.51792
v -49.9536 27.7958 1.39522
v -56.4106 28.6154 1.32699
v -57.5184 27.7778 1.34521
v -53.683 31.595 1.10331
v -54.1213 31.8199 1.08057
v -54.0969 32.1937 1.05533
v -56.2856 31.0475 1.15165
v -56.7146 30.8372 1.12776
v -56.3715 31.7318 1.09371
v -56.8425 30.8152 1.16481
v -56.5535 30.3616 1.18381
v -57.2247 30.2249 1.20115
v -57.6149 30.0836 1.24764
v -57.2807 30.7425 1.13544
v -58.187 30.02 1.22569
v -57.7007 30.7965 1.13538
v -58.5273 28.2519 1.3089
v -59.1078 28.6699 1.27057
v -57.9242 31.9436 1.04958
v -57.9206 31.6576 1.10706
v -58.0373 31.7845 1.11496
v -57.3615 32.0226 1.09672
v -55.2644 32.1471 1.05408
v -55.2969 31.8676 1.09589
v -55.4847 32.2742 1.1043
v -59.1931 29.1599 1.22362
v -60.2495 28.3927 1.25502
v -59.1679 30.0268 1.15696
v -58.6951 29.8597 1.24435
v -57.4014 31.7243 1.08952
v -57.8482 31.1152 1.11434
v -57.7301 31.6444 1.14287
v -58.1027 31.3464 1.19605
v -56.9417 27.3731 1.3736
v -56.0572 26.6387 1.4069
v -56.866 25.2501 1.54629
v -50.8849 26.4164 1.44785
v -52.6477 26.7526 1.37144
v -52.0194 27.194 1.36421
v -56.2767 28.9383 1.30585
v -56.507 29.5553 1.20559
v -56.0505 29.9558 1.21356
v -55.8106 29.1304 1.26316
v -56.3566 30.345 1.18291
v -56.854 29.0455 1.27013
v -56.5634 28.8175 1.27947
v -56.9413 29.9857 1.24053
v -56.7669 30.7822 1.1839
v -56.3017 30.7708 1.16616
v -56.6407 30.346 1.20659
v -53.9697 30.0828 1.21264
v -53.5105 30.0661 1.24958
v -53.4397 29.4025 1.28845
v -56.82 30.8045 1.1998
v -57.2539 30.1566 1.18243
v -57.2954 30.7114 1.16481
v -57.9351 27.458 1.32726
v -58.7249 25.7176 1.54998
v -58.6303 27.0738 1.40558
v -57.1742 29.8706 1.23137
v -57.5906 29.9808 1.24822
v -57.5142 30.2911 1.20976
v -57.8324 29.3092 1.2625
v -58.3829 28.8774 1.30534
v -58.2003 29.5891 1.26318
v -57.9156 30.2663 1.15761
v -58.2675 29.9811 1.21775
v -54.1441 29.1591 1.32244
v -54.6107 28.4085 1.31342
v -54.9851 29.6966 1.24558
v -57.4576 30.6306 1.14784
v -57.5797 30.2832 1.20688
v -53.9423 29.5356 1.20154
v -53.7504 28.66 1.30712
v -57.7281 30.619 1.13727
v -58.5942 29.7174 1.26769
v -59.0935 28.6992 1.29319
v -59.1897 29.1584 1.24525
v -58.3698 30.1332 1.17718
v -57.9101 30.6985 1.16237
v -54.7119 30.026 1.2059
v -55.1429 30.3737 1.24995
v -54.7894 30.3862 1.17753
v -55.3659 30.22 1.16474
v -55.9524 30.5932 1.16916
v -55.806 30.793 1.16217
v -55.4853 29.5471 1.24745
v -55.3214 28.6206 1.33671
v -57.4877 28.9319 1.28552
v -57.7481 29.0532 1.26479
v -57.4351 29.3657 1.26964
v -57.89 28.6914 1.3548
v -56.712 29.2685 1.32049
v -56.8487 28.4259 1.35603
v -57.2131 28.8261 1.28696
v -56.4591 28.4978 1.33606
v -56.1887 29.2278 1.29579
v -56.8984 27.1352 1.40986
v -57.3542 28.1922 1.33402
v -54.7219 29.2828 1.29187
v -54.2475 28.9807 1.22068
v -54.4936 28.7174 1.32454
v -53.6488 28.5754 1.25775
v -54.0838 29.2131 1.29924
v -57.5048 28.1688 1.33937
v -56.95 29.4296 1.26572
v -56.3229 29.6046 1.26195
v -54.4399 29.5021 1.20607
v -56.043 29.4564 1.21443
v -57.9787 27.4621 1.39574
v -58.6438 26.4632 1.4371
v -58.7295 27.0081 1.4069
v -59.5228 25.9421 1.49474
v -53.8996 28.5059 1.34024
v -53.6453 27.86 1.35068
v -57.8198 29.3767 1.31292
v -57.9029 28.9423 1.25009
v -54.7756 28.5183 1.3033
v -54.4621 27.8862 1.33951
v -54.8419 28.9223 1.25208
v -60.4841 25.6988 1.63742
v -59.8589 26.7347 1.3756
v -58.9035 26.9783 1.40102
v -58.3874 28.8795 1.32194
v -54.9369 28.6085 1.30567
v -55.1589 28.9538 1.30589
v -59.8395 27.0172 1.43069
v -60.1976 27.2568 1.37176
v -59.1745 27.9956 1.29228
v -58.5342 29.0721 1.26657
v -58.2974 29.2583 1.26793
v -56.5055 27.1218 1.41247
v -55.9108 27.1911 1.37724
v -56.0243 26.6731 1.41458
v -55.7372 28.4033 1.34889
v -55.3197 28.7167 1.29637
v -55.1659 27.6673 1.3401
v -55.5353 29.563 1.27846
v -55.4292 28.8569 1.27223
v -52.8431 23.3951 2.48174
v -53.6709 23.4301 1.69283
v -52.4724 22.8125 1.78776
v -55.9277 29.1162 1.32568
v -55.7546 27.7088 1.37987
v -56.0296 28.3232 1.33492
v -51.8544 22.9432 2.64377
v -53.4504 22.0577 2.73968
v -52.3022 22.9176 2.10263
v -51.875 23.2743 1.97765
v -55.0697 26.6051 1.40707
v -55.8073 27.443 1.38848
v -55.3667 27.6242 1.41228
v -56.9077 24.9136 1.51833
v -57.1846 25.6925 1.44475
v -56.7281 25.8105 1.4595
v -57.4734 25.3121 1.50807
v -56.2551 26.7942 1.39918
v -56.1323 25.3866 1.51764
v -54.5593 27.1904 1.3825
v -55.1412 27.4718 1.41671
v -55.1877 27.9205 1.31868
v -57.3366 27.0184 1.40513
v -56.6495 27.3088 1.39082
v -57.0833 27.7489 1.2647
v -52.6983 25.809 1.5543
v -52.475 24.8232 1.58378
v -53.576 26.0568 1.38827
v -56.5369 28.1088 1.41455
v -56.5615 28.3875 1.34305
v -56.4081 28.3877 1.3336
v -56.688 27.9575 1.37442
v -56.6911 28.1623 1.31648
v -57.0086 28.2526 1.35184
v -57.4736 27.3825 1.33491
v -57.7939 26.48 1.46708
v -57.5273 27.7899 1.32328
v -57.3263 28.2554 1.36892
v -58.3984 26.198 1.46334
v -57.8685 27.2504 1.36442
v -58.4188 25.439 1.55365
v -58.0028 27.4929 1.29521
v -57.7217 28.2753 1.31921
v -58.2827 27.7475 1.32242
v -54.3778 28.0294 1.3767
v -54.2068 27.6262 1.35151
v -54.548 27.8937 1.36606
v -59.4525 24.8928 1.57064
v -58.4501 26.3825 1.39806
v -59.1322 26.1445 1.42262
v -58.2829 26.8732 1.36545
v -53.5887 26.7551 1.35219
v -58.8211 26.8466 1.41793
v -54.4602 26.2656 1.42344
v -54.0765 27.2187 1.33684
v -55.5 27.8455 1.40153
v -59.4437 26.4658 1.43957
v -58.9424 27.3931 1.35111
v -58.9148 27.1187 1.39969
v -59.4634 26.8962 1.44944
v -58.5615 27.9327 1.32363
v -58.9379 27.5848 1.37718
v -58.7365 28.0337 1.34392
v -53.5074 25.8499 1.46075
v -53.5783 24.8729 1.48976
v -54.6904 25.6563 1.42893
v -55.9109 27.2662 1.39557
v -56.135 27.8769 1.36473
v -56.0035 27.8405 1.34626
v -55.294 26.5537 1.43843
v -56.048 26.9048 1.44372
v -52.5591 22.1444 2.74473
v -52.6128 22.9258 1.81043
v -52.2401 23.1058 2.2076
v -53.2038 25.0319 1.44299
v -53.4968 25.8912 1.49075
v -53.2762 21.7582 1.84418
v -54.6475 23.2923 1.64876
v -54.7435 24.8753 1.43602
v -53.4666 21.3949 2.83122
v -55.4249 24.8758 1.52353
v -55.2008 25.5214 1.38445
v -54.2288 25.967 1.45395
v -54.4201 26.7939 1.43822
v -56.2773 25.7683 1.45923
v -55.9818 26.2576 1.52567
v -54.979 26.4839 1.4023
v -54.6548 26.6178 1.42017
v -55.3216 27.3313 1.38454
v -56.973 26.3882 1.44219
v -56.8313 25.088 1.47695
v -57.5583 25.4614 1.52481
v -57.4307 26.4439 1.45784
v -56.9877 26.9783 1.38514
v -56.9398 27.3553 1.32013
v -56.6551 27.3343 1.40959
v -57.471 27.4211 1.41328
v -57.3822 26.7827 1.43587
v -57.703 26.6087 1.40099
v -57.747 26.3554 1.3991
v -58.4982 22.7789 1.7022
v -58.6123 21.7506 1.80437
v -59.5616 22.1437 1.68235
v -58.4161 25.4214 1.55666
v -58.206 24.4158 1.40142
v -58.2193 26.3137 1.44617
v -55.0236 27.3038 1.31526
v -58.0512 26.799 1.436
v -57.8184 27.3842 1.43284
v -58.3864 26.1983 1.46035
v -58.7357 25.7005 1.58631
v -58.3335 26.754 1.37119
v -58.5587 26.6227 1.46208
v -58.2001 26.9875 1.35151
v -58.5358 27.0485 1.42475
v -53.5458 24.8848 1.49527
v -54.2275 24.887 1.52042
v -54.3159 25.6125 1.43236
v -55.8648 27.2031 1.34265
v -55.2995 26.552 1.44914
v -55.588 26.2269 1.39007
v -58.9764 26.2566 1.47614
v -55.4439 27.5968 1.31782
v -58.7455 26.9336 1.46659
v -58.6789 27.22 1.40874
v -59.5703 25.9216 1.48425
v -60.4498 24.591 1.59095
v -61.267 24.0227 1.5943
v -60.7419 25.0692 1.5007
v -59.4659 26.4603 1.42834
v -59.8401 25.9993 1.45197
v -55.5711 27.2237 1.4086
v -55.5203 27.5573 1.37133
v -58.8813 27.1721 1.42781
v -56.067 27.5978 1.39812
v -55.8123 27.4723 1.40787
v -54.7056 25.7047 1.43041
v -56.5508 27.0562 1.42411
v -56.073 26.7578 1.41759
v -56.4607 26.6167 1.43178
v -56.3556 27.5333 1.36667
v -56.0209 26.9249 1.39797
v -56.4479 27.5439 1.3909
v -56.696 26.1085 1.44859
v -56.5871 25.2677 1.48546
v -56.6165 27.0826 1.38551
v -56.5176 24.771 1.55318
v -53.3717 22.9755 2.20851
v -52.796 22.877 2.24788
v -53.1194 21.625 2.0882
v -52.2165 23.1015 1.88852
v -51.6388 21.763 2.92229
v -53.1113 21.2414 3.14177
v -53.6734 23.4501 1.53605
v -56.9341 25.648 1.53273
v -57.4644 25.2529 1.52445
v -57.3835 25.7623 1.4852
v -53.8963 21.1918 1.68211
v -54.3825 22.3709 1.60208
v -54.3997 25.127 1.53004
v -55.0303 25.6458 1.515
v -54.7088 25.7002 1.43796
v -58.1118 21.5749 1.6857
v -59.4991 21.8272 1.79793
v -59.0704 21.4539 1.5882
v -55.2671 26.1176 1.4427
v -55.4211 25.7026 1.48629
v -54.9173 25.0354 1.51419
v -58.4623 25.3349 1.56077
v -58.3943 24.6731 1.58012
v -59.1032 24.1885 1.57732
v -55.9395 26.3385 1.45687
v -55.6164 25.9892 1.45439
v -55.9351 25.9367 1.41632
v -55.6196 26.2806 1.42845
v -55.4772 26.1546 1.46484
v -58.0056 25.8541 1.49907
v -58.4456 25.6406 1.45391
v -55.3544 26.337 1.44544
v -53.2976 23.6154 1.47365
v -54.4319 24.8855 1.47658
v -58.8682 25.1744 1.44061
v -58.0581 25.9648 1.47484
v -58.6995 25.8359 1.54434
v -55.5468 25.3244 1.53323
v -55.3398 24.7973 1.53733
v -56.0948 26.3171 1.46671
v -56.4887 26.113 1.47515
v -60.7629 23.7261 1.62164
v -61.3547 22.0406 1.73616
v -61.4861 23.0577 1.71939
v -54.8047 23.8207 1.53409
v -55.6826 24.1083 1.57158
v -55.5808 24.8227 1.53128
v -56.7308 26.1003 1.44928
v -56.5923 25.5961 1.40984
v -56.507 25.9323 1.52158
v -56.0755 25.3785 1.49612
v -56.3576 25.1621 1.60852
v -56.2381 25.7408 1.46279
v -56.619 25.3258 1.50856
v -56.5633 24.7015 1.56267
v -56.8739 25.1609 1.52262
v -56.8125 24.5926 1.55705
v -52.0392 21.3057 3.08716
v -53.2473 21.5501 2.71607
v -51.8001 21.9864 2.85189
v -53.3068 21.8259 1.80956
v -53.2866 22.6513 1.55551
v -52.9055 23.0192 2.27479
v -53.7922 20.9311 1.62978
v -53.9805 22.44 1.64818
v -54.7167 24.5244 1.50795
v -54.9719 24.1848 1.52736
v -55.0463 24.7847 1.52385
v -53.1346 23.0792 1.63025
v -57.4963 25.3275 1.50974
v -57.3637 25.1581 1.52032
v -57.7153 25.0798 1.53841
v -58.2559 24.9159 1.53415
v -58.6896 23.6601 1.59959
v -58.9345 24.566 1.57631
v -58.4465 25.2367 1.55568
v -54.8337 24.9957 1.47641
v -54.707 24.664 1.51602
v -55.495 25.2644 1.50564
v -55.3963 25.5812 1.46239
v -55.6334 25.6921 1.48997
v -58.9337 25.1943 1.55014
v -59.0938 24.6305 1.58803
v -55.7145 25.3083 1.47834
v -55.8405 25.8195 1.46616
v -56.0518 25.3669 1.50069
v -56.2756 25.6874 1.49288
v -56.0761 25.7872 1.52938
v -56.3143 25.2397 1.4869
v -55.4187 24.8125 1.51298
v -56.7853 25.2822 1.51955
v -56.9133 25.5514 1.48858
v -56.6203 25.5343 1.52636
v -55.7192 24.8176 1.50166
v -56.4662 25.6588 1.46383
v -54.0132 20.0162 1.66381
v -55.5819 24.2875 1.58535
v -55.504 23.612 1.6041
v -55.8693 23.6607 1.54817
v -56.2574 24.949 1.55184
v -56.5371 25.2664 1.51093
v -56.5122 24.5883 1.52163
v -55.0482 22.5542 1.54889
v -55.9238 22.8246 1.6072
v -56.6622 24.6441 1.50831
v -57.1132 24.8943 1.52665
v -57.1195 24.6711 1.57005
v -53.0023 21.0483 3.16612
v -52.9559 20.3404 3.2534
v -55.8531 23.8687 1.54899
v -55.606 23.8532 1.57544
v -55.5452 23.3902 1.62189
v -54.5672 23.1917 1.6117
v -54.0136 22.4483 1.59246
v -54.4568 22.5195 1.64195
v -58.4105 24.3305 1.60896
v -57.8694 24.3737 1.56772
v -58.3104 23.9716 1.58194
v -58.4535 23.3573 1.68618
v -58.5077 22.5985 1.68785
v -58.9324 22.8522 1.64692
v -53.4266 22.2531 2.62545
v -52.2605 21.2574 3.14404
v -54.3474 23.0903 1.56106
v -53.9677 22.8444 1.57949
v -53.286 21.5743 1.82659
v -55.3756 23.5523 1.60299
v -54.9995 22.2567 1.68038
v -56.5138 24.5915 1.51801
v -56.2679 24.5994 1.53378
v -56.2221 24.4878 1.53061
v -55.3264 22.0975 1.67027
v -55.9206 22.8529 1.60599
v -56.1356 23.8557 1.56668
v -55.8864 21.3152 1.71033
v -53.4054 18.7518 2.66418
v -53.0624 18.2525 2.12336
v -53.1267 18.8809 2.3031
v -54.3055 21.4337 1.59539
v -54.6518 22.3409 1.62827
v -53.8415 21.707 1.63527
v -55.1539 22.3103 1.65055
v -58.3701 22.9346 1.6438
v -58.8302 22.2083 1.67515
v -58.7853 22.8628 1.65307
v -55.8247 23.2069 1.57757
v -55.7514 22.7217 1.63095
v -56.0661 22.9455 1.6176
v -55.4794 22.5005 1.62913
v -55.3718 22.8821 1.60657
v -58.5918 21.5299 1.74277
v -58.6041 22.3608 1.71651
v -58.167 22.3102 1.69821
v -59.1842 21.4622 1.75719
v -55.712 23.5275 1.5946
v -55.2946 22.9403 1.61191
v -56.1778 23.6419 1.60014
v -53.9662 20.0434 1.63506
v -53.1045 20.1211 1.85988
v -59.8146 20.7005 1.82409
v -59.7815 19.8024 1.86643
v -60.4838 19.2637 1.91613
v -58.5205 23.3576 1.66374
v -59.6181 21.5614 1.72078
v -59.1729 22.6857 1.70513
v -53.1652 18.8894 1.95002
v -55.552 21.8362 1.68171
v -55.436 21.3604 1.70701
v -55.9252 21.7962 1.66562
v -55.9516 21.3139 1.73146
v -56.1623 23.4806 1.59402
v -56.4034 23.1469 1.60374
v -58.0879 21.2278 1.72149
v -57.6985 20.2524 1.77272
v -58.4397 20.6124 1.77109
v -53.9831 19.239 1.7416
v -53.8658 20.0522 1.65705
v -52.815 18.0038 2.06602
v -53.2078 19.6535 1.92923
v -55.6415 20.2925 1.75662
v -56.263 20.2121 1.78401
v -55.9186 20.5921 1.73353
v -56.6553 21.9918 1.68174
v -55.8957 21.3428 1.67972
v -58.5989 21.9106 1.70889
v -58.2573 21.9861 1.70233
v -58.5433 21.5265 1.73489
v -59.1731 20.4865 1.79442
v -52.6649 18.22 2.90327
v -54.8186 20.8941 1.6684
v -58.407 22.5008 1.68226
v -58.7931 22.2316 1.65415
v -59.0547 22.3382 1.68609
v -59.2317 20.8686 1.78381
v -59.6843 20.2715 1.85191
v -59.7805 20.6998 1.82639
v -59.1455 21.9216 1.70179
v -55.8951 21.8419 1.67945
v -55.6104 21.9125 1.6527
v -55.4021 21.3728 1.70601
v -56.5605 22.6739 1.64931
v -56.8731 22.7657 1.63932
v -56.3012 22.8441 1.61563
v -56.5698 22.477 1.65369
v -59.1117 22.3239 1.70107
v -59.5484 21.6172 1.73822
v -59.9489 21.6916 1.72883
v -60.8992 17.9434 1.90627
v -61.443 18.2607 1.93217
v -60.4119 19.6694 1.87682
v -60.3783 20.7933 1.79511
v -61.3664 19.1953 1.84375
v -61.606 19.899 1.8816
v -52.6589 17.7783 2.53299
v -55.2303 20.3072 1.75081
v -56.4179 22.0527 1.67004
v -56.2275 22.5672 1.64341
v -56.7334 22.4624 1.66049
v -57.0179 22.5497 1.65029
v -56.986 22.3737 1.67568
v -56.7367 21.3471 1.76085
v -56.9085 21.6252 1.70284
v -57.362 22.5693 1.66189
v -56.7112 20.538 1.79202
v -56.5766 19.8912 1.81665
v -57.1646 20.1888 1.7881
v -57.9923 16.8309 1.97557
v -57.986 18.6562 1.85804
v -57.263 18.2838 1.84369
v -58.0855 21.2258 1.72146
v -58.0954 20.9352 1.74728
v -58.4772 21.0226 1.74805
v -58.4643 20.2832 1.78004
v -58.6822 19.7618 1.80015
v -58.7034 20.5877 1.77941
v -59.3818 19.7229 1.83004
v -54.8683 20.0857 1.72983
v -54.033 19.3596 1.7729
v -54.4518 19.1782 1.76747
v -58.381 20.5683 1.78145
v -59.223 20.4937 1.78235
v -59.7557 19.6866 1.85245
v -60.8576 18.0308 1.92026
v -61.5022 18.0696 1.9472
v -60.466 19.5289 1.84173
v -56.0895 20.6056 1.7275
v -55.6862 20.218 1.75888
v -55.678 19.5751 1.7963
v -59.4902 20.5582 1.77957
v -60.0424 19.7835 1.85046
v -60.0063 20.5868 1.80482
v -59.6065 20.8883 1.7762
v -61.5413 18.9235 1.90456
v -57.9975 20.0926 1.78034
v -57.7232 20.9083 1.74698
v -57.6999 20.2273 1.79951
v -53.4761 17.0795 1.82399
v -52.5703 16.0452 1.93564
v -53.6059 16.4805 1.92678
v -52.3253 16.5917 1.97177
v -54.1577 18.557 1.79538
v -55.074 18.861 1.81834
v -55.2404 19.4381 1.79467
v -56.3914 19.104 1.82078
v -56.7943 18.7053 1.8372
v -56.7523 19.9134 1.77348
v -55.7028 19.566 1.7824
v -56.5578 19.8086 1.78454
v -56.015 19.5964 1.7656
v -55.8774 18.8038 1.80501
v -56.7198 20.2637 1.7817
v -54.1206 16.1213 1.99833
v -54.4881 17.3105 1.89215
v -54.8951 17.2153 1.86937
v -54.6291 15.5692 2.01904
v -55.2002 18.6698 1.81365
v -56.8424 20.4959 1.7317
v -57.0144 20.394 1.76138
v -57.4959 19.487 1.83844
v -57.8535 19.3204 1.80864
v -57.7916 19.8287 1.80262
v -58.211 18.9864 1.82952
v -58.1963 19.8126 1.80591
v -58.4921 18.7189 1.86399
v -58.8141 18.2624 1.89061
v -59.0238 18.8927 1.88743
v -58.6642 19.8271 1.80083
v -58.5404 20.2147 1.79157
v -59.1104 19.8071 1.82674
v -59.7521 18.9765 1.88521
v -60.2387 17.9306 1.9428
v -60.3589 18.4986 1.87093
v -59.7418 19.72 1.86516
v -59.8413 19.7255 1.80131
v -59.6687 19.8035 1.81666
v -60.8707 18.0823 1.92598
v -61.2024 16.7728 2.02619
v -61.6342 17.1737 1.99932
v -61.7628 17.2833 2.0195
v -61.5691 17.9718 1.96017
v -60.4258 19.2318 1.89919
v -55.8619 15.5151 2.0183
v -55.0458 14.8255 2.00341
v -55.341 13.5926 2.06132
v -56.3626 18.3902 1.86935
v -55.6982 17.3272 1.8983
v -56.3923 17.4534 1.89496
v -56.4246 18.8438 1.83335
v -56.1798 18.9837 1.81854
v -55.9315 18.6048 1.84288
v -56.4439 19.3017 1.81542
v -58.217 18.6721 1.86401
v -58.1117 17.9809 1.89625
v -58.3873 17.9559 1.93085
v -59.045 17.5069 1.92845
v -58.5637 17.0374 1.94109
v -59.065 16.418 2.00848
v -58.9158 15.5554 2.07204
v -58.8072 18.7746 1.8322
v -58.7079 18.6181 1.87484
v -59.0807 18.5756 1.91994
v -59.3916 17.53 1.94696
v -59.5554 18.4255 1.9171
v -55.6856 15.9554 1.97664
v -56.0591 18.2117 1.86478
v -54.9212 15.348 1.99251
v -59.4711 18.6385 1.89963
v -59.6448 18.4137 1.88505
v -59.9136 18.5644 1.91544
v -56.854 17.5995 1.94064
v -56.8173 18.4619 1.8647
v -56.8631 19.2104 1.81517
v -60.6588 17.3048 1.92719
v -61.7369 16.1929 2.09551
v -61.6869 16.8122 2.00979
v -56.742 18.9814 1.83121
v -57.2302 19.2642 1.81968
v -57.966 18.7287 1.85354
v -58.2577 19.0275 1.85699
v -57.875 19.1099 1.8431
v -54.4384 15.9055 2.02374
v -54.589 15.2926 2.04351
v -55.1457 16.2657 1.95825
v -58.954 15.1762 2.10647
v -58.3253 15.9424 2.00364
v -57.9391 14.0823 2.10354
v -58.3982 16.8345 1.98311
v -58.0434 17.1472 1.9596
v -57.8712 16.4714 1.99572
v -58.5641 17.0317 1.98701
v -58.3029 17.1947 1.9545
v -54.7124 16.322 1.97429
v -55.7656 15.7745 2.00578
v -55.7399 16.4087 1.95415
v -54.9946 15.3366 2.02209
v -56.0328 17.1352 1.9505
v -56.1334 17.5383 1.89425
v -55.6788 17.2941 1.93774
v -58.7944 17.149 1.94952
v -58.7324 16.3892 1.9526
v -59.072 16.3977 2.04722
v -58.8429 17.5664 1.89049
v -58.4517 17.5287 1.93272
v -59.3146 16.7971 2.00492
v -56.132 17.1573 1.91314
v -56.4039 17.4354 1.92062
v -55.1441 14.9274 1.97557
v -56.8522 16.7176 1.96929
v -56.6237 17.1269 1.945
v -56.4542 16.3955 1.98923
v -61.5175 15.6026 2.08292
v -61.8077 14.6665 2.10967
v -62.702 14.2115 2.18794
v -60.1524 12.9212 2.26705
v -60.3809 13.9294 2.19472
v -59.7528 14.0159 2.15397
v -58.8116 15.9824 1.97681
v -58.6501 16.7485 1.93749
v -58.2223 16.5388 1.9854
v -55.4515 13.074 2.12245
v -56.1931 13.7824 2.11491
v -56.2735 14.7282 2.02306
v -58.9629 15.471 2.03207
v -58.6115 14.0633 2.09082
v -59.437 14.7355 2.10066
v -58.9525 16.5161 1.96782
v -59.3153 16.7015 1.99898
v -56.2379 16.1531 1.93097
v -55.4888 15.7219 1.97227
v -55.998 15.6156 2.00944
v -55.9953 16.3293 1.97065
v -58.9881 16.2861 1.98792
v -59.2625 16.5664 1.98362
v -56.6698 16.1917 1.96361
v -56.2705 16.6452 1.92115
v -56.4959 16.4802 1.94613
v -56.8705 17.0479 1.9338
v -55.5496 11.2503 2.14432
v -54.8117 12.0145 2.15583
v -61.5178 14.0343 2.08734
v -61.8063 14.1315 2.14373
v -61.3442 14.5426 2.10717
v -57.1782 16.7462 1.94142
v -56.8739 16.798 1.93135
v -57.1927 13.838 2.10106
v -57.2909 14.34 2.0789
v -62.4693 9.58032 3.52909
v -61.6728 10.8517 2.49502
v -61.87 10.293 3.46934
v -56.1527 13.2589 2.1473
v -57.019 14.0454 2.15193
v -56.3586 14.1729 2.08661
v -58.6761 15.0083 2.06514
v -58.2571 14.9992 2.10737
v -58.5872 14.0297 2.13092
v -56.234 15.3511 2.02873
v -56.2572 14.7 2.05857
v -56.5805 15.3816 2.03437
v -55.3984 14.7527 2.07433
v -54.8643 13.9146 2.10417
v -55.2499 13.98 2.04735
v -55.8902 15.4862 2.04718
v -58.9417 14.9791 2.08399
v -59.5083 13.581 2.20063
v -54.9031 13.3322 2.14337
v -56.4528 15.7136 2.03826
v -58.9212 15.4116 2.05943
v -61.3562 14.1822 2.17032
v -61.8531 13.4289 2.20584
v -61.7529 14.1385 2.19863
v -62.306 10.9543 2.43432
v -61.5264 11.849 2.27628
v -56.4562 13.6973 2.09938
v -56.795 13.496 2.14824
v -56.6784 14.1837 2.1177
v -58.6556 14.7419 2.11814
v -59.0467 14.4749 2.07644
v -58.9973 14.8569 2.06985
v -58.9855 12.1856 2.19931
v -59.5737 11.4771 2.32954
v -59.516 12.2685 2.21351
v -55.9918 14.5016 2.09397
v -56.2749 14.9727 2.06268
v -55.8743 14.8214 2.06641
v -59.4015 14.65 2.12344
v -55.3556 13.8374 2.06263
v -55.4191 13.2125 2.13114
v -56.2532 14.4392 2.08696
v -56.565 15.0045 2.07335
v -56.6857 15.452 2.03472
v -53.2572 11.3815 2.12532
v -55.116 11.5799 2.23061
v -54.4402 12.2367 2.15792
v -56.3304 14.164 2.05534
v -56.1538 13.9997 2.11459
v -57.1397 13.9683 2.10794
v -57.0686 14.8153 2.0889
v -57.5574 14.9199 2.09028
v -61.4115 11.909 2.27451
v -62.0717 11.2208 2.29482
v -55.8421 11.8843 2.2394
v -56.4216 12.2851 2.16671
v -56.2946 12.9044 2.1604
v -58.3537 12.3694 2.18208
v -58.446 13.2754 2.18912
v -57.9641 12.95 2.17204
v -59.2485 12.3696 2.15247
v -58.9708 12.3349 2.23758
v -59.2095 11.8902 2.22299
v -56.2625 10.7292 2.27063
v -57.07 12.4069 2.21141
v -57.1046 11.5028 2.25232
v -56.3985 13.4288 2.12365
v -56.3725 13.8112 2.08001
v -55.8931 13.409 2.11821
v -56.6415 13.9602 2.10442
v -58.8943 11.6768 2.21766
v -56.1251 13.8567 2.11142
v -55.387 13.2168 2.10451
v -56.6694 14.1537 2.0989
v -55.1185 11.5589 2.22151
v -53.842 11.3196 2.20377
v -55.2476 11.0258 2.14166
v -54.6126 11.5607 2.17022
v -55.8635 12.5417 2.15365
v -55.3518 12.8348 2.14846
v -57.0363 12.7553 2.19676
v -57.5611 12.9815 2.17364
v -57.2642 13.5948 2.14421
v -59.538 12.2798 2.21347
v -56.9751 14.2722 2.09749
v -57.1494 14.027 2.10991
v -59.073 13.8755 2.15867
v -59.0888 13.4851 2.12678
v -59.2951 13.7299 2.16679
v -60.5067 11.4893 2.31291
v -59.9756 12.8086 2.22637
v -59.8008 11.9656 2.29926
v -55.8394 10.3514 2.27853
v -57.0377 13.8283 2.14507
v -56.8208 12.6935 2.14917
v -57.3725 13.7006 2.13215
v -57.4428 14.1158 2.10329
v -56.6284 9.50402 2.324
v -58.0385 13.6991 2.14965
v -57.8226 13.6259 2.13664
v -57.9538 14.0925 2.11459
v -57.6305 13.9383 2.12325
v -62.0039 11.6357 2.28989
v -57.07 12.1242 2.21196
v -56.3156 11.8063 2.29971
v -61.8469 6.9366 2.46383
v -63.2735 7.29615 3.56809
v -63.9338 6.05366 2.57518
v -57.5815 8.68679 2.3388
v -57.1044 9.82917 2.34306
v -56.8805 10.6184 2.28947
v -55.7204 12.5348 2.16418
v -55.7455 11.9581 2.17933
v -56.0393 12.8112 2.14084
v -55.0094 11.5779 2.18953
v -56.6711 12.308 2.22662
v -56.4332 12.322 2.16412
v -55.9569 11.6613 2.22595
v -58.8907 11.837 2.25197
v -59.2538 11.9376 2.25915
v -58.9826 12.3549 2.24794
v -57.0237 13.2756 2.16155
v -56.4276 12.6425 2.15154
v -57.0309 12.7738 2.19101
v -59.4828 12.157 2.2637
v -54.1906 10.1686 2.26291
v -53.6155 10.1657 2.15409
v -54.2913 9.07665 2.31221
v -58.9398 13.0227 2.23427
v -58.782 12.8044 2.20995
v -56.4077 12.9061 2.12303
v -56.6397 13.2893 2.13782
v -57.342 13.1912 2.15818
v -57.073 12.6271 2.1811
v -57.4053 12.739 2.16239
v -57.7107 12.6111 2.18136
v -57.0424 11.6538 2.22713
v -57.623 11.6253 2.22747
v -59.7177 12.8122 2.20444
v -60.2372 12.0403 2.26854
v -60.4283 12.6595 2.23193
v -57.5078 9.92863 2.23156
v -56.9814 10.0686 2.23316
v -57.5683 13.0098 2.16747
v -61.3794 10.987 2.30013
v -61.6086 10.0133 2.35069
v -62.0377 10.4404 2.77185
v -57.9708 12.9892 2.17899
v -61.3993 11.3115 2.35949
v -62.7023 10.1174 2.40979
v -58.0781 7.80528 2.40365
v -58.2959 9.52382 2.25249
v -57.5732 8.76148 2.33528
v -58.5732 10.2386 2.27941
v -57.9929 10.9434 2.28684
v -58.8372 9.18207 2.25837
v -59.0849 11.3363 2.28883
v -59.3815 11.1449 2.26137
v -59.2456 11.8308 2.25926
v -59.0034 10.351 2.34117
v -59.5115 9.97398 2.34588
v -59.4848 10.5985 2.28646
v -56.015 11.3574 2.21331
v -54.7662 10.4412 2.18139
v -55.4356 10.4682 2.2452
v -55.9544 11.7139 2.20438
v -56.262 11.6027 2.22027
v -55.619 11.4132 2.19473
v -56.3154 12.1114 2.20382
v -56.232 10.7477 2.25062
v -55.7706 10.3289 2.22061
v -56.2248 10.2934 2.25511
v -55.9872 10.8371 2.25787
v -56.7702 12.0378 2.21174
v -56.8672 10.5946 2.25973
v -57.23 9.81734 2.33169
v -57.1384 11.0505 2.25044
v -56.9682 11.6709 2.2262
v -56.6241 11.6193 2.21306
v -57.1245 12.0744 2.21493
v -56.5712 9.16681 2.19385
v -56.3063 9.86752 2.24048
v -55.8201 8.21926 2.20334
v -56.3294 7.75566 2.36064
v -57.6693 10.8247 2.28061
v -57.6856 11.4935 2.23218
v -57.3752 11.8792 2.22769
v -57.5757 12.0134 2.21486
v -56.9934 7.2921 2.38608
v -57.8405 7.7012 2.43481
v -61.6177 10.0325 2.37364
v -62.3388 9.05684 2.53283
v -62.2197 9.68764 2.48005
v -60.2178 9.32081 2.3636
v -59.7153 8.74837 2.28006
v -60.1323 8.29171 2.42116
v -58.4524 10.17 2.29783
v -58.7124 10.4887 2.30817
v -58.5172 10.9261 2.2628
v -54.6266 7.36347 2.36339
v -54.7677 8.06191 2.2903
v -53.8243 6.75243 2.13832
v -54.399 8.51222 2.27613
v -57.4097 8.26093 2.38944
v -57.2354 9.1936 2.30751
v -56.2426 10.1855 2.27207
v -57.1163 10.752 2.26038
v -55.8888 9.47854 2.25806
v -58.1776 10.6277 2.29364
v -55.7987 10.2467 2.24107
v -56.6225 10.7718 2.23658
v -55.9986 10.7311 2.27931
v -57.0936 11.1799 2.24012
v -56.2673 11.1659 2.20852
v -61.9544 7.55739 2.60428
v -63.1888 7.13541 3.49999
v -55.7223 8.87383 2.31492
v -56.691 10.749 2.2595
v -57.1292 10.8669 2.23526
v -59.5343 10.4792 2.2784
v -59.5059 10.2061 2.29043
v -59.9701 10.218 2.32543
v -57.3759 10.4937 2.26409
v -57.1297 9.26373 2.30614
v -57.7599 10.8218 2.27094
v -58.9192 10.9543 2.28549
v -59.6826 10.7143 2.2932
v -61.657 8.66895 2.44547
v -60.994 8.84662 2.41543
v -57.7113 9.0924 2.2923
v -57.8637 7.6107 2.45118
v -63.7981 6.6802 2.83741
v -58.4644 6.72833 2.49317
v -58.8404 8.50399 2.37008
v -58.1169 7.53708 2.36718
v -57.3841 8.02639 2.34303
v -58.1026 9.12037 2.29116
v -57.4826 8.97849 2.35814
v -55.4023 8.34539 2.31308
v -54.7174 7.97428 2.35068
v -54.7653 7.51157 2.41847
v -55.9224 9.46635 2.28317
v -56.2498 10.1218 2.26252
v -55.7305 9.65997 2.28562
v -58.4094 9.18916 2.3703
v -58.2933 9.6202 2.33007
v -58.6401 9.71064 2.31284
v -54.4895 7.63114 2.40485
v -56.3046 8.90052 2.29793
v -55.9883 9.23922 2.29281
v -55.9887 8.27925 2.34673
v -56.323 9.69872 2.25961
v -56.8688 10.0107 2.27724
v -55.2704 7.14756 2.43334
v -59.1934 8.96806 2.36586
v -59.0264 9.53051 2.31523
v -56.5462 8.94249 2.24376
v -57.2856 9.24649 2.36739
v -57.2093 9.8786 2.34448
v -56.2298 8.10193 2.43009
v -59.681 8.8763 2.3513
v -59.8325 8.95479 2.35565
v -60.0296 9.42829 2.33926
v -55.7591 6.58866 2.43447
v -61.194 5.43431 2.57958
v -63.1149 5.09501 2.60671
v -62.1756 5.66837 2.56812
v -60.3264 8.67063 2.37363
v -60.7243 8.7466 2.37651
v -57.767 9.59501 2.3102
v -56.7362 7.66827 2.34221
v -58.1471 9.74364 2.27854
v -57.4341 6.81392 2.44039
v -57.8612 7.46975 2.43762
v -60.5098 5.23378 2.53973
v -59.2605 5.36893 2.53329
v -59.8638 5.04692 2.59973
v -59.393 4.19807 2.59505
v -56.378 4.87616 2.5408
v -56.6856 4.63967 2.53175
v -56.722 5.52758 2.48561
v -58.5235 2.41884 2.66977
v -57.497 2.75927 2.64664
v -57.5569 1.86703 2.73699
v -56.3947 5.96758 2.44814
v -57.7897 5.87452 2.46983
v -55.9115 1.65791 2.61649
v -53.6562 2.29812 2.59567
v -53.0474 2.63971 2.54803
v -53.6642 1.50955 2.74136
v -54.1749 2.12721 2.58602
v -55.9283 1.60851 2.65057
v -56.0551 1.23498 2.78107
v -56.2856 1.75064 2.63531
v -57.1709 1.10567 2.63909
v -59.4094 -0.933457 2.91513
v -59.1433 0.918255 2.90661
v -58.5451 0.0500953 2.91022
v -57.6893 0.508786 2.87754
v -58.0588 -0.0770034 2.87643
v -58.0516 0.553918 2.89732
v -58.8394 -1.98872 2.99369
v -55.8547 1.02477 2.83707
v -55.6205 0.260045 2.87091
v -56.2719 0.933257 2.85673
v -57.2758 -0.604379 2.98182
v -56.9208 0.0292343 2.86873
v -56.8546 -1.58306 2.91491
v -56.5981 1.00176 2.87965
v -56.9677 0.506446 2.86944
v -57.2703 0.70508 2.88097
v -55.0715 1.30262 2.82191
v -55.5946 1.47337 2.80997
v -55.6378 1.91883 2.78012
v -58.0657 1.53572 2.86519
v -57.6965 0.438207 2.86521
v -58.3318 0.702942 2.91236
v -54.0942 -0.183991 2.90398
v -55.0064 1.08855 2.79876
v -53.8044 0.469077 2.89397
v -57.0952 1.45242 2.84348
v -57.2448 0.63574 2.86327
v -57.5362 1.38673 2.88348
v -57.3443 2.0237 2.83161
v -56.2979 1.13546 2.81924
v -56.0159 1.44014 2.85229
v -56.709 1.93654 2.78966
v -57.6881 1.957 2.85303
v -57.7429 1.263 2.83318
v -58.016 2.08983 2.82558
v -58.4226 1.35506 2.84057
v -58.3823 2.04754 2.84394
v -55.9369 2.03753 2.8179
v -56.191 1.90595 2.78816
v -55.6064 2.1304 2.81654
v -60.4749 -1.43986 2.94069
v -61.3363 -1.41783 2.98587
v -60.6911 -1.13215 2.91476
v -59.3154 1.69766 2.86332
v -59.6028 1.8219 2.86443
v -59.011 1.97271 2.8497
v -59.4738 1.5902 2.8779
v -56.8288 1.31709 2.85691
v -60.8873 -0.54055 2.91047
v -56.5743 0.928389 2.84354
v -56.9809 2.26568 2.85076
v -57.0212 0.530857 2.86956
v -61.7247 -1.22779 3.00506
v -56.363 -2.08123 2.94486
v -57.758 -1.77315 2.96049
v -57.9005 0.953329 2.86155
v -57.2528 1.46582 2.8248
v -57.722 0.425011 2.87982
v -55.5399 2.71315 2.81496
v -55.4563 2.14295 2.79307
v -55.9803 2.8745 2.79967
v -54.895 1.46728 2.8678
v -54.7562 0.652643 2.86563
v -55.4663 1.75776 2.76046
v -58.0616 1.59599 2.87978
v -58.184 2.23548 2.82752
v -57.8586 2.23246 2.83884
v -58.8372 1.02511 2.87989
v -57.32 2.99719 2.80496
v -57.6281 2.89571 2.82139
v -57.4412 3.12441 2.81826
v -57.3499 2.43295 2.84105
v -57.928 2.89117 2.84394
v -58.1886 2.95117 2.81963
v -58.0763 3.21571 2.80348
v -57.8642 3.26446 2.82394
v -57.7266 3.24325 2.81401
v -58.4041 2.4405 2.85102
v -56.4219 3.31863 2.79272
v -56.0825 3.1969 2.78674
v -55.701 2.20445 2.78861
v -56.9754 3.3577 2.79222
v -56.7596 3.18433 2.81733
v -56.9096 2.88508 2.80827
v -56.5358 3.27676 2.81681
v -58.4291 3.20556 2.83053
v -58.6267 2.58792 2.84062
v -58.7322 3.12941 2.8236
v -59.2912 3.22509 2.83988
v -59.1081 2.83498 2.84367
v -59.4634 2.81144 2.86419
v -59.1722 2.12376 2.85078
v -59.4371 2.10088 2.87226
v -55.8879 1.72728 2.84065
v -56.0111 1.44645 2.85577
v -56.6161 3.06761 2.83587
v -59.6825 1.50577 2.90129
v -60.036 1.90358 2.87519
v -57.1834 3.18318 2.8207
v -57.181 2.92089 2.77558
v -56.8531 2.56913 2.83672
v -56.7008 1.43865 2.81745
v -56.8998 0.451831 2.8542
v -57.0573 1.36747 2.81957
v -57.5084 2.44087 2.83147
v -59.4239 2.46899 2.87782
v -58.9713 2.47461 2.84627
v -56.3983 3.00226 2.80969
v -55.6254 2.51709 2.77535
v -55.8369 3.17586 2.81276
v -55.1899 2.68062 2.7355
v -53.2979 -1.69332 2.94029
v -53.9572 -0.270341 2.88355
v -52.9387 -0.11915 2.88697
v -55.1318 2.20954 2.85895
v -55.1606 1.8486 2.79754
v -59.7158 0.555821 2.92206
v -59.0256 1.53906 2.85084
v -59.2799 0.197278 2.91882
v -56.3071 3.34316 2.77701
v -56.1988 3.66761 2.83937
v -59.5293 -0.39398 2.97998
v -60.5856 -0.907766 2.97198
v -56.3496 1.86711 2.85672
v -57.8693 3.27946 2.83466
v -57.7033 2.79539 2.91025
v -58.1381 2.83555 2.83496
v -57.426 3.07219 2.79266
v -56.6422 3.43854 2.93513
v -57.4344 2.20114 2.84013
v -57.8483 2.33045 2.87758
v -56.8446 1.31488 2.8671
v -56.9184 2.35466 2.83238
v -56.196 1.10693 2.78465
v -57.0734 2.91337 2.85366
v -57.1716 3.24724 2.82868
v -58.0166 3.51055 2.81288
v -57.8237 3.49141 2.80434
v -58.1665 3.36763 2.82394
v -57.0095 3.61092 2.78691
v -56.7732 3.08478 2.80185
v -56.6297 3.48925 2.75312
v -57.6184 3.47676 2.79138
v -58.1291 2.99845 2.8131
v -58.3604 1.81239 2.86458
v -54.2168 0.568566 2.86782
v -56.5221 3.66323 2.82774
v -58.4198 3.21158 2.8234
v -58.6273 2.57965 2.84532
v -58.7645 2.97552 2.84553
v -56.8757 3.11995 2.79957
v -56.6713 2.54109 2.76016
v -57.329 3.52028 2.77447
v -59.3049 2.9192 2.78458
v -59.5269 3.06524 2.83186
v -59.1398 3.47081 2.8367
v -59.5739 2.75063 2.85797
v -58.8961 3.31589 2.82078
v -57.7212 1.2545 2.80868
v -57.5444 0.81786 2.88664
v -57.8668 0.951184 2.89877
v -57.4851 1.51142 2.85662
v -55.8195 0.855215 2.82258
v -55.9857 0.308703 2.90396
v -56.1996 1.10386 2.76628
v -57.2321 0.630557 2.87056
v -57.7738 0.259696 2.92396
v -58.3196 0.676375 2.91342
v -57.4631 1.90513 2.87804
v -57.2898 1.5628 2.84341
v -57.7244 1.8818 2.87453
v -58.0208 1.79021 2.8881
v -58.1842 1.35487 2.88412
v -55.7433 1.04925 2.89505
v -55.2795 0.80318 2.87134
v -55.1364 0.143169 2.91025
v -54.4866 0.745288 2.84207
v -53.8512 -0.330506 2.89648
v -55.3741 1.46702 2.90996
v -58.3339 1.78367 2.84148
v -60.6697 -2.86471 3.0225
v -60.3483 -4.82198 3.12815
v -61.284 -4.45876 3.12277
v -53.2056 -1.71468 2.93861
v -52.6598 -1.34609 2.9056
v -55.901 1.81822 2.84939
v -55.4818 1.85418 2.84464
v -55.5358 2.01955 2.79386
v -59.1563 1.5265 2.89403
v -59.6952 0.585584 2.9526
v -59.6163 1.26324 2.91898
v -55.4469 1.35894 2.83376
v -56.0009 1.46118 2.87532
v -59.0028 1.63587 2.88108
v -59.0327 1.38844 2.87478
v -59.3029 1.74661 2.8809
v -56.2076 1.81466 2.86909
v -56.8436 1.45447 2.8682
v -56.7682 1.7586 2.85079
v -56.7099 1.60591 2.8463
v -57.3534 2.00349 2.85891
v -56.4365 1.94582 2.84082
v -56.7572 0.586348 2.89516
v -60.9216 -0.738788 2.95662
v -60.4974 0.373047 2.95489
v -56.5543 1.00159 2.88654
v -56.4108 0.0231013 2.90021
v -56.9707 0.0296456 2.91844
v -55.4484 -1.63107 2.92435
v -54.765 -2.58583 2.96962
v -55.2914 -2.32308 2.9657
v -57.4548 0.555755 2.88469
v -57.3203 0.0762192 2.88506
v -57.7136 0.382387 2.8767
v -58.0506 0.463698 2.86822
v -57.7738 0.249923 2.91396
v -59.4629 -0.723895 2.96944
v -59.2377 0.197502 2.93517
v -58.8194 0.257266 2.94958
v -59.7374 0.0707567 2.96451
v -59.3112 0.733029 2.92893
v -55.6128 0.893939 2.88284
v -55.7351 0.823929 2.88365
v -56.8225 0.477574 2.9008
v -57.2387 0.720896 2.92667
v -56.6591 0.865567 2.88736
v -56.8985 -1.40598 3.00228
v -56.2954 -2.05192 3.00048
v -56.4467 -2.92655 3.04249
v -56.6991 -1.2103 2.95206
v -57.2772 -0.797931 2.95677
v -56.6489 -0.636018 2.95774
v -57.9819 -4.20114 3.0715
v -57.7762 -6.02308 3.02884
v -58.825 -5.18638 3.07874
v -58.8801 -2.60064 3.04159
v -58.1548 -2.2745 3.02118
v -58.7214 -2.99047 3.07574
v -56.0672 -1.26984 2.97974
v -58.7162 -1.09473 3.02409
v -58.1335 -0.87072 3.00335
v -58.9547 -1.86265 3.07362
v -52.8665 -5.46406 6.60258
v -52.3085 -6.58597 5.40567
v -52.3293 -4.35981 5.23554
v -56.6676 -1.8714 2.93581
v -57.7343 -1.18152 2.9957
v -56.9399 -2.98981 3.00375
v -57.1431 -1.72151 3.00928
v -55.0126 -2.5413 3.0053
v -54.6593 -1.68681 2.97972
v -53.7997 -3.21147 3.02325
v -55.5053 -1.51744 2.97775
v -53.3311 -2.32393 2.98265
v -53.9543 -0.626706 2.92678
v -54.8186 -0.248074 2.93465
v -54.3458 -0.0872632 2.90062
v -54.8953 -1.30107 2.94459
v -55.5619 -0.756059 2.95581
v -55.6417 -0.815332 2.95011
v -55.4779 -0.576268 2.95098
v -56.1423 -0.905189 2.99322
v -56.3991 -0.606097 2.94568
v -58.4102 -2.5647 3.04367
v -57.7659 -2.37452 3.03997
v -58.0909 -3.27588 3.06624
v -60.2782 -4.8493 3.15589
v -59.8019 -4.48571 3.10137
v -54.0536 0.224164 2.91254
v -54.0034 -0.155639 2.90022
v -53.4395 -0.657707 2.92272
v -51.7661 -2.37127 2.94523
v -50.147 -3.14876 2.9534
v -50.1283 -3.96479 2.90955
v -54.1115 -0.854235 2.92992
v -53.1777 -1.74509 2.92661
v -54.3592 -1.19467 2.95174
v -54.9879 -0.55951 2.94358
v -50.0879 -3.09118 2.9666
v -50.9012 -1.76305 2.90266
v -50.0815 -1.74244 2.92549
v -52.818 -5.46212 8.26606
v -53.2059 -6.00532 7.50938
v -54.8363 -1.78995 2.96074
v -57.2085 -0.983429 2.99199
v -57.1891 -1.8318 2.9833
v -56.7248 -2.69823 2.99998
v -57.0856 -1.47672 2.95628
v -52.0448 -4.24325 3.49914
v -52.4682 -5.38044 3.08394
v -51.9775 -4.96373 3.11579
v -55.8411 -3.06393 3.03606
v -54.8867 -0.572468 2.93886
v -55.7725 -0.446871 2.93747
v -52.0392 -4.1917 3.11047
v -50.8999 -3.79175 2.99713
v -55.2078 -0.0242244 2.92209
v -54.8708 -0.238023 2.92715
v -54.6736 0.295175 2.90979
v -57.4744 -3.66932 3.00335
v -57.5239 -1.87516 3.02998
v -53.7448 0.342678 2.90301
v -53.433 -0.201083 2.94292
v -54.0726 -0.194281 2.90898
v -57.8759 -1.99678 3.02078
v -57.7223 -1.69444 3.00817
v -58.0351 -1.41517 3.00584
v -51.4246 -0.981068 2.9229
v -52.5084 -0.043431 2.88773
v -53.2011 -0.134839 2.88384
v -53.2434 -0.893975 2.92213
v -54.0763 -0.890751 2.91781
v -52.711 -4.74203 3.03021
v -55.3856 -3.17651 3.01566
v -56.5283 -0.608171 2.95696
v -56.3626 -2.02246 2.98119
v -56.4378 -2.92408 3.03989
v -53.1716 -0.142955 2.8871
v -54.3209 -0.119641 2.88664
v -54.2673 0.372416 2.91627
v -51.1327 -3.62685 2.92044
v -51.8331 -3.91422 2.97166
v -51.0128 -2.92272 2.90851
v -54.3422 0.851382 2.90945
v -54.5533 0.861101 2.88569
v -54.1255 1.15533 2.86324
v -54.614 0.579165 2.94872
v -56.9674 -1.04101 2.97415
v -55.792 -4.73939 3.05531
v -55.281 -6.12534 3.12244
v -56.8198 -5.01768 3.0562
v -52.613 0.150784 2.89017
v -53.6476 0.3986 2.86426
v -53.6768 0.961778 2.88248
v -53.8077 1.28035 2.90024
v -53.1645 1.10924 2.8955
v -56.9295 -2.19279 3.00213
v -53.6927 0.639406 2.82463
v -52.5167 0.683533 2.86415
v -50.7214 -0.290813 2.85906
v -51.3483 -1.07073 2.91232
v -53.9321 -0.649476 2.92307
v -54.8317 -0.273858 2.91311
v -52.4597 -0.842351 2.8747
v -51.7426 -1.49813 2.94287
v -54.0841 -1.34672 2.96752
v -54.9051 -0.541982 2.93906
v -54.9857 0.21452 2.91133
v -55.1232 0.0883903 2.91866
v -54.4398 -2.89408 2.98371
v -54.8316 -3.52483 3.03151
v -56.0817 -0.511796 2.94848
v -56.0923 -1.22565 2.96188
v -56.259 -4.96768 3.08773
v -54.9852 -6.42086 3.11626
v -56.3708 -6.94014 3.10879
v -52.3388 -4.25181 2.97287
v -55.6761 -0.391591 2.93936
v -53.9798 -0.220659 2.94829
v -52.4036 -0.0859788 2.85656
v -51.5099 0.691316 2.8932
v -53.8382 0.885809 2.92576
v -55.2547 -0.103607 2.93319
v -54.7224 0.623561 2.88774
v -53.2999 1.7696 2.86046
v -53.4073 1.52754 2.86663
v -53.8734 1.74182 2.88059
v -52.6954 1.19204 2.84452
v -52.0582 1.77173 2.8275
v -52.3476 1.26111 2.84844
v -53.8627 1.48286 2.86632
v -56.1752 -0.884953 2.9726
v -56.3596 -1.91544 2.97217
v -54.0929 1.42755 2.88808
v -51.7654 -0.373716 2.85286
v -56.5713 -2.18879 3.03466
v -56.8888 -1.77806 2.95796
v -55.4782 -1.54657 2.97041
v -55.9539 -0.782445 2.95633
v -55.0996 -1.98276 2.97544
v -55.3517 -2.37867 2.99584
v -54.4351 -0.342281 2.91038
v -54.7513 1.14956 2.91419
v -55.139 -0.583087 2.92465
v -54.3508 -1.85706 2.95522
v -52.3163 0.691017 2.85932
v -54.7795 0.574684 2.90863
v -53.8541 1.67268 2.86971
v -53.8826 1.47456 2.87093
v -54.2075 1.70579 2.88093
v -52.9279 1.85968 2.83318
v -52.374 2.16326 2.8244
v -52.2285 1.81133 2.8148
v -53.8883 2.03324 2.85011
v -52.2521 1.60858 2.84415
v -54.5903 1.4215 2.86832
v -54.4903 1.54387 2.9116
v -55.5207 -2.06116 2.99067
v -55.6668 -3.00474 3.02975
v -56.1053 -1.76554 2.96743
v -56.1557 -1.33385 2.96564
v -56.2745 -1.77511 2.95897
v -48.9467 3.24265 2.70487
v -47.9658 3.74314 2.71334
v -47.7457 3.11299 2.75188
v -54.8753 -1.34274 2.94109
v -55.4795 -0.590627 2.95222
v -54.9046 -0.552677 2.93863
v -53.9458 -0.1204 2.91902
v -54.5318 0.473273 2.85985
v -54.7884 0.782846 2.84877
v -53.1572 0.804074 2.86783
v -52.3562 0.178598 2.89067
v -53.6407 2.49786 2.78525
v -52.8066 2.63991 2.91076
v -53.4823 2.24494 2.77363
v -53.0242 2.84719 2.80643
v -54.7067 1.1238 2.88161
v -52.3248 2.8895 2.72095
v -53.9801 1.21276 2.85612
v -54.1468 2.14394 2.86528
v -54.1177 2.56121 2.86501
v -49.2502 2.33396 2.68906
v -54.4143 1.69236 2.89002
v -53.5292 1.71969 2.86525
v -54.1544 2.08946 2.83323
v -52.5332 1.59574 2.83768
v -52.8716 2.17385 2.79559
v -53.6094 2.07239 2.82981
v -55.4717 -1.56803 2.97508
v -55.02 -2.50229 3.01659
v -54.5168 0.851707 2.87351
v -54.0623 0.372373 2.90389
v -53.3693 0.902302 2.85515
v -55.217 0.783971 2.90962
v -52.7668 -5.20183 3.01068
v -50.2829 1.53683 2.8428
v -51.3566 0.101497 2.8678
v -51.8178 0.915642 2.84926
v -53.0468 3.47641 2.81456
v -53.7378 3.0324 2.80672
v -54.1211 3.3173 2.80333
v -52.9637 -6.01847 4.71118
v -52.805 -6.21019 3.05954
v -55.4344 -0.330362 2.93703
v -53.4571 1.4822 2.87719
v -53.7347 2.50219 2.82186
v -52.7483 2.52244 2.81921
v -52.8165 2.0974 2.83447
v -55.0423 1.30907 2.88218
v -52.3205 3.36893 2.75204
v -51.8506 3.66714 2.81047
v -52.1947 3.10842 2.84419
v -52.4233 2.90878 2.76236
v -54.6462 2.73156 2.89661
v -52.2657 2.46821 2.81947
v -54.5604 2.50388 2.83272
v -54.1397 2.24704 2.82023
v -53.5822 1.70089 2.8852
v -54.1783 1.7523 2.95684
v -54.1201 1.43698 2.79837
v -54.7454 1.737 2.86334
v -52.4976 2.13607 2.87781
v -54.6394 2.08857 2.85094
v -54.5598 1.783 2.82835
v -53.9861 0.847967 2.85198
v -54.5481 0.834283 2.92524
v -54.6228 0.547895 2.93738
v -54.0943 1.69154 2.86004
v -54.2771 2.21639 2.86715
v -52.932 2.23944 2.81747
v -54.5877 2.07088 2.82247
v -54.0801 -2.68625 2.97182
v -54.3309 -3.17277 2.99872
v -55.4821 -0.578412 2.94992
v -54.3575 -1.20018 2.94937
v -54.3871 1.01029 2.86595
v -55.1635 1.34077 2.86805
v -54.396 1.59101 2.84915
v -52.0988 3.77357 2.72017
v -52.7235 2.82834 2.7843
v -52.179 2.84876 2.83128
v -50.3161 1.39855 2.85542
v -55.5312 0.253488 2.92272
v -53.3411 2.50778 2.76481
v -55.2368 1.75067 2.86314
v -55.2763 0.986475 2.88498
v -55.5862 1.51275 2.87864
v -55.6392 1.02645 2.86444
v -55.4508 0.571501 2.89861
v -52.1361 -1.05233 2.85535
v -51.6557 4.17515 2.80219
v -54.6007 3.06035 2.84503
v -54.9566 2.93171 2.82531
v -54.7428 3.26922 2.8608
v -55.4893 1.40014 2.86377
v -55.2424 1.15854 2.88638
v -54.1326 3.30952 2.80512
v -53.5425 3.77274 2.79308
v -53.6513 3.44956 2.79142
v -55.8934 0.858124 2.94234
v -55.7301 0.831163 2.89336
v -54.8039 1.82595 2.85407
v -55.1495 2.28848 2.86392
v -54.7046 2.73586 2.8885
v -55.146 2.6344 2.84662
v -55.7114 0.297443 2.90682
v -55.7488 -0.0775021 2.89253
v -54.6776 2.53655 2.81843
v -55.7227 -0.396012 2.93821
v -55.9816 0.424293 2.91363
v -55.9954 0.286238 2.91651
v -56.0655 0.0216699 2.92234
v -53.3765 1.50747 2.83887
v -55.551 -0.749634 2.96502
v -53.4285 1.47599 2.87059
v -52.5995 1.08567 2.84827
v -53.3411 0.814145 2.88519
v -52.8458 -4.85854 3.02441
v -53.195 -2.01872 2.98199
v -54.0396 -1.39875 2.94013
v -53.3691 -1.4179 2.91352
v -53.4968 -2.69363 3.00064
v -54.0381 0.86458 2.86892
v -54.3723 1.0325 2.86846
v -54.1057 0.615236 2.89445
v -48.5293 3.64567 2.55216
v -49.2619 4.44683 2.69296
v -48.0146 4.02085 2.69113
v -53.0731 2.38763 2.80008
v -53.293 1.75956 2.8482
v -53.8134 2.28498 2.82543
v -52.5646 2.12603 2.89354
v -53.5139 0.458252 2.86696
v -54.4515 1.56895 2.84507
v -54.7828 1.51324 2.86387
v -53.2205 -0.896123 2.91266
v -53.7243 -0.0859862 2.90967
v -51.92 -1.9925 2.9377
v -54.327 -1.89028 2.94771
v -54.4976 -1.0487 2.93932
v -54.4817 0.822385 2.83838
v -54.6305 0.550275 2.92062
v -54.7698 0.945068 2.85892
v -54.9718 0.859502 2.89543
v -54.8418 1.43001 2.8643
v -53.5245 2.49256 2.84002
v -52.914 3.05161 2.7914
v -52.4844 2.89953 2.77321
v -48.7476 3.00451 2.60536
v -53.7387 3.02764 2.808
v -54.8678 0.320333 2.89747
v -54.6766 2.00776 2.85895
v -54.3106 2.3192 2.82737
v -54.4522 2.66413 2.88795
v -54.373 -0.0607621 2.91102
v -52.1215 1.84469 2.77946
v -54.2771 2.39612 2.8304
v -54.5432 1.73268 2.84524
v -54.1041 1.64067 2.87441
v -54.4669 -0.317768 2.9189
v -52.7443 2.53002 2.79995
v -55.2335 0.519226 2.89752
v -54.9527 0.257728 2.9058
v -55.1299 0.0953937 2.90329
v -50.2545 1.81567 2.71192
v -51.3804 1.32456 2.84268
v -52.2743 1.23898 2.8023
v -54.8693 -0.247899 2.91718
v -54.676 -1.613 2.97503
v -54.664 -0.953794 2.94842
v -51.9758 -4.18717 3.55502
v -54.4758 -0.318844 2.91995
v -54.0882 -0.206358 2.90751
v -54.1081 -0.87635 2.9251
v -54.6582 0.107289 2.92093
v -51.9818 -1.99124 2.93896
v -52.1411 1.76325 2.83415
v -52.4302 2.10125 2.85629
v -52.0015 2.03166 2.85091
v -52.8958 1.88284 2.81408
v -51.9104 0.915169 2.87788
v -52.4567 0.551394 2.86062
v -53.1325 1.08927 2.88587
v -53.3351 2.88677 2.80039
v -52.8026 3.35236 2.80102
v -52.3118 3.38135 2.73377
v -52.6624 3.12496 2.86434
v -52.4521 2.91324 2.7473
v -53.0383 2.61887 2.80531
v -52.6234 0.158033 2.89158
v -53.3671 0.848406 2.89935
v -50.9203 1.26439 2.83349
v -53.2786 0.460934 2.85627
v -53.6391 0.980432 2.8598
v -53.4886 2.0835 2.83861
v -52.731 2.53758 2.79603
v -53.2266 2.49765 2.87281
v -53.9069 0.690469 2.91327
v -53.3878 2.45765 2.74522
v -54.1735 1.16881 2.88256
v -53.7789 1.28164 2.86243
v -54.3515 0.904608 2.89046
v -53.2481 -0.121785 2.89199
v -53.7238 2.49074 2.8138
v -51.1245 2.96167 2.77499
v -51.8784 2.64178 2.82734
v -52.2397 -1.00908 2.88031
v -53.0541 -0.938058 2.92587
v -53.8712 -0.247449 2.92011
v -53.5694 2.20969 2.79204
v -53.9345 1.93093 2.84536
v -54.3763 0.805603 2.91384
v -54.1606 0.0344644 2.87878
v -53.5705 -0.703111 2.92813
v -53.2421 -1.70527 2.94697
v -52.6715 1.5342 2.88396
v -53.4669 1.43924 2.82127
v -53.2956 1.76499 2.85339
v -53.8509 1.65963 2.8556
v -53.023 -1.46604 2.94805
v -54.0538 -1.42679 2.9444
v -53.5056 -2.34828 2.95777
v -54.4359 -0.695801 2.9414
v -54.808 -0.26686 2.93405
v -54.0688 1.40431 2.8713
v -52.0508 -4.16481 3.13236
v -51.7309 0.393402 2.78341
v -51.5053 -0.414795 2.88399
v -52.5794 0.184262 2.9158
v -52.7209 2.81635 2.79672
v -52.0896 2.93295 2.76031
v -52.7415 2.539 2.81359
v -52.494 3.1452 2.84756
v -51.3778 0.639185 2.83457
v -52.2748 1.27091 2.82464
v -51.9176 2.04654 2.83304
v -52.141 1.58534 2.81015
v -52.4825 1.10113 2.84487
v -52.6838 0.785546 2.8621
v -52.8779 1.36188 2.8693
v -53.5197 1.29652 2.87602
v -53.1456 1.55411 2.80764
v -53.0988 1.08291 2.87903
v -53.2727 1.75782 2.8534
v -53.1492 1.93856 2.8505
v -53.1392 0.884409 2.91871
v -53.1672 0.651046 2.8423
v -53.6332 1.03038 2.87766
v -53.707 0.769351 2.88229
v -53.6503 0.461454 2.8853
v -50.2171 -1.19961 2.85689
v -49.3902 -0.904723 2.85592
v -52.0297 -0.459448 2.89378
v -52.8066 -0.278356 2.90461
v -52.3634 2.43618 2.72197
v -52.9372 2.31948 2.77536
v -53.2085 0.260424 2.90468
v -52.6486 -0.68589 2.90536
v -51.7876 -1.45184 2.94899
v -53.3662 -0.214116 2.9246
v -53.9473 0.184662 2.90923
v -53.7517 0.306425 2.88812
v -53.7185 -0.132223 2.93445
v -52.2524 2.69931 2.79763
v -51.7218 2.73722 2.80124
v -51.9437 2.42897 2.78187
v -50.3605 2.519 2.76827
v -50.236 1.87932 2.738
v -52.6435 1.5718 2.84485
v -52.9654 -1.0084 2.91603
v -53.7699 -0.569203 2.93689
v -53.2211 -1.69198 2.95458
v -52.7148 -1.94692 2.93576
v -52.5818 -2.44627 2.98156
v -52.9802 -1.49022 2.93757
v -54.0166 -0.12424 2.92133
v -54.036 -0.600964 2.92713
v -54.3089 -0.727588 2.95173
v -51.8805 -3.89925 3.00654
v -50.8302 -3.99922 3.10367
v -51.9539 -4.18033 3.42328
v -52.8541 -2.73073 2.97721
v -52.3962 -4.49724 3.12148
v -53.8038 -1.45353 2.95824
v -53.6634 -1.71501 2.96054
v -53.9275 -0.64049 2.94128
v -54.0939 -0.852371 2.92517
v -53.4567 -2.47246 2.98284
v -52.8952 -0.136663 2.91273
v -52.5622 -0.375601 2.90178
v -52.601 -0.68634 2.89643
v -52.9545 0.226311 2.90145
v -51.3943 1.06977 2.83266
v -51.41 0.665862 2.85064
v -51.9397 0.988578 2.90473
v -50.6822 1.00772 2.88705
v -51.9006 0.321147 2.89696
v -50.9576 0.268535 2.87755
v -50.9961 -0.543401 2.88064
v -51.9819 1.58013 2.8534
v -50.579 2.00655 2.79923
v -50.8562 1.32303 2.81176
v -52.3773 0.167211 2.88924
v -52.4028 0.604086 2.89269
v -51.9037 0.118213 2.8728
v -52.7293 0.811307 2.88231
v -52.7488 0.496551 2.87975
v -47.2486 4.5217 2.78154
v -47.843 3.93435 2.62976
v -47.8582 4.30751 2.57666
v -46.6138 5.24712 2.45851
v -51.3454 -1.00746 2.91427
v -52.0395 -0.447714 2.90577
v -50.0806 -1.71769 2.92623
v -49.5426 -1.25915 2.91002
v -50.1248 3.14334 2.70893
v -50.4595 2.51409 2.80397
v -51.4601 2.50566 2.82765
v -49.1794 2.82202 2.72557
v -52.3583 1.71572 2.82038
v -51.9046 2.0561 2.83885
v -51.8191 1.87657 2.84542
v -51.6649 2.6045 2.80397
v -52.3596 -0.970108 2.91122
v -52.2176 -0.453851 2.90233
v -51.5252 -1.22408 2.90152
v -52.6196 0.163746 2.88892
v -49.8653 1.7348 2.77958
v -50.3167 1.22938 2.81879
v -52.4944 1.07778 2.85881
v -52.5063 1.5553 2.87707
v -52.4884 1.31541 2.8571
v -48.9673 0.591357 2.87912
v -50.2923 0.142942 2.85738
v -47.8744 1.14217 2.85039
v -47.7542 -0.101172 2.84866
v -52.9783 -0.755481 2.91322
v -53.0376 -0.335627 2.91894
v -51.9005 1.06442 2.85897
v -51.387 -1.6892 2.95185
v -51.8542 -2.28685 2.96893
v -52.3582 -1.58157 2.92976
v -52.4307 -2.09459 2.94604
v -52.9929 -1.52404 2.95953
v -52.7565 -1.26732 2.93728
v -52.037 -2.47104 2.96225
v -51.6634 -4.04138 3.06691
v -51.2095 -3.95961 3.05876
v -51.213 -4.24315 3.11336
v -53.175 -0.773257 2.9294
v -49.8954 -6.81701 4.47845
v -49.7697 -6.73614 3.9426
v -49.1081 -6.98372 4.62292
v -50.7315 -1.63003 2.91595
v -50.9228 -2.18727 2.95147
v -51.5303 -1.60746 2.94125
v -49.8777 -3.64302 3.08595
v -50.6842 -3.90133 3.03956
v -50.3934 -3.0768 2.92348
v -49.7439 -6.99664 3.81783
v -49.6211 -6.72807 3.19316
v -46.1621 0.456014 2.88915
v -47.1382 1.84723 2.66583
v -49.0875 -6.19889 3.13745
v -49.3232 -6.7185 3.77165
v -52.1913 0.304306 2.88752
v -52.0211 0.594459 2.87911
v -48.8843 1.24958 2.81886
v -48.5878 1.81513 2.82976
v -50.3234 1.23911 2.83574
v -49.7585 2.05002 2.77234
v -50.4059 2.41581 2.81914
v -48.8131 2.54377 2.77948
v -50.8914 1.90614 2.82704
v -48.3931 3.16826 2.66838
v -49.167 2.95949 2.64718
v -51.4656 0.184165 2.89788
v -51.475 0.659053 2.86282
v -50.978 0.26518 2.86355
v -51.95 1.28862 2.8565
v -51.5029 1.03142 2.84887
v -48.8919 0.623119 2.83368
v -50.9009 -0.232698 2.88389
v -51.4256 -0.639891 2.91405
v -51.6917 -0.27097 2.90663
v -50.5692 1.00394 2.84666
v -51.903 0.913368 2.85539
v -51.9886 -0.422175 2.91037
v -52.1128 -0.71623 2.88848
v -51.3757 -1.00888 2.92054
v -50.9088 2.6413 2.80278
v -51.2778 2.16066 2.80844
v -51.5295 1.97681 2.8351
v -50.9676 2.16416 2.83301
v -52.5298 -0.420081 2.91885
v -51.8449 1.50858 2.85174
v -50.9621 1.63427 2.8186
v -51.4209 1.27279 2.87522
v -49.3085 -3.4386 3.02674
v -50.4823 0.490846 2.88039
v -52.3819 -0.96356 2.92401
v -51.3665 -1.93411 2.94305
v -51.8423 -2.31417 2.96739
v -52.5546 -0.873926 2.93622
v -52.4996 -1.26756 2.94201
v -52.7627 -1.27515 2.93322
v -52.5989 -0.973805 2.93407
v -52.503 -1.51888 2.94225
v -51.3407 0.00506495 2.90002
v -51.6896 -0.551674 2.91038
v -48.8668 -6.30139 3.83956
v -48.828 -6.14356 3.39672
v -47.7927 -6.34378 3.42465
v -47.5912 -6.74886 4.17625
v -51.9763 -1.24722 2.94653
v -51.7457 -1.43975 2.9619
v -51.9043 -1.93319 2.96836
v -51.9155 -1.05397 2.93243
v -50.2594 0.0240114 2.86669
v -50.9002 -0.230518 2.87531
v -50.9279 0.246439 2.89654
v -50.2858 -0.58462 2.88946
v -47.6372 3.3352 2.77852
v -47.9532 2.99425 2.69582
v -48.4575 3.01413 2.76109
v -50.0216 -1.833 2.9115
v -50.0958 -1.04362 2.8798
v -49.6776 -1.29265 2.90647
v -50.7431 -1.22826 2.90397
v -51.0265 -1.67216 2.94524
v -51.3942 -1.11123 2.90829
v -49.536 -1.17564 2.88251
v -51.0211 -0.556362 2.88389
v -51.4188 -0.325833 2.91586
v -48.7855 2.53266 2.78932
v -50.2011 2.17043 2.81493
v -50.5519 2.20984 2.80542
v -50.3197 2.43887 2.81378
v -49.6923 -3.12779 2.94897
v -50.6105 1.94517 2.83019
v -49.8412 2.00785 2.7798
v -51.2354 -0.790712 2.92775
v -48.4034 2.19955 2.7726
v -49.0399 2.29031 2.78329
v -51.5207 -1.58559 2.96097
v -50.6817 -2.37041 2.94784
v -50.1259 1.80606 2.78773
v -49.6492 1.9053 2.81631
v -51.6602 -0.69001 2.92146
v -48.4479 -4.38605 3.03067
v -49.771 -3.75228 3.07136
v -47.8666 -3.58061 3.02012
v -47.1918 -0.0138099 2.8144
v -48.3563 0.900231 2.82541
v -47.7039 1.38025 2.80156
v -49.8903 1.42598 2.85652
v -50.9363 1.31867 2.90316
v -49.8538 1.00649 2.87241
v -50.3341 1.24259 2.87311
v -49.8745 0.430859 2.8507
v -50.711 0.692208 2.86774
v -50.8584 1.11865 2.83974
v -50.593 0.994757 2.87545
v -48.7933 0.609167 2.83003
v -48.9229 0.113757 2.83874
v -51.1762 0.609097 2.87182
v -50.5239 0.448528 2.86901
v -48.5899 -6.30091 4.72099
v -47.5802 -6.79324 4.04517
v -47.382 -6.67446 4.45097
v -46.67 -6.50861 4.04208
v -50.7637 -1.59179 2.9307
v -50.5985 -2.30493 2.91813
v -51.0944 -1.69589 2.928
v -44.3638 3.99052 2.67843
v -45.5751 2.94883 2.53407
v -45.8181 3.80237 2.69562
v -44.1638 2.7857 2.71567
v -43.951 1.38639 2.74811
v -44.8358 2.22525 2.68786
v -48.0809 0.66503 2.81508
v -48.968 1.20128 2.84605
v -48.8142 0.633245 2.82094
v -49.787 1.01779 2.84589
v -49.5966 1.84016 2.80076
v -48.6463 2.29699 2.79609
v -48.3794 1.86502 2.75917
v -49.1923 -0.398172 2.86079
v -49.9955 -0.255765 2.87574
v -49.488 -0.124559 2.88357
v -50.4033 -1.13356 2.89915
v -50.8223 -1.36434 2.94459
v -50.919 -0.537491 2.88371
v -50.6663 -0.0440287 2.89267
v -50.1548 0.230752 2.85901
v -48.4645 2.72091 2.76217
v -49.5131 2.37538 2.77106
v -49.1044 2.19374 2.79727
v -48.6932 -0.934987 2.86493
v -48.8302 -1.45287 2.89008
v -49.8528 -0.851913 2.88617
v -49.5221 -1.64052 2.87983
v -50.0072 -1.7493 2.91342
v -50.1158 -0.983473 2.87582
v -50.2536 -0.59407 2.86842
v -49.6983 1.92427 2.78218
v -49.951 1.74488 2.82031
v -50.0747 1.4879 2.75276
v -48.1412 1.6903 2.81704
v -48.558 -2.99855 2.97885
v -47.4474 -3.59016 2.97632
v -48.8062 -3.5391 3.02173
v -49.8109 -2.18894 2.94255
v -49.4262 -3.63869 3.01654
v -46.888 1.97564 2.65346
v -48.8732 0.189521 2.85729
v -49.8726 0.442715 2.84327
v -48.0463 -0.338993 2.83079
v -50.2076 1.08379 2.83679
v -49.9606 0.816409 2.8475
v -50.347 0.844523 2.85002
v -47.7397 -0.0915452 2.85519
v -50.35 -2.43916 2.94808
v -50.9573 -2.69973 2.95855
v -51.3165 -1.93379 2.96274
v -51.4974 -1.85483 2.94495
v -50.0721 -3.16254 2.98358
v -49.7184 -3.69744 3.04336
v -50.1378 -3.92225 3.0766
v -50.3618 -3.58579 3.03202
v -50.4818 -3.81184 3.06539
v -50.3139 -1.88748 2.92876
v -49.7564 -2.17457 2.91137
v -50.0782 -2.28962 2.91354
v -49.7379 -1.59377 2.89622
v -46.9235 -7.50203 4.27486
v -49.5046 -1.63344 2.885
v -50.0954 -1.06237 2.87729
v -49.5319 -1.16355 2.87526
v -47.7348 -0.965319 2.85996
v -47.8096 -1.50846 2.88173
v -48.6754 -0.919624 2.86448
v -46.3054 1.13432 2.82233
v -45.7694 0.482374 2.78944
v -47.6311 0.705704 2.81033
v -45.6678 2.87314 2.76408
v -45.8806 2.16069 2.5777
v -47.1408 1.94737 2.73114
v -49.5176 -0.747983 2.87419
v -49.2218 -0.394968 2.86917
v -48.8793 -1.40906 2.87673
v -49.3952 -0.0256972 2.8605
v -49.7758 -0.272348 2.85295
v -48.7656 -2.07845 2.89403
v -46.0056 1.57941 2.77933
v -47.8398 -1.89663 2.88992
v -49.74 0.465646 2.85506
v -48.8081 0.171331 2.84309
v -49.0393 1.61699 2.80853
v -49.3772 1.29922 2.83194
v -49.2071 1.70555 2.81037
v -49.9549 -0.832938 2.87148
v -48.3979 1.85578 2.78236
v -49.0944 1.0215 2.83582
v -47.0145 -3.21006 2.93113
v -46.5165 -3.60378 2.96632
v -47.5396 -3.49046 2.98517
v -49.171 -2.22804 2.91779
v -49.028 -3.10733 2.94288
v -48.4876 -0.608559 2.84357
v -48.1213 -0.146553 2.84178
v -48.8321 0.630638 2.82465
v -48.1401 0.330857 2.84108
v -48.3176 0.928545 2.80581
v -49.4941 0.606694 2.83255
v -48.8857 -4.45446 3.087
v -49.1552 -3.41665 3.01813
v -46.5577 0.0171413 2.7954
v -45.5547 -0.322702 2.86821
v -46.7522 -0.777139 2.8586
v -45.5668 -1.03069 2.91285
v -50.3586 -2.1012 2.92081
v -49.6628 -3.77272 3.05688
v -48.9841 -5.01102 3.12835
v -49.712 -3.14671 2.96301
v -50.2032 -2.83565 2.93508
v -48.8316 -0.187346 2.84877
v -48.0401 -0.333333 2.84216
v -47.754 1.38839 2.82469
v -48.3223 0.940223 2.80916
v -48.0707 1.46942 2.69552
v -45.5595 -6.49158 3.05789
v -45.1597 -6.48059 3.72152
v -46.0458 -6.96456 3.10325
v -45.2477 -6.29421 3.17186
v -45.4644 2.84418 2.64778
v -45.2746 2.08796 2.79443
v -48.1584 -0.157831 2.86058
v -48.8215 0.1614 2.8617
v -47.4838 2.39805 2.79429
v -47.9526 2.21169 2.80712
v -47.4337 2.68079 2.77489
v -48.8582 1.28914 2.84362
v -46.9219 -1.65081 2.83758
v -47.4701 -1.25561 2.86636
v -48.9771 -1.44244 2.87722
v -47.8084 -1.92816 2.86753
v -48.2231 -2.31372 2.9009
v -49.2185 0.0524277 2.85744
v -48.8572 0.511729 2.82811
v -49.0116 -0.243993 2.85138
v -48.818 -1.02447 2.86582
v -49.2415 -0.717201 2.8707
v -46.1567 -2.48595 2.89064
v -45.6758 -3.7595 3.0117
v -46.1353 -3.59678 2.96217
v -49.4828 -0.94605 2.88297
v -48.1574 1.886 2.79506
v -49.0293 -1.55506 2.88342
v -48.5616 -2.6009 2.88473
v -49.4313 -1.49043 2.87552
v -49.0403 0.776623 2.82716
v -45.0844 1.0284 2.79963
v -47.7086 0.904891 2.82919
v -47.7754 0.467068 2.82433
v -48.0947 0.664535 2.82136
v -49.7617 -2.14463 2.92516
v -49.2123 -2.31633 2.8852
v -49.0599 -3.13941 2.93038
v -49.5247 -1.60175 2.89408
v -48.2791 -3.54356 3.0154
v -48.1822 -3.94424 3.07201
v -48.8697 -3.45217 3.05155
v -47.8853 -3.71631 3.05589
v -48.6857 0.450587 2.84486
v -49.2131 -3.20967 2.97668
v -47.2486 2.48995 2.78817
v -47.999 1.72129 2.80544
v -47.144 1.57346 2.80906
v -46.8973 1.00997 2.83112
v -47.6239 1.12584 2.84783
v -47.0037 -1.60077 2.85133
v -45.6297 -1.43035 2.86995
v -48.241 -0.596568 2.84651
v -46.1614 -0.642942 2.83072
v -47.0193 -0.436074 2.85418
v -43.064 4.51742 2.65924
v -44.5528 4.25721 2.64163
v -43.3277 5.2619 2.73895
v -46.3625 2.06016 2.73983
v -46.6591 2.40706 2.7141
v -46.8435 0.468537 2.82981
v -48.3788 0.941457 2.83321
v -48.4838 -0.206293 2.84666
v -43.7733 -1.50064 2.83235
v -45.1077 -2.10452 2.87918
v -48.2544 1.44549 2.78301
v -48.1115 2.16655 2.76966
v -47.8598 1.49167 2.78666
v -44.2452 2.52115 2.71921
v -48.1361 0.319719 2.82817
v -48.0928 0.659681 2.80973
v -46.0919 -2.52955 2.8715
v -48.5116 -0.552884 2.86333
v -48.4834 -0.678102 2.86733
v -48.2219 -0.972283 2.87021
v -48.6866 -0.899104 2.88226
v -47.3866 -1.79527 2.88088
v -47.9488 -1.40386 2.88432
v -47.5478 -2.19894 2.9018
v -48.3707 -1.52593 2.89777
v -48.8685 -1.26731 2.89308
v -46.5264 -2.73507 2.8994
v -47.2397 -2.84582 2.89268
v -46.4378 -3.44649 3.0273
v -48.5032 -1.91553 2.89543
v -48.8285 -1.81873 2.88539
v -48.221 -2.33136 2.90047
v -48.9335 -2.19381 2.8977
v -48.7672 -1.61762 2.87509
v -47.5282 -3.20426 2.93417
v -44.6179 -6.63784 3.6233
v -44.1753 -6.50838 4.43045
v -44.7783 -6.40549 4.71717
v -46.4365 -4.03276 3.07307
v -47.0191 -4.08522 3.0688
v -45.1121 -6.83454 3.61784
v -46.2021 2.83432 2.68536
v -45.6307 4.09316 2.71576
v -46.7053 0.298821 2.81296
v -45.7287 0.366648 2.82993
v -45.0401 1.55203 2.74268
v -44.2353 3.79209 2.66176
v -43.1509 4.29939 2.72647
v -43.1297 3.76223 2.64842
v -47.5719 1.66052 2.79594
v -46.9447 2.10933 2.80411
v -46.183 -0.633306 2.83633
v -45.2125 -0.884024 2.84224
v -46.6589 0.00778212 2.84365
v -43.8121 0.148243 2.8057
v -46.0546 1.44073 2.77467
v -48.0471 1.15606 2.82199
v -47.9877 0.956197 2.8169
v -47.6981 -0.0314798 2.88958
v -47.4049 0.471861 2.8154
v -48.1225 0.661394 2.82516
v -47.0794 -0.247071 2.83166
v -46.7761 -0.75868 2.86648
v -47.5285 -0.602847 2.87658
v -47.7532 -0.0960023 2.829
v -48.1068 -0.16505 2.85518
v -45.3748 -1.07023 2.87206
v -43.514 -1.66977 3.00309
v -44.9764 -2.17137 2.89819
v -46.5303 -1.32738 2.85993
v -47.9539 -1.70504 2.88269
v -47.7664 -1.26193 2.86575
v -47.4399 -1.77149 2.90753
v -48.0006 -0.795898 2.85938
v -47.901 2.25095 2.77068
v -47.6568 2.55606 2.76819
v -47.5065 2.3591 2.80089
v -48.0792 1.69674 2.79759
v -47.6045 2.16803 2.72905
v -47.5687 -1.12694 2.87063
v -46.7656 -1.6964 2.87771
v -47.4462 -1.3368 2.87183
v -46.0669 -2.55941 2.86215
v -47.4816 -2.21158 2.8756
v -47.9002 1.63289 2.81278
v -47.6529 0.778669 2.81047
v -48.048 0.449589 2.85057
v -46.5143 -2.76732 2.90439
v -45.202 -3.86609 3.03317
v -46.2827 -3.51347 3.05008
v -44.9862 -4.75412 3.04254
v -48.0057 -2.02426 2.87637
v -47.335 -2.539 2.91567
v -47.6446 1.65249 2.80384
v -47.1197 2.21985 2.66376
v -47.1024 1.94138 2.81224
v -47.6084 1.99881 2.82316
v -44.6853 5.08351 2.67193
v -42.91 5.60747 2.63564
v -44.5169 5.69918 2.72764
v -43.3804 0.355393 2.72374
v -43.6695 1.10554 2.77197
v -42.5801 1.10815 2.73861
v -47.2876 2.58954 2.76273
v -46.168 2.87249 2.65673
v -43.7639 2.92498 2.79268
v -46.1066 3.70755 2.71581
v -44.1204 2.99097 2.66238
v -46.0564 0.581088 2.80483
v -46.7166 1.08259 2.82124
v -47.3771 0.91209 2.81722
v -47.1418 1.12855 2.81052
v -41.9318 -0.13678 2.84839
v -42.6205 0.491758 2.75558
v -45.8626 0.482512 2.8053
v -44.9988 0.0198424 2.81518
v -46.6011 0.00463259 2.8192
v -46.719 0.305241 2.81155
v -47.319 0.173973 2.82928
v -46.9149 0.546814 2.81581
v -47.0793 -0.212412 2.84728
v -46.4861 -0.555607 2.83849
v -45.7389 -0.504535 2.84238
v -44.8768 5.52737 2.68632
v -47.4285 2.67851 2.76355
v -47.7723 2.3259 2.76257
v -45.8286 -0.842854 2.88009
v -47.0032 -0.456388 2.84267
v -46.7189 -0.774936 2.8344
v -47.0348 -0.83177 2.84809
v -46.5665 -1.20957 2.86714
v -45.4301 -1.72396 2.86052
v -47.2289 -1.04315 2.86321
v -47.0048 -1.33068 2.86979
v -44.9148 -1.83521 2.97788
v -44.9495 -2.19325 2.81635
v -46.4591 -1.65011 2.86353
v -46.4428 2.25942 2.78325
v -42.8302 -3.27907 2.89757
v -41.7703 -3.70776 3.00375
v -43.2907 -3.70583 3.04689
v -47.5669 1.12425 2.82628
v -47.4104 1.37548 2.80147
v -47.0386 -1.58883 2.87367
v -47.2308 1.61767 2.81643
v -46.1815 1.7093 2.76915
v -47.4252 0.449897 2.82703
v -46.4743 -1.93755 2.85574
v -46.9111 -1.86789 2.87454
v -46.4147 -2.17308 2.8845
v -45.0685 1.50902 2.73147
v -44.066 1.79386 2.77532
v -44.3465 3.59937 2.67479
v -46.1894 1.13115 2.77016
v -45.389 1.77523 2.75521
v -45.6068 2.41161 2.75792
v -45.8602 3.80329 2.6863
v -44.7979 4.10042 2.71105
v -45.7417 2.94383 2.60137
v -46.615 2.72602 2.71695
v -46.7945 2.25588 2.7859
v -47.2233 2.21132 2.6937
v -43.8484 0.155069 2.80463
v -44.2513 -0.630485 2.81142
v -45.9701 0.0620804 2.81401
v -44.9584 0.700066 2.78368
v -45.8773 -0.442983 2.86572
v -45.5239 2.97136 2.70038
v -45.1959 0.991121 2.77344
v -46.2968 0.558157 2.80961
v -46.6577 0.00657803 2.83927
v -42.1241 -0.747754 2.73667
v -40.6755 -0.953527 2.73626
v -41.6515 -1.5718 2.82254
v -46.1769 -0.380397 2.82973
v -46.3703 -0.860532 2.85384
v -45.813 -0.835459 2.8791
v -45.5309 -1.15662 2.86944
v -46.4397 2.05935 2.74849
v -46.9395 1.22714 2.79869
v -43.9197 -1.50421 2.8334
v -42.9616 -1.8311 2.88453
v -43.3733 -2.04235 2.89158
v -44.6696 -1.62337 2.83762
v -46.5042 1.70902 2.78873
v -45.5923 -1.52729 2.84554
v -46.1627 -1.28306 2.867
v -46.471 1.14476 2.80536
v -46.71 1.10541 2.80316
v -46.6014 0.820026 2.78926
v -43.2785 -2.99881 2.8452
v -46.0512 -1.60465 2.85757
v -41.7218 -3.62879 2.98304
v -41.5818 -4.54129 3.06023
v -42.1246 -3.75804 3.03749
v -42.4523 5.4102 2.72914
v -43.1116 6.47445 2.62195
v -43.1896 3.92471 2.73963
v -44.2771 3.62578 2.65732
v -43.6219 5.51123 2.43749
v -43.9154 2.84426 2.71639
v -43.1745 3.59224 2.78969
v -43.9518 1.90679 2.74225
v -43.6721 -0.99646 2.83958
v -44.4507 -0.504709 2.8015
v -44.0404 -0.479391 2.79348
v -44.7951 -0.761015 2.85565
v -45.1203 0.387687 2.8019
v -43.7664 0.949976 2.8322
v -43.5912 0.376774 2.76656
v -41.7019 0.137832 2.84948
v -42.6586 0.994484 2.78882
v -44.8292 1.73634 2.74808
v -45.1956 2.1478 2.74812
v -45.5686 1.60028 2.74646
v -45.5828 2.01924 2.74923
v -45.6112 0.142728 2.80782
v -45.8611 0.514159 2.7952
v -45.0285 -0.00076288 2.82229
v -45.4695 -0.0287637 2.80838
v -45.4533 -0.321798 2.83711
v -41.5217 1.81968 2.70857
v -43.8051 0.14548 2.80433
v -42.5474 -0.490078 2.79565
v -46.3426 2.36414 2.74586
v -45.8322 2.53945 2.65845
v -46.2509 1.65676 2.75736
v -45.9206 2.71431 2.68323
v -45.2275 -0.690746 2.84672
v -45.668 2.43637 2.73851
v -43.1761 -1.28696 2.82925
v -44.1859 -1.1792 2.82275
v -45.2487 -1.04807 2.85083
v -44.701 -1.43422 2.87964
v -42.8259 -1.85184 2.83422
v -45.1752 -1.32622 2.83102
v -45.1752 1.00343 2.76346
v -45.7136 0.679357 2.78696
v -45.5467 1.08161 2.7468
v -44.9271 0.720346 2.78292
v -46.049 1.46024 2.77768
v -46.0353 1.15008 2.77394
v -42.835 -2.59859 2.86428
v -44.3072 -1.89899 2.86134
v -44.8687 -1.79561 2.85944
v -45.0954 2.06781 2.75636
v -43.9539 1.79319 2.76373
v -46.0117 1.0393 2.78795
v -44.668 0.972351 2.78851
v -44.224 -1.18114 2.81809
v -43.7118 -1.10888 2.80258
v -43.7241 -1.50241 2.8552
v -44.4543 -0.887574 2.82445
v -43.5515 -0.952473 2.83433
v -44.0783 -0.484756 2.80278
v -42.5392 -0.797353 2.78309
v -44.5975 0.165588 2.80463
v -43.7195 0.358638 2.81286
v -44.1212 -0.142752 2.81015
v -43.1168 -0.0502078 2.78306
v -42.5229 0.607342 2.84228
v -41.6823 -0.125957 2.78907
v -43.0506 4.61054 2.60416
v -43.3553 3.49229 2.68137
v -44.0201 3.58933 2.5962
v -42.4938 1.16718 2.70171
v -45.0756 2.07257 2.7354
v -44.4233 2.67989 2.67109
v -44.8431 1.68888 2.74537
v -44.5 0.442018 2.78861
v -43.8075 2.93808 2.66821
v -44.0596 1.80645 2.78789
v -44.5804 -0.115047 2.80843
v -44.6633 -0.526894 2.82379
v -42.6555 -1.43361 2.80986
v -43.9045 4.60327 2.52699
v -44.6556 3.53555 2.66767
v -41.37 -2.07464 2.8363
v -41.8536 -2.61343 2.84997
v -43.8919 -1.49515 2.81358
v -43.9765 -1.84454 2.83922
v -43.6575 -1.88948 2.84557
v -41.6085 5.1836 2.67732
v -38.0728 -3.44335 2.83625
v -39.1379 -4.78629 2.98727
v -39.1871 -3.74859 2.98666
v -44.9197 1.46736 2.77222
v -45.2844 1.37913 2.73596
v -43.5195 -2.13832 2.849
v -40.8078 -3.70259 2.99163
v -45.3533 1.77664 2.75266
v -44.9519 0.727669 2.77327
v -43.0864 3.51839 2.6933
v -42.8201 2.9108 2.70205
v -44.1009 1.66858 2.74732
v -44.6995 0.999826 2.74934
v -44.3648 1.00561 2.75319
v -45.1999 0.962049 2.78163
v -43.7124 1.12929 2.78996
v -37.4173 -0.673274 2.66296
v -37.0776 -1.88335 2.64442
v -38.7724 -1.26238 2.74264
v -43.105 -0.0429544 2.77734
v -41.7337 -0.0981012 2.7764
v -43.0455 -0.53098 2.80607
v -42.5571 0.512393 2.72198
v -41.5457 1.89726 2.7138
v -41.1848 1.23684 2.718
v -42.7514 1.08711 2.80007
v -40.9519 0.414917 2.78666
v -42.1773 0.803028 2.70739
v -41.2864 0.171095 2.77346
v -43.3615 0.189236 2.77733
v -43.2402 0.578454 2.71166
v -42.9475 3.85176 2.73978
v -43.1702 3.94756 2.6678
v -43.0631 4.02851 2.736
v -43.6001 0.0592448 2.77725
v -43.9953 0.454888 2.83349
v -43.6131 -0.246787 2.80219
v -43.9483 0.633719 2.78677
v -44.0096 1.03443 2.7569
v -43.675 1.09589 2.79377
v -41.3733 -0.717694 2.77677
v -42.5671 -0.746739 2.78832
v -43.6003 -0.489528 2.79838
v -39.0059 -0.80414 2.76741
v -41.6961 -1.10943 2.7965
v -43.5126 -0.843766 2.81635
v -42.8345 -1.29785 2.82174
v -43.7174 2.00397 2.66874
v -42.9678 1.92405 2.67715
v -43.6835 1.349 2.71382
v -42.5645 2.60919 2.67082
v -41.4617 -1.33039 2.82671
v -41.8199 -1.83154 2.82002
v -43.7402 2.13802 2.69386
v -44.1823 1.52026 2.7623
v -43.9859 2.25731 2.69041
v -43.16 -1.33608 2.82383
v -42.6213 -1.53695 2.8198
v -43.4805 3.17738 2.75002
v -43.3561 2.51054 2.70362
v -44.303 2.04662 2.73283
v -42.535 1.64054 2.7427
v -42.7078 -1.75311 2.82791
v -43.2213 -1.73939 2.82868
v -41.9993 3.56598 2.66138
v -41.9992 2.84295 2.72437
v -43.2208 1.01224 2.71706
v -44.1424 1.06108 2.7785
v -42.7961 -2.03628 2.82806
v -37.021 3.2151 2.69765
v -37.4143 1.62475 2.66451
v -37.5371 2.34881 2.65459
v -39.7231 0.832395 2.77148
v -40.1648 0.33077 2.76172
v -41.4409 -0.374182 2.7967
v -41.9813 0.797735 2.78442
v -37.4389 -1.24058 2.78622
v -41.7327 -0.528759 2.77695
v -42.8405 -0.0728212 2.78318
v -40.9064 -1.24794 2.79036
v -41.4215 -1.34251 2.81929
v -41.6261 -0.965689 2.79186
v -39.9217 -1.77349 2.83013
v -40.7512 -1.88203 2.81606
v -40.8462 -0.829837 2.79496
v -42.6023 -0.74832 2.81024
v -39.7938 -1.18478 2.78898
v -42.4217 -1.21898 2.81386
v -42.2344 3.51036 2.65605
v -41.852 3.923 2.71003
v -41.9643 3.22913 2.63257
v -41.6254 -1.55766 2.82005
v -41.8499 -1.82861 2.83064
v -42.2594 -1.7104 2.82504
v -41.1048 3.79131 2.62253
v -42.0248 -1.96241 2.81786
v -41.7499 -2.08 2.83394
v -40.714 1.0011 2.76566
v -40.6771 1.66529 2.73609
v -42.2246 -2.16798 2.84622
v -41.0983 1.96676 2.6649
v -40.2259 2.88679 2.54507
v -40.1713 2.29428 2.63782
v -35.1624 3.94671 3.77918
v -35.9067 4.26334 2.68102
v -36.0777 4.24498 3.471
v -40.8507 -0.548491 2.78899
v -39.1777 -0.758427 2.74759
v -39.7889 -1.18814 2.79569
v -37.049 4.86189 2.62797
v -35.7004 4.68928 3.45021
v -37.752 6.32812 2.5777
v -39.3616 5.09441 2.58854
v -38.7496 6.03501 2.6409
v -38.1266 5.17659 2.51976
v -39.8481 0.740405 2.71739
v -40.1486 0.326513 2.76068
v -40.8868 0.431235 2.74651
v -40.9412 0.93586 2.74587
v -40.8109 1.44494 2.75215
v -41.0852 1.83877 2.70139
v -39.6002 1.99829 2.68407
v -39.9386 2.73188 2.69981
v -41.0873 0.0273676 2.76515
v -41.5743 0.392428 2.76444
v -41.4905 0.678095 2.7497
v -37.4834 0.434953 2.64035
v -36.1344 0.91961 2.68329
v -37.2928 -0.0159742 2.70548
v -38.8786 6.72471 2.59602
v -41.3817 -0.0130058 2.76039
v -40.1367 -0.399569 2.77513
v -40.8524 -0.0657297 2.78088
v -41.3514 -0.162237 2.77067
v -41.4215 -0.386998 2.79534
v -41.0207 -0.923726 2.79205
v -41.2496 -1.26136 2.81537
v -39.4982 5.61809 2.65006
v -41.6685 1.94094 2.73361
v -40.9081 2.52888 2.66595
v -41.0928 2.99265 2.68695
v -40.9441 -1.23134 2.80449
v -40.8677 -0.886459 2.80701
v -40.7491 -1.15687 2.82109
v -41.2198 1.30625 2.72489
v -41.9805 1.43647 2.7822
v -41.8816 2.02046 2.70992
v -39.6308 3.51869 2.59904
v -41.8389 1.21321 2.71678
v -39.066 2.99769 2.60979
v -41.7935 1.01395 2.71205
v -39.9489 1.06812 2.73912
v -36.3428 5.69268 3.27813
v -36.3753 5.5431 2.75492
v -37.5447 1.6552 2.7017
v -37.6208 2.80517 2.63565
v -39.2803 0.894932 2.74008
v -40.0081 1.03397 2.76145
v -39.5527 1.37931 2.7247
v -40.7279 0.717154 2.74769
v -40.7244 0.996667 2.74963
v -40.6516 0.371461 2.75654
v -40.1117 0.477475 2.77032
v -38.9555 0.612788 2.72302
v -39.5884 -0.0749683 2.76076
v -40.4312 -0.0185335 2.76651
v -39.7417 -0.34971 2.7842
v -39.4355 2.79715 2.64512
v -38.8668 3.39223 2.64155
v -38.4832 2.5538 2.66301
v -39.257 -0.353229 2.81031
v -40.5012 -0.160011 2.77
v -40.0944 -0.893841 2.79229
v -37.7981 -0.657697 2.77036
v -37.4903 -1.28006 2.80884
v -39.0942 -0.8544 2.79824
v -39.2642 -0.796304 2.76048
v -38.205 6.93337 2.66023
v -37.2026 6.11743 2.59259
v -38.3422 5.99461 2.60855
v -39.7765 3.7821 2.64911
v -39.5185 4.44006 2.58891
v -38.7214 4.69935 2.62199
v -40.7561 2.60494 2.62601
v -40.4501 2.7683 2.61934
v -40.3448 2.19752 2.70249
v -40.772 3.05978 2.67266
v -39.8348 -0.991797 2.79959
v -38.5256 -1.66864 2.79511
v -38.7984 3.62868 2.65538
v -40.2114 2.8852 2.64727
v -40.0028 -1.10382 2.80299
v -39.6017 -1.54602 2.81535
v -40.0431 -1.56286 2.79681
v -39.6621 1.96629 2.70022
v -39.6669 -1.39491 2.81574
v -40.5113 1.75098 2.72376
v -40.3635 1.27633 2.73274
v -40.6833 1.66893 2.72361
v -40.8417 1.25153 2.72572
v -39.9805 -1.70786 2.80217
v -35.0584 4.08842 2.74348
v -35.9856 4.83455 2.63329
v -38.1513 5.29874 2.61367
v -38.8767 4.99858 2.60637
v -36.6855 6.78525 2.59913
v -38.3171 0.81491 2.73412
v -38.1184 1.14506 2.7094
v -37.4529 1.13548 2.69928
v -38.5234 2.5296 2.67852
v -38.5564 3.08847 2.65822
v -38.1336 3.43492 2.63673
v -39.5496 2.25439 2.708
v -37.5043 1.69339 2.68215
v -39.4412 2.80643 2.62935
v -38.7112 3.59675 2.62796
v -38.9244 0.718944 2.74561
v -39.7035 0.611514 2.75515
v -39.302 0.89374 2.74978
v -37.0933 0.191132 2.71495
v -37.9753 0.204281 2.74987
v -38.7915 0.217057 2.76841
v -39.5877 0.344029 2.75405
v -39.3441 0.0132251 2.75484
v -37.5789 -0.0528668 2.71768
v -39.1125 -0.169166 2.77614
v -37.8524 -0.638849 2.79851
v -39.3532 -0.299326 2.7751
v -38.8247 4.59405 2.55479
v -36.7897 -0.377729 2.74106
v -37.0837 -0.943732 2.78686
v -40.252 3.04505 2.71573
v -39.7462 3.93102 2.61175
v -39.6931 3.47547 2.54074
v -38.7842 -0.685524 2.78521
v -37.2952 -1.36946 2.73244
v -39.0954 -0.249281 2.79896
v -39.48 -0.434983 2.78441
v -37.8204 4.80987 2.57379
v -38.7502 3.67085 2.63424
v -39.3443 3.14992 2.63509
v -36.3535 -1.47459 2.78684
v -39.0894 -0.878891 2.79612
v -34.4958 -1.47501 2.6945
v -35.1034 -2.6864 2.8107
v -39.9968 2.66132 2.6736
v -37.7598 -1.36564 2.80685
v -38.6239 -1.20449 2.80373
v -39.9568 2.25864 2.69845
v -40.2329 2.64251 2.71384
v -39.9609 1.98429 2.71031
v -39.544 1.81789 2.71073
v -37.8078 -1.80039 2.77732
v -38.9454 -1.25315 2.80271
v -39.7198 1.39152 2.72745
v -38.4335 2.04917 2.69254
v -39.4524 1.71931 2.72395
v -37.3246 2.70673 2.63377
v -38.2332 1.43065 2.70552
v -39.4091 1.26648 2.6994
v -36.2058 5.0667 2.69074
v -35.9534 8.23833 4.00152
v -36.0955 8.68007 3.56225
v -35.8993 8.56071 4.05691
v -35.9024 4.21736 2.68984
v -32.6018 3.19762 2.49223
v -32.0364 1.76219 2.63138
v -33.8901 2.30368 2.60247
v -36.2461 6.5915 2.57995
v -38.582 1.10927 2.70966
v -38.6781 0.0614362 2.74455
v -38.1833 -0.271231 2.75975
v -36.7288 5.22575 2.65315
v -35.9902 1.06291 2.65767
v -36.2635 0.206746 2.69592
v -37.1832 0.966143 2.69101
v -38.2252 3.93579 2.62744
v -38.7393 3.10593 2.63051
v -38.741 3.58783 2.64082
v -38.7315 0.813381 2.73442
v -38.8266 0.533757 2.73748
v -38.9247 0.944985 2.71635
v -37.7165 0.362293 2.72125
v -38.1223 0.50429 2.71059
v -35.6894 -0.378086 2.71407
v -37.1461 5.35677 2.67848
v -37.9139 0.204724 2.73206
v -37.506 -0.354043 2.73641
v -34.7166 -1.43982 2.72177
v -33.2651 -0.944385 2.65925
v -33.3206 -1.89735 2.75643
v -36.8736 -0.980069 2.70643
v -38.0015 -0.540463 2.74037
v -38.4533 -0.193996 2.74153
v -38.3626 -0.472818 2.76153
v -37.5217 3.96288 2.64291
v -38.5962 3.05037 2.63688
v -35.155 -2.27959 2.77725
v -35.9794 -1.80209 2.76363
v -38.9217 1.83859 2.70526
v -39.0146 2.23398 2.67378
v -38.7969 1.93424 2.69585
v -39.2884 2.25105 2.69531
v -37.9277 -0.802353 2.76204
v -38.3548 -0.770388 2.75697
v -38.1456 -1.03025 2.74449
v -36.6823 -1.72706 2.74988
v -36.463 -1.37206 2.7218
v -37.1998 3.6651 2.61847
v -37.692 3.52261 2.61572
v -37.6032 3.19336 2.64906
v -38.5926 1.38803 2.70778
v -37.6744 2.13961 2.65252
v -38.4229 1.91752 2.68998
v -39.1285 1.46207 2.71437
v -38.7383 2.57437 2.68363
v -37.475 2.73156 2.64164
v -37.0517 2.88376 2.67089
v -37.6671 -1.37003 2.77225
v -36.5597 2.72868 2.68127
v -32.6471 3.18045 2.61115
v -31.9297 4.02202 2.99176
v -32.0146 2.5286 4.06033
v -35.695 6.97689 2.64054
v -36.3594 5.53221 2.73496
v -36.4912 6.33284 2.64346
v -35.3546 4.12255 2.92825
v -36.6683 4.78017 3.27188
v -36.075 4.69899 2.59874
v -36.457 4.94219 2.74513
v -36.0617 2.55552 2.65443
v -36.295 3.22701 2.61892
v -36.9565 4.85268 2.56364
v -37.9926 3.85907 2.63091
v -37.67 4.46298 2.58536
v -37.4886 4.01341 2.60005
v -38.5431 3.05141 2.65803
v -38.4365 3.66849 2.63196
v -37.743 3.48843 2.63052
v -37.5104 -0.743724 2.76342
v -37.7242 -0.207213 2.76241
v -37.123 -0.772123 2.78118
v -35.2618 0.671279 2.55225
v -35.7129 -0.4268 2.73573
v -36.975 -0.0672378 2.76829
v -34.5154 -1.14346 2.69639
v -36.108 -0.788657 2.73394
v -37.8846 0.313603 2.73858
v -37.17 -0.470636 2.73935
v -36.3 5.93025 3.06626
v -35.6717 -1.38631 2.74283
v -34.765 -1.42132 2.74545
v -34.9129 -2.16174 2.80254
v -37.0233 -1.21764 2.78871
v -36.4749 -1.27433 2.75018
v -37.2047 3.67505 2.60268
v -35.6439 4.13014 2.73615
v -35.6338 1.88263 2.65229
v -35.9581 1.03611 2.65526
v -36.858 1.35093 2.70307
v -34.9132 1.44984 2.69776
v -37.5831 2.99075 2.6006
v -37.4811 3.20578 2.63661
v -37.214 3.33203 2.69805
v -33.8609 2.25485 2.66493
v -34.4655 2.1239 2.61349
v -33.8974 2.78962 2.5473
v -37.6231 2.08495 2.68683
v -36.879 2.37912 2.64379
v -37.0572 1.75782 2.67446
v -36.7939 0.618333 2.77489
v -37.2649 0.719334 2.66349
v -37.0235 1.06658 2.71508
v -37.7513 1.12883 2.70829
v -37.6374 1.21978 2.74345
v -37.3752 1.04828 2.65431
v -34.4673 0.671089 2.74785
v -37.0558 3.07106 2.66682
v -37.7132 2.33245 2.69185
v -37.5285 3.78155 2.62557
v -37.6922 3.44978 2.63335
v -37.8063 3.74033 2.60761
v -35.3164 4.08292 2.97317
v -37.045 3.78161 2.65995
v -36.9042 2.53146 2.66137
v -37.252 1.66106 2.68375
v -37.0238 -0.117219 2.73517
v -37.0532 0.169823 2.73616
v -36.8185 0.04711 2.78672
v -35.9397 4.96041 3.07305
v -35.3666 6.44596 3.29587
v -34.8038 6.06502 3.80266
v -37.0702 4.11543 2.64712
v -36.4153 5.47256 2.74374
v -36.073 4.72119 2.5864
v -35.9235 4.20148 2.69801
v -36.5692 2.71866 2.67924
v -35.1206 3.66395 2.63658
v -34.6909 2.83587 2.61965
v -35.8637 0.686543 2.69778
v -36.888 0.527314 2.83304
v -37.0242 0.341495 2.72115
v -36.1709 0.226675 2.74672
v -36.4191 -0.497914 2.73607
v -36.4574 -0.89265 2.75278
v -33.3946 -2.16478 2.76832
v -32.2517 -1.99838 2.81326
v -33.0172 -2.94227 2.78852
v -36.1358 4.32469 3.23957
v -34.7628 1.8663 2.63776
v -33.997 1.65128 2.64538
v -35.2952 3.13373 2.59768
v -34.2453 3.57836 2.62872
v -35.7203 3.38233 2.60346
v -36.1389 5.21983 3.6473
v -36.2095 4.47884 3.45883
v -36.4552 4.55393 3.23135
v -35.7515 3.9862 2.75888
v -36.4635 3.17044 2.59785
v -36.1699 4.08955 2.6068
v -34.2855 2.29068 2.62628
v -34.8736 2.22102 2.60906
v -34.6894 2.84555 2.61094
v -31.7111 4.14084 2.95046
v -33.2124 4.28912 3.58198
v -32.042 4.24628 3.68777
v -36.1835 1.78269 2.67301
v -35.0897 2.92149 2.63909
v -34.9178 1.3317 2.70948
v -36.2909 1.4156 2.69639
v -35.6488 1.12162 2.65941
v -35.8518 0.900682 2.70159
v -35.4933 1.0194 2.76041
v -36.4449 3.93263 3.34753
v -36.1976 4.67506 3.12402
v -36.2689 4.64218 2.62269
v -36.7385 4.00282 2.59775
v -35.2597 0.623577 2.65821
v -36.3603 0.388104 2.70425
v -36.3979 0.795977 2.76776
v -36.2813 0.610246 2.7267
v -35.7698 0.647989 2.70763
v -35.7891 0.167414 2.76128
v -33.5422 0.305199 2.70437
v -34.9066 0.00053466 2.76523
v -35.3539 4.80349 3.45394
v -35.7148 4.07827 2.86717
v -35.0563 4.92908 3.61243
v -36.8224 3.45102 2.66999
v -36.2143 0.105376 2.75642
v -35.1785 -0.311293 2.73779
v -35.1482 -0.504445 2.77354
v -35.5344 -0.190764 2.74316
v -37.1152 3.03608 2.77056
v -35.7675 -0.496451 2.77565
v -36.8914 3.07457 2.69321
v -36.1367 -0.184454 2.74923
v -32.3552 -1.03209 2.71011
v -33.2803 -2.04193 2.73455
v -33.8008 -1.02729 2.73008
v -34.7443 -1.12802 2.75567
v -36.3561 3.15935 2.6446
v -36.5172 2.5576 2.64817
v -32.3955 3.26368 2.52478
v -32.9082 4.25183 2.61251
v -36.9623 2.52306 2.67633
v -36.741 2.36021 2.68084
v -36.4225 2.34643 2.66689
v -36.6425 2.1245 2.69616
v -34.5151 0.592075 2.72645
v -35.3435 0.665354 2.70701
v -35.0015 1.08948 2.67469
v -34.7196 2.00307 2.67915
v -35.3956 1.84641 2.64389
v -35.4344 2.15122 2.64835
v -35.0308 1.39707 2.71097
v -30.4265 -0.394065 2.69916
v -31.6699 -1.75195 2.76201
v -30.8954 0.470887 2.65331
v -29.7747 1.39369 2.58597
v -33.2862 1.67709 2.6455
v -34.2398 1.20925 2.64896
v -33.0582 0.442732 2.66612
v -32.8252 1.0676 2.62217
v -35.6681 1.48062 2.69828
v -33.8047 -0.488478 2.71836
v -33.3672 -0.100932 2.73786
v -35.0456 2.91739 2.61994
v -34.2933 4.19435 2.60135
v -33.8194 3.33777 2.5854
v -35.8076 2.77504 2.63084
v -34.458 2.23992 2.69213
v -35.8315 1.78233 2.66672
v -31.5733 1.686 2.64774
v -35.5513 0.963886 2.67805
v -35.2967 0.517425 2.72262
v -34.2064 0.328244 2.79651
v -34.8888 0.00112624 2.7363
v -35.4805 0.803691 2.69028
v -35.478 4.60406 3.64212
v -34.9083 5.94079 3.82365
v -34.9002 5.2409 4.01252
v -35.5655 0.599382 2.71455
v -35.6183 0.225293 2.73077
v -35.724 4.08408 2.86734
v -35.7694 4.99403 3.68231
v -35.7843 4.03642 2.56819
v -35.9783 4.15676 2.70788
v -34.1309 -0.519492 2.72283
v -34.8876 -0.379378 2.73252
v -36.3262 3.02966 2.63804
v -35.9605 3.44467 2.62979
v -35.8553 3.12011 2.6511
v -34.1773 -0.970099 2.75635
v -35.6111 -0.0245371 2.73868
v -35.2921 -0.396839 2.75324
v -36.306 3.81409 2.59305
v -35.2185 4.11266 2.6133
v -35.1162 -0.518568 2.76766
v -36.1341 2.54993 2.64813
v -35.9972 2.80977 2.63636
v -35.7271 2.26128 2.66743
v -35.7441 1.86905 2.67867
v -35.3272 4.30398 3.6492
v -34.8598 4.06588 3.72329
v -35.4294 4.02952 2.98987
v -34.8812 4.25931 3.87064
v -33.1934 1.82004 2.62203
v -32.4562 2.27355 2.64361
v -32.8136 1.65933 2.64106
v -35.1176 1.21741 2.65671
v -34.2693 1.22595 2.64599
v -34.49 0.900951 2.66811
v -31.3307 -0.755002 2.66728
v -32.7039 0.186007 2.74584
v -29.9378 0.424907 2.61008
v -35.3628 4.62819 3.65951
v -35.0489 4.75386 3.8847
v -33.7855 4.19337 3.56565
v -34.1151 3.91738 2.55138
v -32.2641 4.03065 2.67806
v -34.3692 2.24725 2.59484
v -34.1506 2.72513 2.59944
v -33.8687 2.49544 2.57081
v -35.6163 4.0452 2.64738
v -35.4722 3.57647 2.58444
v -34.9969 3.70484 2.59916
v -32.3477 4.13772 2.87412
v -35.0281 1.43553 2.72325
v -35.0606 1.91345 2.64516
v -34.4672 1.71392 2.65326
v -34.6467 1.9214 2.63943
v -33.5663 1.11774 2.6692
v -34.9314 3.24262 2.61185
v -35.3689 3.13965 2.61422
v -32.9861 0.549775 2.63064
v -35.5025 3.30503 2.59533
v -31.5226 4.3609 3.59561
v -35.3137 2.12049 2.64854
v -35.0337 2.91577 2.61255
v -34.4019 3.43877 2.56831
v -35.277 2.68619 2.60828
v -33.5827 0.353991 2.70826
v -34.3528 0.380744 2.6853
v -34.9462 0.311506 2.70861
v -34.3453 0.203509 2.72841
v -34.9098 0.0297658 2.69311
v -33.2824 -0.0636996 2.68483
v -35.0598 0.683605 2.66546
v -33.7989 -0.471169 2.71247
v -32.6666 -1.0967 2.70026
v -31.0927 -1.18755 2.69595
v -31.6469 -1.72867 2.73715
v -31.9922 9.57823 5.90503
v -32.1062 8.71227 6.6248
v -31.6079 8.85262 6.12484
v -33.6432 1.69886 2.61389
v -33.7142 2.20057 2.60968
v -32.2443 4.1762 3.63261
v -32.3394 2.31895 2.59283
v -33.0794 2.5746 2.59021
v -32.0238 1.13429 2.6257
v -31.5559 1.72448 2.62013
v -31.7039 4.12247 3.45496
v -31.6672 3.02833 2.55865
v -33.3427 2.99334 2.58213
v -33.5461 2.85859 2.59144
v -35.1037 4.15721 3.59702
v -34.813 4.55578 3.90066
v -34.6502 4.15882 3.67822
v -32.6139 4.10021 2.46227
v -33.6975 3.3609 2.57004
v -34.3068 1.87323 2.65076
v -33.5419 1.08439 2.66206
v -31.8747 0.824633 2.65407
v -33.1059 0.561589 2.67348
v -33.7211 1.50468 2.65939
v -34.1674 1.29841 2.66208
v -34.2529 1.07599 2.65442
v -33.8555 0.587286 2.66159
v -30.6644 0.397192 2.58575
v -30.0366 -0.592755 2.67651
v -31.3722 0.149368 2.68612
v -31.7525 0.465065 2.63306
v -34.0683 0.432259 2.67687
v -32.5007 0.0895544 2.67076
v -33.601 0.284348 2.69633
v -34.7068 2.83895 2.6155
v -34.4216 3.38113 2.58555
v -34.4303 2.76918 2.61202
v -33.3002 -0.138585 2.69616
v -33.8854 2.3265 2.60233
v -34.2934 2.28336 2.6115
v -33.9926 -0.11819 2.69004
v -31.4703 8.86822 6.75851
v -30.7518 9.38244 8.06295
v -30.5829 9.18116 7.17956
v -30.6669 2.16414 2.57211
v -33.2198 2.19027 2.5872
v -33.1779 1.76072 2.62877
v -33.4044 1.98198 2.60393
v -33.6047 3.82066 2.55091
v -33.6065 4.34395 2.54255
v -34.3814 4.38503 3.97151
v -33.7268 4.85044 3.99306
v -34.0991 3.99901 3.50012
v -32.4438 3.18979 2.56493
v -31.8391 4.06236 3.01964
v -33.102 3.64048 2.52728
v -33.4382 1.44462 2.61851
v -33.6827 2.21026 2.57749
v -31.8184 1.94159 2.55367
v -32.3283 2.29924 2.58705
v -33.1117 1.6146 2.62542
v -31.9621 1.13253 2.58654
v -32.9658 1.17643 2.63365
v -33.8394 3.55946 2.54927
v -33.9706 3.77212 2.53753
v -33.5894 3.65704 2.56781
v -31.7199 0.476553 2.61899
v -30.4524 0.489438 2.60526
v -32.7045 0.879409 2.63642
v -33.3232 2.86022 2.57886
v -33.1883 1.13031 2.63337
v -32.6532 0.510154 2.60769
v -33.285 0.578145 2.63428
v -33.2563 1.00939 2.62723
v -31.3307 0.162279 2.65651
v -30.4303 -0.364171 2.66362
v -32.5203 0.187488 2.66344
v -32.6995 -0.170463 2.6615
v -30.8107 -0.424141 2.62086
v -31.3673 -0.797994 2.62564
v -32.6077 2.86907 2.54927
v -31.1329 2.62462 2.52304
v -31.0184 3.02566 2.53941
v -32.3764 2.07668 2.5781
v -32.2927 1.5936 2.58303
v -30.1017 1.13848 2.58156
v -30.6134 1.75526 2.55695
v -29.7405 0.409478 2.61108
v -30.318 0.844676 2.56709
v -29.1203 2.28664 2.55762
v -31.7149 3.60804 2.53057
v -30.8613 3.90759 2.53401
v -31.2335 0.277717 2.63488
v -31.8118 0.825914 2.62922
v -29.2564 8.7377 5.71949
v -30.0932 9.45334 5.66428
v -30.0655 8.54115 6.40061
v -32.8509 3.4076 2.53151
v -33.1966 2.65872 2.58054
v -30.8785 2.68933 2.616
v -30.5841 8.23225 7.88534
v -30.8569 8.97569 7.59561
v -30.5951 9.14282 8.24191
v -33.1158 1.9773 2.59262
v -32.8665 1.52861 2.61526
v -31.9917 1.12902 2.59025
v -32.7675 3.91211 2.51182
v -32.2645 3.97462 2.87948
v -32.783 4.03568 2.85451
v -33.0296 4.14041 2.69204
v -33.4337 3.67659 2.54593
v -33.2875 3.05293 2.50034
v -31.7961 4.11678 3.50933
v -31.8249 4.05851 3.02086
v -29.4853 9.18722 6.78225
v -30.5952 8.69914 6.60646
v -31.4982 3.30457 2.53261
v -30.2969 3.31067 2.49321
v -29.007 9.03005 4.3041
v -30.6097 8.54412 4.29728
v -30.1372 9.13045 5.13111
v -31.5651 2.72784 2.53647
v -31.8826 2.04613 2.57533
v -32.5666 2.30698 2.6059
v -31.8209 4.13608 3.25116
v -30.8389 4.40012 2.53188
v -29.7778 2.83794 2.54835
v -30.5731 8.24611 7.88111
v -32.127 3.47512 2.54576
v -32.7774 3.90662 2.50871
v -32.9251 3.47281 2.54596
v -33.1346 4.29399 2.58137
v -32.4441 2.07757 2.59809
v -31.9811 1.73211 2.58853
v -29.8149 1.89672 2.58737
v -30.6652 1.75133 2.60466
v -30.2082 1.12505 2.60815
v -31.8872 1.46843 2.61019
v -29.1979 1.03421 2.62243
v -32.2651 1.52054 2.62227
v -31.5078 0.975299 2.63102
v -30.5108 0.856735 2.63319
v -30.3815 0.156532 2.638
v -32.8091 4.01082 2.87233
v -32.6496 2.85639 2.58065
v -31.8802 3.30622 2.54297
v -29.2877 0.382984 2.64116
v -32.2717 1.04358 2.6243
v -31.8651 0.837771 2.67368
v -32.2708 0.494909 2.6572
v -31.938 0.82916 2.6152
v -29.9104 4.37805 2.50992
v -30.2131 3.49931 2.55313
v -31.2229 0.264165 2.64069
v -30.6948 -0.179369 2.6457
v -30.0684 -0.579856 2.67571
v -32.7012 3.20819 2.54319
v -31.5553 0.0440401 2.65033
v -32.1537 0.157866 2.65945
v -30.4851 7.88303 5.05297
v -29.3419 8.52972 5.1335
v -29.4037 8.29731 5.65904
v -31.4352 1.36598 2.61625
v -31.2979 1.06361 2.61641
v -31.7021 1.1074 2.61483
v -29.494 3.07184 2.53773
v -32.4104 4.04545 2.56326
v -32.5226 4.08569 2.88539
v -32.7346 4.0365 2.70396
v -31.4975 2.17677 2.55822
v -31.9344 2.04718 2.58838
v -32.1276 2.42452 2.57633
v -29.9238 3.85191 2.48876
v -28.2664 4.93499 2.56839
v -29.2205 3.47243 2.48808
v -31.1624 2.64627 2.54908
v -31.8549 3.99376 2.49079
v -31.6561 3.65955 2.48755
v -32.2452 3.376 2.53
v -30.9449 1.81641 2.58753
v -31.8806 1.61056 2.59876
v -32.3399 4.17075 3.61713
v -31.6542 4.28423 3.53523
v -30.3976 0.401403 2.63805
v -31.2602 0.809407 2.6423
v -30.7012 -0.196128 2.63617
v -30.9331 0.432354 2.65601
v -29.9512 -0.240763 2.57365
v -31.5505 0.514482 2.63522
v -31.4382 2.9209 2.54285
v -30.5579 3.03841 2.52115
v -31.5524 3.40993 2.52318
v -32.0066 2.67428 2.5709
v -29.8494 2.68889 2.51117
v -29.7982 1.75087 2.58351
v -27.1646 1.91095 2.50414
v -28.9185 2.40302 2.56687
v -27.0394 2.91512 2.49452
v -30.9713 3.01222 2.54125
v -29.8605 3.64474 2.51201
v -30.2474 3.07549 2.52058
v -32.2839 4.1972 3.66093
v -32.251 3.92561 2.95098
v -28.7706 5.19531 2.56107
v -28.1163 4.2565 2.51652
v -30.114 4.46175 2.46584
v -30.7163 2.70959 2.55556
v -31.6403 2.3761 2.574
v -31.2329 3.26234 2.53364
v -31.789 3.41685 2.54042
v -31.3633 3.5264 2.52868
v -31.7417 2.83559 2.55228
v -30.5565 1.87964 2.57644
v -31.4256 1.52286 2.60089
v -30.6823 1.28348 2.59363
v -30.0025 1.38988 2.63404
v -31.2446 0.863395 2.63006
v -31.4331 1.32561 2.60786
v -30.8086 0.746886 2.64019
v -29.3022 0.815316 2.61729
v -30.4141 0.841967 2.58294
v -29.6698 0.393326 2.61487
v -28.3966 0.0862218 2.61253
v -26.9514 0.0772788 2.64944
v -28.4733 -0.448771 2.64755
v -28.0184 -1.28044 2.67543
v -29.8434 0.12328 2.64579
v -30.3611 0.151887 2.6165
v -30.9219 0.362432 2.63312
v -28.912 -0.771427 2.63768
v -30.3737 -0.365478 2.65133
v -32.2009 4.08327 2.71671
v -32.5239 4.03699 2.93479
v -31.7656 4.00035 2.50664
v -32.2341 4.18268 3.68822
v -31.6531 4.29782 3.54308
v -31.3168 3.90766 2.50756
v -30.5396 2.44926 2.55318
v -30.4151 2.2161 2.59783
v -30.9001 2.22288 2.57543
v -29.3832 5.20548 2.53972
v -29.9085 4.52869 2.46744
v -30.8146 4.43579 2.49138
v -27.6247 1.27398 2.5769
v -28.7273 1.91133 2.54343
v -28.4876 6.05463 2.52687
v -27.6429 7.32625 2.4993
v -26.5212 7.11408 2.4545
v -29.8341 2.59349 2.55634
v -29.8858 1.75411 2.56826
v -30.8245 1.76616 2.59199
v -31.1203 2.40107 2.57433
v -30.7541 2.66353 2.53592
v -27.5875 9.09637 3.49441
v -27.5365 8.49255 3.05931
v -28.0361 8.76062 3.12777
v -28.6059 1.35741 2.57499
v -28.8595 0.398166 2.60381
v -30.3703 0.809029 2.65494
v -27.5258 0.305119 2.5918
v -28.0968 -0.0129172 2.66384
v -29.1118 1.0163 2.59317
v -28.7293 5.33834 2.55901
v -30.8206 1.10394 2.59327
v -30.1505 1.09808 2.58603
v -30.6945 1.32127 2.59339
v -30.095 3.54287 2.49836
v -29.9937 3.82469 2.52809
v -30.3671 3.75357 2.5109
v -30.6177 4.02913 2.49591
v -30.1732 2.90585 2.51142
v -31.2142 2.88214 2.55945
v -29.6095 3.08888 2.49544
v -31.3332 3.90866 2.51118
v -27.0605 4.28676 2.44595
v -27.0037 2.91492 2.47651
v -28.3108 3.38227 2.53149
v -28.0709 1.24401 2.56556
v -27.7175 0.249342 2.59868
v -29.8471 1.6478 2.58417
v -30.1194 1.32563 2.58817
v -29.6348 1.03337 2.585
v -29.7592 0.748052 2.62413
v -30.3067 1.12633 2.60468
v -25.0298 7.29877 2.40978
v -25.9989 8.65146 3.14424
v -29.8492 5.78101 2.5246
v -29.8724 5.14759 2.55014
v -30.1313 5.40112 2.51484
v -28.4884 -0.467448 2.6525
v -27.6561 -1.12957 2.66234
v -28.6355 -1.0169 2.62867
v -28.6814 2.80845 2.53526
v -29.061 2.30755 2.52808
v -29.6819 2.44452 2.55726
v -29.71 2.06872 2.57265
v -30.1164 2.34319 2.55753
v -28.7523 5.33102 2.56899
v -29.9058 4.53041 2.46923
v -28.6747 6.30199 2.50846
v -27.9694 6.583 2.51954
v -28.2416 7.25251 2.50893
v -30.4077 4.52432 2.50628
v -30.2668 2.58823 2.55332
v -29.8001 3.07118 2.50322
v -29.8972 2.69226 2.53577
v -30.5128 2.9747 2.53589
v -30.47 4.10333 2.5005
v -29.778 0.417603 2.65321
v -30.2846 0.457061 2.62002
v -29.8093 0.113108 2.63845
v -26.3321 -1.27981 2.64601
v -26.7038 -2.19632 2.71785
v -27.9295 5.39588 2.48997
v -28.5644 4.40923 2.46642
v -28.6785 5.05179 2.55712
v -29.992 3.83707 2.52517
v -30.3715 3.80754 2.5063
v -30.0314 4.27545 2.47649
v -30.5586 3.47493 2.5215
v -30.2894 3.30074 2.51018
v -28.383 3.61337 2.48495
v -29.1918 3.74631 2.52004
v -29.976 3.37746 2.52545
v -27.1945 3.03191 2.49006
v -26.2218 0.263396 2.61625
v -26.7268 1.29109 2.55813
v -24.5775 -0.445595 2.60417
v -25.9258 -0.682411 2.59506
v -29.7452 1.02669 2.60068
v -29.3918 1.40201 2.60894
v -28.1396 -1.57355 2.66423
v -28.0427 -0.496286 2.62037
v -24.884 -1.65294 2.60915
v -29.3477 -0.208778 2.6243
v -27.6682 2.64967 2.49892
v -28.8905 2.2353 2.57159
v -29.2323 2.48017 2.53617
v -29.7769 2.816 2.54955
v -29.6529 2.28124 2.55498
v -29.7951 1.74892 2.58435
v -29.0125 1.76743 2.57713
v -29.1686 0.385792 2.63184
v -29.2176 0.0210781 2.66924
v -29.7466 0.402643 2.64064
v -28.237 5.97192 2.54239
v -27.9589 5.50637 2.51622
v -28.9577 4.95574 2.56563
v -29.5774 4.45254 2.48684
v -29.2235 4.38516 2.48719
v -29.8715 0.587517 2.62181
v -28.2881 4.89034 2.58525
v -29.2469 3.30175 2.51747
v -29.6401 3.16323 2.54236
v -29.6225 4.04332 2.4987
v -26.9716 5.74184 2.4938
v -26.7407 5.10404 2.5145
v -27.5776 4.93282 2.52941
v -27.8439 3.99605 2.46682
v -28.7451 4.0402 2.47763
v -29.5364 3.81994 2.5131
v -28.3673 3.63611 2.49309
v -29.2076 3.57656 2.52652
v -26.8797 3.34977 2.49957
v -27.6445 3.36057 2.49976
v -26.7513 3.70105 2.47238
v -26.9861 2.68345 2.50241
v -27.5948 2.32028 2.52069
v -29.6914 2.44411 2.56888
v -28.7594 1.91034 2.55934
v -27.9563 2.17026 2.55263
v -27.3155 1.53474 2.53001
v -28.2943 1.49798 2.57556
v -26.9971 0.749077 2.60845
v -28.8836 0.407204 2.61306
v -28.878 0.889567 2.61754
v -28.0377 -0.0329113 2.65497
v -27.6937 0.982047 2.57692
v -26.8349 -1.45552 2.63289
v -27.5972 -0.750128 2.64024
v -28.8285 1.28222 2.58258
v -29.2565 1.61669 2.58637
v -27.1765 -1.84475 2.64966
v -28.9108 -0.0713491 2.63169
v -27.1946 2.76005 2.5007
v -26.5334 2.29463 2.51521
v -27.3327 4.35261 2.44427
v -27.4996 4.90024 2.54391
v -26.271 4.83301 2.59249
v -28.2169 4.33615 2.44991
v -28.7154 4.08238 2.49397
v -28.6199 4.47465 2.476
v -28.8361 2.0553 2.54476
v -29.055 2.65514 2.53897
v -29.0999 1.00016 2.59372
v -29.3222 0.814463 2.62634
v -27.7848 5.22326 2.51733
v -27.0346 5.76265 2.52603
v -28.919 0.358135 2.62028
v -29.2725 0.351891 2.59948
v -25.5641 4.19948 2.48461
v -26.4299 3.26322 2.49524
v -26.7062 3.83702 2.45442
v -28.366 3.62328 2.50457
v -28.9326 3.502 2.48912
v -28.8909 3.7174 2.50197
v -28.7475 3.25443 2.50769
v -29.3793 0.256069 2.63518
v -29.217 -0.306571 2.63031
v -27.4221 -2.17109 2.69103
v -27.6028 3.87424 2.46528
v -25.9602 4.7888 2.57627
v -27.1548 3.03182 2.49513
v -28.2013 2.96043 2.53436
v -28.2186 3.40529 2.50995
v -26.5166 2.65469 2.52174
v -28.0472 2.72327 2.52524
v -28.2355 2.38619 2.53319
v -28.8426 2.23489 2.55996
v -26.0966 4.8926 2.54442
v -26.0691 4.45361 2.41054
v -27.1421 4.38017 2.41844
v -25.7102 4.74385 2.57523
v -25.9874 0.814162 2.56931
v -27.3667 1.10207 2.58298
v -25.9117 0.189515 2.55374
v -24.7518 -0.0221724 2.59169
v -27.7781 1.26571 2.54551
v -27.9548 1.90203 2.54304
v -28.1315 1.21504 2.57792
v -27.6433 0.957793 2.5694
v -28.3085 1.00093 2.58969
v -26.1394 1.33557 2.5478
v -26.8678 1.86532 2.51922
v -22.7156 -1.747 2.54958
v -23.6848 -2.44519 2.67127
v -23.3727 -1.84324 2.54818
v -26.8103 2.63625 2.4819
v -25.7582 1.90699 2.51669
v -27.8974 2.10076 2.54194
v -27.4868 0.34013 2.60754
v -27.3916 3.99456 2.48337
v -28.0372 3.94324 2.4721
v -26.6752 4.88765 2.5354
v -26.9512 4.90252 2.51851
v -25.215 5.41932 2.46024
v -26.7103 3.8164 2.45068
v -28.1766 0.409899 2.61622
v -27.8329 0.247795 2.60537
v -27.9513 -0.0394845 2.62503
v -28.3548 0.0962683 2.6114
v -28.6787 0.780266 2.60992
v -28.6438 0.30395 2.61349
v -28.9012 0.344539 2.6073
v -25.758 3.22047 2.47924
v -25.3613 2.54502 2.47882
v -27.8826 -0.488761 2.6053
v -27.7294 3.4404 2.50512
v -27.8237 3.62758 2.4793
v -28.4783 -0.0770258 2.61452
v -27.7197 -1.29886 2.61657
v -26.4841 -1.87514 2.65098
v -26.6423 -2.77397 2.6758
v -23.2038 3.11125 2.57279
v -24.8272 3.53362 2.42577
v -24.1637 4.3419 2.28898
v -26.1926 3.30957 2.46969
v -27.8181 2.99464 2.51664
v -28.4687 -0.434745 2.63704
v -28.8608 0.0652377 2.615
v -28.2922 1.88335 2.55585
v -28.2342 2.52506 2.52723
v -28.1643 2.69674 2.51189
v -27.6455 2.68063 2.5049
v -27.1114 2.86537 2.50415
v -27.7662 2.51716 2.51328
f 1 2 3
f 4 5 6
f 7 8 1
f 3 2 9
f 10 11 12
f 9 2 13
f 14 15 16
f 17 3 9
f 7 1 3
f 4 6 14
f 7 18 19
f 20 21 22
f 23 24 25
f 26 27 28
f 26 28 29
f 30 31 32
f 31 33 34
f 35 36 37
f 26 29 38
f 39 35 40
f 41 42 43
f 44 45 46
f 45 44 47
f 40 35 37
f 48 49 50
f 49 48 51
f 38 40 37
f 52 34 33
f 53 54 50
f 37 36 55
f 36 56 55
f 54 33 50
f 57 58 59
f 60 61 62
f 61 60 63
f 23 64 45
f 44 46 63
f 65 66 67
f 61 65 62
f 32 68 69
f 70 71 72
f 73 23 74
f 23 73 75
f 75 76 45
f 77 44 49
f 44 77 78
f 79 80 81
f 74 23 82
f 36 83 59
f 40 37 38
f 37 40 84
f 85 22 86
f 47 45 76
f 23 45 87
f 51 88 89
f 90 91 92
f 85 93 77
f 89 88 94
f 95 74 79
f 94 96 32
f 96 94 88
f 73 97 98
f 36 99 41
f 99 36 100
f 82 90 101
f 74 82 101
f 102 90 99
f 80 38 81
f 102 84 40
f 38 59 103
f 32 69 94
f 93 104 47
f 37 84 100
f 96 88 105
f 44 105 49
f 105 88 49
f 61 106 98
f 106 61 105
f 72 83 70
f 93 47 78
f 44 78 47
f 105 61 96
f 73 98 75
f 98 106 75
f 107 108 109
f 110 111 112
f 111 110 113
f 114 115 116
f 115 114 45
f 47 45 117
f 45 47 118
f 45 119 115
f 119 45 118
f 120 119 118
f 119 120 121
f 122 119 123
f 124 125 121
f 119 126 123
f 127 128 125
f 128 127 129
f 130 125 128
f 125 130 131
f 132 133 112
f 134 130 135
f 136 137 138
f 93 114 139
f 130 128 135
f 135 128 41
f 135 140 134
f 140 135 141
f 111 137 142
f 132 142 139
f 132 143 116
f 143 132 139
f 116 143 114
f 41 144 145
f 141 146 147
f 45 114 117
f 93 148 149
f 148 93 150
f 117 93 149
f 151 152 140
f 152 151 153
f 149 47 117
f 151 154 153
f 155 104 156
f 104 157 149
f 157 104 158
f 93 117 139
f 121 120 159
f 120 121 160
f 132 142 161
f 159 124 121
f 155 118 157
f 162 118 120
f 118 162 119
f 163 123 131
f 125 124 164
f 120 160 162
f 129 164 127
f 124 127 164
f 128 125 164
f 132 165 166
f 146 141 41
f 132 161 143
f 139 117 167
f 168 115 169
f 149 157 47
f 93 150 170
f 117 149 47
f 146 147 171
f 147 172 173
f 117 47 168
f 168 169 117
f 155 157 158
f 156 155 158
f 117 169 167
f 174 173 172
f 169 175 167
f 175 143 167
f 157 149 104
f 118 120 162
f 121 125 126
f 131 125 130
f 130 125 164
f 111 176 177
f 176 111 132
f 130 164 128
f 130 135 178
f 135 130 179
f 41 146 180
f 135 180 141
f 181 182 183
f 135 184 178
f 185 181 183
f 151 152 186
f 157 155 118
f 183 187 185
f 153 173 188
f 188 173 174
f 168 45 189
f 117 168 189
f 190 188 191
f 188 190 192
f 191 188 174
f 193 177 111
f 152 194 195
f 183 196 185
f 137 193 177
f 154 135 180
f 154 180 171
f 182 196 185
f 185 196 197
f 125 198 199
f 182 196 200
f 142 201 202
f 203 204 146
f 205 206 207
f 208 209 210
f 211 212 213
f 214 215 216
f 206 217 218
f 219 220 221
f 218 217 222
f 217 223 222
f 224 225 226
f 217 218 206
f 227 228 229
f 230 231 232
f 233 234 235
f 236 237 238
f 239 240 241
f 242 217 243
f 244 245 246
f 247 248 249
f 250 251 242
f 252 253 254
f 255 256 257
f 258 259 260
f 261 247 249
f 262 263 264
f 265 258 266
f 262 264 267
f 260 268 258
f 269 270 271
f 272 273 274
f 275 276 262
f 247 277 278
f 274 279 272
f 268 279 275
f 280 281 282
f 283 284 285
f 286 287 288
f 289 290 291
f 292 262 293
f 294 295 296
f 297 298 299
f 300 301 302
f 303 304 305
f 306 303 307
f 308 309 310
f 311 312 313
f 314 315 316
f 317 318 319
f 320 321 322
f 323 324 325
f 326 327 328
f 323 329 330
f 331 332 333
f 334 335 336
f 335 334 337
f 338 339 340
f 341 342 343
f 344 343 342
f 345 346 347
f 348 349 350
f 323 351 352
f 353 354 355
f 356 357 358
f 359 360 361
f 362 355 354
f 359 363 364
f 363 365 364
f 366 367 368
f 365 368 369
f 370 371 367
f 372 373 374
f 349 375 376
f 377 378 348
f 350 349 379
f 380 381 377
f 381 380 382
f 383 384 385
f 386 387 388
f 389 390 391
f 392 393 394
f 392 395 396
f 395 392 397
f 397 392 394
f 390 382 380
f 397 398 395
f 393 399 400
f 399 401 400
f 401 399 402
f 353 403 402
f 399 353 402
f 401 402 404
f 405 389 406
f 407 408 388
f 409 383 410
f 385 410 383
f 410 385 384
f 388 387 407
f 408 411 412
f 404 402 413
f 402 403 413
f 404 413 414
f 415 416 417
f 416 415 418
f 419 420 421
f 417 416 405
f 422 423 421
f 414 371 423
f 421 423 371
f 424 382 389
f 412 406 391
f 391 406 389
f 390 395 425
f 426 427 428
f 380 396 395
f 429 430 431
f 431 430 432
f 348 375 350
f 433 434 435
f 350 436 348
f 379 437 436
f 437 379 438
f 439 418 434
f 418 439 440
f 435 381 433
f 441 442 443
f 381 377 444
f 436 437 445
f 446 437 438
f 447 446 393
f 446 447 448
f 449 450 451
f 452 453 393
f 446 438 393
f 448 447 454
f 455 393 456
f 447 455 457
f 448 454 458
f 454 447 457
f 459 460 461
f 456 393 453
f 455 462 463
f 461 409 464
f 465 418 440
f 465 440 450
f 466 433 441
f 456 453 467
f 467 468 456
f 469 470 471
f 470 469 472
f 467 473 469
f 462 471 474
f 473 475 472
f 470 476 471
f 448 458 477
f 469 473 472
f 433 381 441
f 466 443 478
f 443 466 441
f 451 478 479
f 475 480 481
f 444 445 442
f 458 442 477
f 442 445 477
f 482 483 438
f 348 484 485
f 484 348 436
f 483 486 438
f 487 488 489
f 482 490 436
f 490 491 492
f 486 453 452
f 453 486 493
f 494 495 496
f 490 492 497
f 498 499 500
f 501 498 502
f 503 452 453
f 504 505 506
f 506 507 504
f 507 506 508
f 506 503 508
f 453 509 508
f 509 453 510
f 511 502 512
f 503 453 508
f 513 514 495
f 496 515 516
f 515 496 495
f 512 517 511
f 508 518 519
f 507 508 520
f 521 522 523
f 495 514 515
f 524 521 523
f 508 519 520
f 523 525 494
f 519 518 526
f 527 526 528
f 529 527 530
f 527 529 520
f 484 531 532
f 531 484 436
f 531 533 534
f 513 525 532
f 535 530 536
f 532 485 484
f 497 492 537
f 530 538 536
f 539 540 489
f 511 541 542
f 541 511 543
f 542 541 488
f 544 545 546
f 547 548 549
f 548 547 544
f 438 550 548
f 551 552 553
f 546 438 544
f 438 546 553
f 554 555 556
f 555 554 557
f 558 485 559
f 553 552 560
f 560 552 561
f 562 557 554
f 556 563 564
f 554 556 564
f 560 561 565
f 565 561 566
f 563 567 568
f 564 563 568
f 550 569 570
f 571 565 572
f 565 566 572
f 569 571 570
f 547 549 573
f 570 571 574
f 575 576 577
f 577 576 559
f 559 578 577
f 579 580 573
f 579 573 581
f 578 579 581
f 582 583 584
f 585 547 573
f 586 582 587
f 588 586 587
f 589 590 591
f 587 582 584
f 591 592 589
f 593 594 595
f 594 596 597
f 598 599 600
f 599 598 601
f 602 603 604
f 605 606 607
f 608 609 610
f 605 607 611
f 612 613 614
f 613 612 615
f 616 617 618
f 601 611 614
f 607 612 611
f 614 611 612
f 613 615 619
f 596 616 597
f 620 606 621
f 615 622 623
f 622 615 620
f 615 612 620
f 624 625 626
f 627 608 628
f 628 629 627
f 622 621 630
f 630 623 622
f 619 615 623
f 595 597 624
f 593 624 626
f 624 593 595
f 598 600 631
f 632 633 627
f 632 634 635
f 634 632 626
f 636 637 638
f 639 635 600
f 635 639 633
f 626 625 634
f 631 634 640
f 600 635 631
f 641 642 643
f 641 643 644
f 645 646 647
f 648 649 650
f 651 652 597
f 653 654 655
f 656 597 652
f 654 646 655
f 657 658 659
f 653 660 661
f 660 653 662
f 663 664 665
f 653 655 662
f 660 662 664
f 662 655 666
f 666 655 667
f 648 668 669
f 662 666 664
f 650 670 648
f 666 667 665
f 671 670 659
f 670 671 648
f 664 666 665
f 659 670 656
f 659 656 657
f 672 673 674
f 647 661 675
f 657 652 676
f 665 677 678
f 672 679 678
f 676 680 657
f 676 652 681
f 665 678 663
f 663 678 679
f 682 683 684
f 685 686 687
f 686 685 688
f 689 687 686
f 686 688 690
f 691 692 693
f 692 691 694
f 690 688 695
f 690 695 696
f 695 688 697
f 698 695 697
f 699 700 701
f 702 703 704
f 697 685 705
f 685 706 705
f 703 707 704
f 698 697 708
f 708 709 698
f 709 708 710
f 700 704 701
f 711 712 713
f 712 714 713
f 697 705 708
f 706 715 716
f 717 705 716
f 705 717 708
f 705 706 716
f 718 719 720
f 699 701 719
f 713 721 722
f 723 717 716
f 716 715 723
f 711 713 722
f 719 711 724
f 724 711 722
f 710 717 725
f 722 726 724
f 720 719 724
f 727 720 728
f 728 729 730
f 717 731 725
f 731 732 725
f 733 690 730
f 725 732 734
f 735 736 737
f 736 735 738
f 739 740 741
f 737 736 742
f 736 743 742
f 744 745 746
f 745 744 747
f 738 748 749
f 748 738 735
f 738 749 743
f 750 751 752
f 751 750 753
f 750 754 753
f 751 753 755
f 756 757 758
f 756 759 760
f 761 742 746
f 748 756 760
f 739 761 746
f 762 754 763
f 762 764 765
f 764 762 763
f 766 764 767
f 748 760 768
f 768 769 770
f 771 772 770
f 739 746 745
f 747 773 774
f 770 769 771
f 769 758 771
f 771 758 775
f 774 767 747
f 742 744 746
f 770 776 768
f 744 743 773
f 777 778 770
f 779 777 780
f 777 781 780
f 781 782 783
f 784 785 786
f 785 784 787
f 788 785 787
f 789 790 784
f 787 791 788
f 791 787 790
f 790 787 784
f 786 792 793
f 786 793 794
f 795 794 796
f 794 795 797
f 798 799 800
f 786 794 797
f 784 797 789
f 801 802 803
f 789 797 795
f 804 805 806
f 807 808 803
f 808 809 810
f 811 812 810
f 809 811 810
f 795 796 813
f 813 814 815
f 814 813 796
f 816 817 812
f 810 812 817
f 818 819 820
f 819 818 810
f 808 810 818
f 820 821 822
f 821 820 819
f 823 824 825
f 823 817 826
f 815 814 827
f 795 813 828
f 813 804 806
f 822 821 791
f 821 788 791
f 805 829 830
f 831 832 833
f 834 835 836
f 836 837 838
f 838 834 836
f 834 838 839
f 840 836 835
f 841 838 842
f 843 834 844
f 843 844 845
f 846 847 848
f 847 846 849
f 839 850 851
f 852 853 854
f 855 854 853
f 856 857 858
f 859 860 861
f 862 863 864
f 865 866 867
f 849 866 847
f 868 865 869
f 848 847 868
f 848 868 870
f 845 871 872
f 873 874 840
f 873 840 835
f 875 876 877
f 878 879 880
f 881 882 883
f 882 881 884
f 885 886 887
f 884 881 888
f 889 890 891
f 890 889 892
f 893 884 894
f 890 882 891
f 895 896 897
f 896 898 899
f 900 901 902
f 887 886 903
f 904 900 902
f 904 902 905
f 903 886 897
f 906 897 899
f 895 907 908
f 897 896 899
f 904 905 909
f 905 902 910
f 908 911 912
f 896 908 912
f 888 881 913
f 914 915 916
f 917 916 918
f 884 919 882
f 888 920 921
f 907 908 895
f 896 895 908
f 906 899 922
f 898 923 924
f 894 911 925
f 897 896 926
f 898 896 912
f 921 927 888
f 899 898 924
f 921 920 928
f 899 924 922
f 921 929 930
f 920 882 931
f 932 933 882
f 882 934 931
f 935 885 936
f 934 937 938
f 934 939 940
f 939 934 933
f 941 940 942
f 940 941 934
f 943 944 945
f 922 924 930
f 940 939 946
f 943 946 939
f 946 943 947
f 940 946 942
f 947 945 948
f 949 947 950
f 886 903 951
f 952 908 895
f 886 897 953
f 895 907 952
f 895 908 896
f 897 954 953
f 908 912 896
f 888 955 956
f 957 958 959
f 960 961 951
f 886 951 962
f 963 907 886
f 964 965 886
f 886 907 895
f 886 953 964
f 908 896 895
f 908 895 952
f 966 967 968
f 969 970 971
f 972 965 966
f 953 973 964
f 908 952 974
f 966 965 951
f 975 976 977
f 978 975 979
f 977 980 981
f 982 983 984
f 985 986 987
f 985 987 988
f 984 983 989
f 990 991 992
f 993 983 994
f 995 996 997
f 996 995 998
f 988 985 987
f 999 1000 1001
f 1001 985 999
f 1000 1002 1001
f 1003 1004 1005
f 1006 1007 1008
f 1009 1010 1011
f 1012 1013 1014
f 990 1015 1016
f 1017 999 1018
f 1019 1020 1021
f 999 1000 1020
f 1006 1008 1022
f 1023 1019 1024
f 1019 1025 1026
f 1027 1028 1029
f 1028 1027 1030
f 1027 1029 1022
f 1031 1032 1033
f 1032 1031 1034
f 1028 1032 1034
f 1032 1030 1035
f 1029 1028 1034
f 1032 1036 1033
f 1036 1037 1038
f 1036 1039 1033
f 1033 1039 1040
f 988 1041 987
f 988 987 1009
f 1042 1043 1044
f 1011 1010 1045
f 990 1016 1046
f 1047 1048 1049
f 1048 1047 1050
f 1001 1041 1051
f 1051 1052 1001
f 1052 1051 1053
f 1054 1055 1056
f 1057 1058 1054
f 1054 1050 1057
f 1059 1060 1061
f 1062 1063 1059
f 1063 1062 1064
f 1048 1059 1049
f 1063 1065 1059
f 1066 1060 1067
f 1065 1068 1067
f 1069 988 1011
f 990 1070 1015
f 1071 1070 1072
f 1018 988 1073
f 1012 1014 1074
f 1075 1074 1015
f 1074 1075 1012
f 1072 1070 1076
f 1067 1066 1060
f 1066 1067 1077
f 1059 1060 1049
f 1078 1079 1080
f 1080 1079 1081
f 1065 1059 1008
f 1067 1068 1082
f 1049 1060 1066
f 1067 1082 1077
f 1083 1077 1071
f 1049 1066 1084
f 1083 1072 1085
f 1049 1084 1086
f 1055 1087 1081
f 1087 1055 1088
f 1080 1081 1087
f 1089 1090 1059
f 1089 1086 1091
f 1086 1089 1049
f 1088 1055 1092
f 1080 1087 1091
f 1088 1008 1090
f 1050 1089 1091
f 990 1093 1094
f 1095 1096 1097
f 1098 1099 990
f 1100 1055 1088
f 1065 1059 1090
f 1049 1060 1101
f 1067 1102 1103
f 1102 1067 1104
f 1105 1103 1102
f 1055 1092 1088
f 1089 1049 1106
f 1049 1101 1106
f 1107 1108 1109
f 1101 1066 1103
f 1094 1098 990
f 1094 1093 1105
f 1105 1093 1110
f 1111 1112 1113
f 1110 1093 1114
f 1115 988 1113
f 1114 1111 1116
f 1110 1114 1116
f 1079 1117 1118
f 1119 1118 1100
f 1118 1117 1100
f 1091 1119 1100
f 1113 1112 1120
f 1112 1113 1121
f 1122 990 1123
f 1124 1060 1125
f 1060 1124 1067
f 1126 1013 1012
f 1055 1092 1127
f 1124 1125 1065
f 1128 1067 1129
f 1067 1128 1130
f 1060 1067 1130
f 1129 1124 1131
f 1128 1098 1132
f 1098 1128 1129
f 1133 1134 1135
f 1134 1133 1136
f 1125 1063 1137
f 1063 1125 1059
f 1138 1139 1055
f 1129 1131 1140
f 1065 1131 1124
f 1132 1141 1142
f 1141 1132 1098
f 1099 1142 1141
f 1099 1112 1121
f 1115 1120 1143
f 1144 1120 1112
f 1120 1144 1096
f 1113 1115 988
f 1134 1136 1145
f 1145 1136 1146
f 1147 1059 1060
f 1130 1132 1122
f 1132 1130 1128
f 1142 1122 1132
f 1060 1130 1147
f 1148 1139 1149
f 1138 1055 1150
f 1138 1151 1152
f 1151 1138 1150
f 1151 1153 1152
f 1153 1127 1154
f 1155 1156 1157
f 1153 1154 1147
f 1157 1158 1137
f 1127 1155 1154
f 1154 1155 1063
f 1060 1059 1125
f 1159 1160 1161
f 1112 1113 1162
f 1013 1144 1163
f 1163 1120 1112
f 1112 1099 1163
f 1099 1112 1164
f 1067 1165 1124
f 1160 1095 1161
f 1055 1092 1166
f 1125 1124 1165
f 1128 1067 1167
f 1067 1128 1168
f 1079 1138 1169
f 1060 1067 1168
f 1124 1129 1167
f 990 1099 1164
f 990 1164 1123
f 1133 1170 1135
f 1113 988 1162
f 1171 1134 1136
f 1060 1172 1059
f 1172 1060 1147
f 1169 1146 1079
f 1067 1124 1167
f 1168 1128 1130
f 1132 1173 1174
f 1173 1132 1122
f 1130 1128 1174
f 1123 1175 1176
f 1177 1152 1138
f 1121 1123 1164
f 1162 988 1176
f 1175 1162 1176
f 1138 1151 1177
f 1152 1178 1169
f 1179 1150 1153
f 1150 1179 1151
f 1153 1127 1180
f 1092 1148 1156
f 1127 1055 1166
f 1155 1166 1092
f 1166 1155 1154
f 1180 1127 1154
f 1177 1151 1179
f 1168 1181 1147
f 1166 1154 1127
f 1158 1137 1182
f 1060 1059 1165
f 1154 1172 1180
f 1147 1060 1168
f 1183 1168 1130
f 1165 1059 1125
f 1167 1129 1184
f 1153 1177 1179
f 1180 1172 1185
f 1153 1180 1185
f 1147 1185 1172
f 1186 1187 1188
f 1107 1189 1190
f 1191 1192 1193
f 1182 1194 1158
f 1107 1195 1196
f 1157 1197 1156
f 1198 1199 1200
f 1201 1202 1203
f 1204 1189 1205
f 1205 1193 1192
f 1193 1205 1206
f 1204 1205 1192
f 1193 1206 1191
f 1207 1208 1209
f 1207 1201 1203
f 1203 1210 1207
f 1203 1202 1211
f 1212 1213 1214
f 1213 1212 1202
f 1201 1209 1215
f 1156 1215 1209
f 1216 1201 1215
f 1216 1197 1213
f 1202 1216 1213
f 1213 1197 1217
f 1218 1217 1219
f 1219 1220 1218
f 1221 1222 1223
f 1224 1225 1192
f 1225 1224 1226
f 1227 1228 1229
f 1230 1159 1231
f 1232 1220 1228
f 1233 1200 1234
f 1200 1233 1220
f 1198 1235 1204
f 1236 1196 1237
f 1238 1198 1239
f 1239 1192 1225
f 1240 1196 1222
f 1196 1240 1237
f 1236 1237 1204
f 1209 1156 1241
f 1156 1157 1197
f 1242 1233 1243
f 1244 1228 1219
f 1228 1244 1229
f 1197 1245 1246
f 1200 1247 1234
f 1247 1200 1238
f 1237 1240 1248
f 1237 1248 1224
f 1226 1224 1249
f 1239 1225 1226
f 1248 1240 1221
f 1224 1250 1249
f 1226 1251 1252
f 1248 1221 1250
f 1253 1254 1255
f 1256 1257 1258
f 1254 1259 1260
f 1261 1262 1234
f 1246 1245 1263
f 1260 1259 1263
f 1263 1264 1246
f 1260 1263 1265
f 1265 1266 1260
f 1243 1233 1267
f 1242 1268 1244
f 1263 1245 1265
f 1265 1245 1243
f 1262 1265 1267
f 1262 1267 1234
f 1268 1229 1244
f 1269 1242 1243
f 1261 1234 1247
f 1267 1233 1234
f 1270 1271 1272
f 1271 1270 1273
f 1271 1273 1274
f 1275 1276 1277
f 1276 1278 1279
f 1277 1276 1279
f 1280 1275 1277
f 1281 1282 1283
f 1278 1284 1285
f 1277 1279 1280
f 1279 1278 1285
f 1286 1287 1288
f 1289 1290 1291
f 1290 1289 1284
f 1279 1285 1292
f 1284 1289 1292
f 1288 1293 1294
f 1294 1286 1288
f 1295 1296 1297
f 1287 1298 1288
f 1299 1300 1301
f 1294 1293 1302
f 1296 1302 1293
f 1303 1304 1305
f 1306 1307 1301
f 1308 1306 1300
f 1296 1308 1300
f 1304 1295 1305
f 1300 1306 1301
f 1309 1303 1305
f 1297 1309 1305
f 1295 1297 1305
f 1273 1310 1311
f 1312 1299 1307
f 1313 1312 1310
f 1304 1313 1280
f 1313 1310 1280
f 1274 1273 1311
f 1312 1311 1310
f 1314 1315 1316
f 1299 1307 1317
f 1318 1319 1320
f 1321 1299 1322
f 1299 1321 1301
f 1323 1324 1325
f 1326 1327 1328
f 1324 1322 1325
f 1329 1330 1310
f 1330 1329 1331
f 1313 1303 1324
f 1307 1331 1274
f 1332 1314 1316
f 1333 1334 1335
f 1336 1316 1315
f 1316 1336 1337
f 1338 1339 1340
f 1315 1341 1336
f 1328 1342 1343
f 1343 1326 1328
f 1344 1345 1346
f 1327 1347 1348
f 1348 1349 1345
f 1346 1345 1349
f 1349 1347 1350
f 1346 1351 1352
f 1351 1346 1349
f 1351 1349 1350
f 1344 1346 1353
f 1353 1346 1352
f 1347 1321 1350
f 1350 1322 1351
f 1351 1303 1352
f 1351 1322 1354
f 1303 1354 1324
f 1317 1312 1325
f 1313 1323 1333
f 1355 1356 1357
f 1358 1359 1360
f 1360 1361 1362
f 1363 1364 1365
f 1360 1362 1366
f 1367 1361 1368
f 1369 1370 1371
f 1372 1373 1374
f 1375 1376 1377
f 1376 1375 1378
f 1379 1380 1381
f 1380 1379 1382
f 1383 1380 1384
f 1385 1384 1386
f 1387 1378 1388
f 1389 1383 1390
f 1390 1383 1391
f 1392 1391 1377
f 1391 1392 1390
f 1364 1393 1365
f 1394 1356 1395
f 1385 1386 1396
f 1385 1388 1391
f 1388 1385 1396
f 1391 1375 1377
f 1375 1391 1388
f 1366 1376 1397
f 1396 1387 1388
f 1387 1396 1395
f 1396 1394 1395
f 1395 1355 1387
f 1398 1355 1399
f 1355 1398 1387
f 1378 1397 1376
f 1398 1360 1397
f 1387 1398 1397
f 1400 1401 1402
f 1402 1403 1400
f 1404 1405 1406
f 1407 1408 1409
f 1410 1401 1411
f 1410 1412 1413
f 1412 1410 1411
f 1414 1415 1416
f 1415 1414 1417
f 1418 1419 1420
f 1419 1418 1421
f 1412 1411 1422
f 1412 1422 1423
f 1424 1425 1426
f 1400 1419 1421
f 1421 1418 1422
f 1427 1428 1420
f 1427 1429 1430
f 1418 1431 1432
f 1433 1434 1405
f 1434 1406 1405
f 1435 1424 1426
f 1436 1437 1430
f 1414 1438 1439
f 1425 1433 1438
f 1425 1440 1426
f 1416 1440 1414
f 1440 1416 1426
f 1439 1417 1414
f 1417 1439 1441
f 1417 1442 1415
f 1443 1444 1445
f 1409 1441 1407
f 1442 1409 1408
f 1441 1446 1407
f 1401 1408 1447
f 1448 1449 1450
f 1451 1452 1453
f 1454 1455 1456
f 1457 1458 1459
f 1460 1461 1462
f 1463 1464 1465
f 1466 1467 1468
f 1467 1466 1464
f 1469 1470 1471
f 1466 1468 1472
f 1448 1473 1474
f 1473 1448 1475
f 1472 1476 1477
f 1477 1476 1478
f 1479 1478 1480
f 1472 1477 1479
f 1478 1476 1448
f 1479 1480 1481
f 1482 1483 1484
f 1475 1485 1486
f 1457 1475 1486
f 1487 1488 1489
f 1473 1475 1490
f 1491 1492 1450
f 1492 1491 1493
f 1494 1473 1495
f 1473 1494 1485
f 1457 1486 1496
f 1496 1486 1497
f 1498 1499 1500
f 1501 1502 1503
f 1504 1502 1505
f 1504 1505 1506
f 1507 1504 1506
f 1508 1509 1496
f 1507 1506 1510
f 1507 1510 1511
f 1511 1510 1512
f 1513 1511 1512
f 1509 1457 1496
f 1508 1496 1497
f 1482 1497 1486
f 1513 1512 1514
f 1515 1482 1486
f 1486 1485 1515
f 1483 1494 1450
f 1495 1450 1494
f 1516 1483 1492
f 1517 1485 1518
f 1485 1517 1473
f 1519 1495 1520
f 1495 1519 1521
f 1522 1523 1489
f 1524 1525 1526
f 1527 1528 1523
f 1485 1473 1495
f 1529 1530 1531
f 1530 1529 1532
f 1495 1473 1533
f 1534 1485 1521
f 1485 1535 1518
f 1531 1530 1536
f 1537 1536 1538
f 1536 1537 1531
f 1539 1540 1541
f 1542 1539 1543
f 1539 1541 1544
f 1539 1544 1543
f 1545 1543 1546
f 1543 1545 1542
f 1518 1547 1548
f 1523 1549 1527
f 1543 1544 1546
f 1550 1546 1551
f 1552 1527 1553
f 1554 1548 1528
f 1552 1553 1555
f 1552 1555 1554
f 1528 1552 1554
f 1556 1557 1558
f 1553 1559 1555
f 1555 1559 1518
f 1517 1518 1559
f 1550 1551 1560
f 1550 1560 1561
f 1495 1533 1520
f 1534 1529 1535
f 1529 1534 1521
f 1562 1532 1519
f 1529 1521 1532
f 1521 1519 1532
f 1563 1564 1565
f 1566 1567 1568
f 1567 1569 1563
f 1570 1571 1572
f 1573 1574 1575
f 1576 1577 1578
f 1579 1577 1580
f 1581 1580 1582
f 1580 1581 1579
f 1577 1582 1580
f 1583 1584 1585
f 1583 1585 1586
f 1568 1567 1565
f 1564 1587 1588
f 1585 1589 1590
f 1591 1585 1590
f 1592 1593 1594
f 1574 1595 1596
f 1591 1590 1597
f 1598 1594 1599
f 1597 1600 1601
f 1598 1599 1602
f 1598 1603 1604
f 1600 1605 1601
f 1606 1607 1608
f 1570 1609 1610
f 1571 1578 1607
f 1578 1571 1611
f 1574 1596 1612
f 1612 1596 1572
f 1572 1606 1612
f 1572 1596 1570
f 1579 1606 1608
f 1613 1614 1615
f 1614 1611 1615
f 1607 1578 1608
f 1616 1566 1617
f 1618 1619 1620
f 1619 1618 1621
f 1622 1623 1624
f 1625 1626 1627
f 1567 1628 1629
f 1630 1631 1632
f 1633 1634 1635
f 1634 1633 1628
f 1631 1636 1632
f 1630 1632 1637
f 1622 1638 1639
f 1636 1640 1632
f 1640 1636 1639
f 1621 1633 1635
f 1641 1632 1640
f 1642 1620 1619
f 1643 1619 1635
f 1619 1643 1642
f 1640 1639 1644
f 1641 1640 1645
f 1621 1646 1629
f 1633 1629 1628
f 1647 1648 1649
f 1650 1634 1647
f 1634 1650 1635
f 1651 1652 1653
f 1635 1650 1643
f 1653 1654 1655
f 1651 1653 1655
f 1628 1656 1634
f 1656 1616 1626
f 1625 1657 1658
f 1657 1625 1627
f 1650 1647 1659
f 1650 1659 1660
f 1655 1654 1661
f 1656 1626 1648
f 1630 1657 1662
f 1658 1660 1663
f 1664 1665 1666
f 1667 1668 1624
f 1662 1669 1670
f 1631 1671 1672
f 1671 1641 1672
f 1641 1671 1640
f 1673 1674 1675
f 1674 1673 1676
f 1566 1617 1616
f 1617 1566 1677
f 1566 1616 1678
f 1679 1680 1616
f 1674 1680 1681
f 1675 1682 1673
f 1683 1684 1685
f 1672 1669 1631
f 1686 1687 1688
f 1689 1683 1685
f 1690 1673 1682
f 1691 1672 1641
f 1677 1566 1692
f 1692 1678 1676
f 1678 1692 1566
f 1684 1682 1693
f 1694 1638 1695
f 1696 1697 1698
f 1699 1693 1675
f 1677 1692 1676
f 1674 1676 1678
f 1640 1700 1701
f 1700 1640 1671
f 1699 1675 1702
f 1702 1675 1681
f 1703 1681 1704
f 1681 1703 1702
f 1678 1616 1680
f 1675 1674 1681
f 1681 1697 1704
f 1640 1701 1705
f 1616 1706 1679
f 1696 1627 1707
f 1708 1709 1710
f 1711 1712 1713
f 1714 1715 1716
f 1715 1714 1678
f 1678 1714 1717
f 1718 1717 1719
f 1717 1718 1678
f 1720 1721 1722
f 1723 1719 1724
f 1725 1726 1727
f 1726 1725 1728
f 1729 1730 1731
f 1732 1733 1734
f 1735 1736 1737
f 1738 1727 1734
f 1739 1740 1741
f 1740 1726 1741
f 1742 1743 1744
f 1744 1745 1736
f 1736 1745 1746
f 1747 1748 1749
f 1718 1750 1751
f 1741 1726 1728
f 1752 1749 1753
f 1724 1754 1723
f 1746 1745 1755
f 1755 1745 1756
f 1750 1757 1751
f 1728 1725 1754
f 1754 1725 1723
f 1758 1759 1716
f 1720 1719 1717
f 1760 1756 1745
f 1761 1762 1763
f 1716 1764 1714
f 1721 1714 1764
f 1720 1722 1765
f 1722 1766 1765
f 1724 1719 1767
f 1722 1721 1768
f 1763 1762 1769
f 1770 1771 1772
f 1771 1770 1773
f 1774 1775 1776
f 1777 1778 1779
f 1772 1780 1770
f 1781 1782 1773
f 1782 1781 1783
f 1784 1774 1785
f 1783 1785 1786
f 1786 1785 1774
f 1779 1770 1787
f 1770 1779 1788
f 1783 1786 1782
f 1789 1790 1788
f 1790 1789 1781
f 1772 1775 1791
f 1774 1776 1771
f 1772 1771 1776
f 1781 1773 1790
f 1777 1792 1793
f 1780 1792 1787
f 1770 1780 1787
f 1794 1795 1796
f 1796 1797 1794
f 1794 1797 1798
f 1798 1797 1799
f 1800 1798 1801
f 1798 1799 1801
f 1800 1801 1802
f 1801 1803 1802
f 1804 1805 1806
f 1807 1808 1791
f 1808 1807 1809
f 1810 1811 1812
f 1811 1810 1813
f 1811 1814 1812
f 1807 1791 1815
f 1812 1816 1817
f 1816 1812 1818
f 1810 1812 1817
f 1810 1817 1819
f 1818 1791 1816
f 1808 1809 1817
f 1820 1821 1822
f 1823 1824 1825
f 1817 1809 1826
f 1807 1826 1809
f 1827 1825 1824
f 1825 1827 1828
f 1823 1829 1830
f 1791 1831 1815
f 1829 1828 1832
f 1833 1829 1832
f 1829 1833 1830
f 1807 1815 1834
f 1835 1836 1837
f 1838 1839 1840
f 1841 1842 1843
f 1844 1845 1846
f 1847 1848 1849
f 1849 1848 1850
f 1849 1851 1852
f 1851 1849 1850
f 1851 1853 1854
f 1853 1851 1850
f 1855 1840 1856
f 1837 1836 1857
f 1858 1846 1859
f 1860 1856 1861
f 1851 1854 1862
f 1856 1863 1861
f 1863 1856 1840
f 1864 1865 1853
f 1841 1866 1867
f 1868 1869 1870
f 1869 1868 1871
f 1838 1836 1841
f 1849 1852 1847
f 1872 1873 1874
f 1871 1839 1869
f 1863 1840 1871
f 1853 1875 1864
f 1864 1875 1872
f 1841 1867 1839
f 1847 1876 1877
f 1876 1847 1852
f 1869 1878 1876
f 1868 1879 1880
f 1879 1868 1870
f 1851 1862 1852
f 1881 1882 1883
f 1884 1885 1886
f 1885 1845 1886
f 1878 1877 1876
f 1852 1879 1870
f 1877 1883 1847
f 1873 1887 1874
f 1884 1886 1888
f 1889 1872 1874
f 1872 1889 1890
f 1891 1892 1888
f 1893 1889 1874
f 1894 1895 1896
f 1894 1896 1897
f 1894 1897 1898
f 1899 1900 1901
f 1899 1902 1903
f 1901 1900 1904
f 1905 1906 1907
f 1906 1905 1908
f 1909 1910 1911
f 1910 1909 1912
f 1912 1913 1914
f 1915 1916 1917
f 1918 1908 1905
f 1910 1914 1919
f 1910 1919 1920
f 1919 1914 1913
f 1866 1921 1922
f 1920 1923 1924
f 1922 1925 1926
f 1925 1922 1921
f 1918 1922 1926
f 1927 1918 1928
f 1916 1929 1917
f 1929 1916 1930
f 1928 1918 1926
f 1931 1913 1932
f 1923 1926 1933
f 1928 1926 1934
f 1923 1933 1924
f 1935 1881 1936
f 1937 1911 1924
f 1926 1937 1933
f 1933 1937 1924
f 1929 1930 1938
f 1938 1939 1932
f 1940 1941 1942
f 1939 1943 1944
f 1932 1939 1944
f 1941 1945 1946
f 1944 1943 1947
f 1948 1944 1947
f 1949 1947 1950
f 1951 1952 1945
f 1949 1950 1953
f 1954 1955 1956
f 1957 1958 1959
f 1958 1957 1960
f 1961 1962 1963
f 1962 1961 1964
f 1962 1965 1966
f 1965 1962 1964
f 1967 1968 1969
f 1970 1902 1971
f 1972 1954 1963
f 1973 1974 1975
f 1976 1977 1978
f 1977 1976 1979
f 1980 1981 1982
f 1981 1980 1983
f 1977 1984 1978
f 1984 1977 1979
f 1984 1985 1986
f 1987 1988 1989
f 1983 1980 1990
f 1990 1980 1991
f 1992 1993 1994
f 1994 1989 1988
f 1978 1984 1986
f 1980 1995 1991
f 1996 1990 1991
f 1997 1991 1998
f 1955 1999 1956
f 2000 2001 2002
f 2001 2000 2003
f 1998 1991 1995
f 1998 2002 1997
f 1987 2004 2005
f 2004 1987 1989
f 1995 2003 2000
f 1976 1978 2006
f 1954 1956 2007
f 1969 1968 2006
f 1969 1978 1986
f 2002 1986 1985
f 1957 2008 2009
f 2009 2010 2011
f 2012 1902 2013
f 2014 2005 2015
f 2009 2011 1957
f 2016 2015 2005
f 1958 1960 2017
f 2018 2019 2020
f 2021 2022 1965
f 2023 2024 2025
f 2026 2027 2028
f 2029 2030 1963
f 2031 2032 2033
f 1965 1966 1962
f 2021 1965 1962
f 2034 2035 2036
f 2037 2038 2039
f 2040 2041 2042
f 2043 2044 2045
f 2044 2043 2046
f 2047 2013 2048
f 2013 2043 2048
f 2043 2013 2046
f 2028 2049 2026
f 2013 2028 2027
f 2050 2051 2052
f 2053 2040 2042
f 2054 2055 2056
f 2050 2057 2046
f 2057 2050 2052
f 2058 2057 2052
f 1963 2021 2059
f 2021 1963 2030
f 2026 2049 2060
f 2061 2052 2062
f 2063 2064 2065
f 2064 2063 2051
f 2052 2051 2063
f 2052 2063 2062
f 2066 2067 2068
f 2069 2070 2071
f 2053 2029 2072
f 2073 2074 2075
f 2064 2026 2060
f 2064 2042 2065
f 2042 2064 2053
f 2063 2065 2076
f 2062 2063 2076
f 2077 2069 2078
f 2018 2020 2079
f 2080 1963 2059
f 2034 2036 2077
f 2059 2034 2081
f 2082 2048 2019
f 2020 2019 2083
f 2020 2083 2074
f 2044 2046 2057
f 2042 2041 2065
f 2084 2041 2025
f 2032 2069 2085
f 2071 2070 2085
f 2019 2045 2083
f 2045 2019 2043
f 2086 2083 2045
f 2059 2081 2080
f 2019 2048 2043
f 2044 2058 2087
f 2024 2084 2025
f 2033 2032 2085
f 2088 2089 2090
f 2091 2007 2092
f 2007 2093 2092
f 2089 2039 2090
f 2045 2044 2087
f 2025 2094 2023
f 2033 2085 2095
f 2095 2085 2096
f 2031 2033 2095
f 2097 2098 2099
f 2100 2093 2101
f 2098 2090 2099
f 2094 2102 2103
f 2095 2096 2104
f 2104 2096 2105
f 2100 2106 2107
f 2105 2108 2104
f 2106 2104 2108
f 2106 2108 2107
f 2013 2109 2110
f 2111 2047 2013
f 2080 1963 2112
f 2113 2114 2115
f 1965 2116 1966
f 2115 2047 2117
f 1966 2118 2119
f 2118 1966 2116
f 2120 2121 2122
f 2123 2037 2124
f 2037 2123 2125
f 2126 2127 2128
f 2109 2115 2114
f 2129 2111 2130
f 2131 2132 2119
f 2119 2118 2131
f 2133 2134 2037
f 2135 2136 2137
f 2136 2135 2138
f 2113 2117 2139
f 2110 2140 2130
f 2013 2130 2111
f 2130 2140 2129
f 2140 2141 2129
f 2142 2143 2144
f 2144 2145 2142
f 2114 2146 2109
f 2147 2109 2146
f 2143 2148 2144
f 2144 2148 2149
f 2149 2150 2151
f 2150 2149 2152
f 2153 2147 2146
f 2147 2153 2154
f 2155 2145 2156
f 2157 2156 2158
f 2158 2159 2160
f 2159 2158 2156
f 2161 2141 2162
f 2163 2164 2154
f 2149 2148 2152
f 2156 2145 2151
f 2150 2152 2165
f 2166 2141 2167
f 2168 2169 2170
f 2169 2168 2171
f 2170 2169 2160
f 2164 2110 2147
f 2164 2147 2154
f 2162 2163 2161
f 2172 2154 2173
f 2111 2166 2171
f 2169 2171 2166
f 2174 2175 2176
f 2174 2176 2177
f 2116 2177 2118
f 2118 2036 2178
f 2146 2179 2153
f 2173 2154 2120
f 2138 2180 2136
f 2180 2138 2036
f 2131 2178 2112
f 2181 2138 2135
f 2173 2182 2183
f 2137 2136 2184
f 2178 2181 2185
f 2037 2134 2124
f 2137 2184 2186
f 2187 2186 2033
f 2186 2187 2137
f 2188 2189 2190
f 2191 2192 2193
f 2123 2124 2194
f 2123 2194 2195
f 2183 2196 2197
f 2196 2198 2197
f 2118 2199 2200
f 1966 2201 2119
f 2201 1966 2118
f 2202 2203 2204
f 2205 2206 2207
f 1962 1966 2119
f 2208 2209 2132
f 1965 1962 2210
f 1962 2119 2209
f 2203 2210 2211
f 2212 2213 2214
f 2139 2215 2216
f 2217 2218 2219
f 2218 2217 2220
f 2221 2222 2205
f 2222 2221 2223
f 2224 2225 2226
f 2178 2227 2228
f 2229 2230 2231
f 2118 2227 2201
f 2231 1963 2229
f 2213 2178 2232
f 2136 2233 2213
f 2234 2216 2225
f 2235 2216 2236
f 2237 2238 2235
f 2237 2239 2240
f 2237 2240 2241
f 2204 2203 2242
f 2222 2236 2243
f 2244 2245 2246
f 2222 2243 2146
f 2247 2218 2152
f 2245 2248 2246
f 2248 2249 2246
f 2249 2248 2220
f 2203 2211 2208
f 2250 2205 2207
f 2205 2250 2221
f 2220 2152 2218
f 2251 2249 2252
f 2118 2253 2228
f 2217 2219 2254
f 2241 2255 2237
f 2255 2241 2219
f 2209 2201 2227
f 2219 2165 2226
f 2219 2241 2254
f 2256 2250 2207
f 2257 2207 2258
f 2253 2178 2228
f 2136 2213 2259
f 2258 2260 2261
f 2262 2263 2230
f 2264 2230 2263
f 2257 2258 2265
f 2265 2258 2261
f 2264 2263 2266
f 2263 2267 2266
f 2268 2269 2270
f 2270 2269 2271
f 2271 2269 2272
f 2264 2266 2272
f 2273 2274 2275
f 2276 2208 2277
f 2208 2276 2278
f 2118 2279 2280
f 2128 2281 2126
f 2282 2283 2284
f 2284 2285 2286
f 2128 2287 2288
f 2289 2290 2291
f 2292 2126 2293
f 2119 2201 2276
f 2294 2295 2234
f 2234 2296 2297
f 2298 2299 2225
f 2299 2298 2274
f 2300 2277 2208
f 2276 2279 2119
f 2201 2301 2302
f 2301 2201 2303
f 2201 2118 2303
f 2201 2302 2276
f 2304 2305 2306
f 2307 2308 2309
f 2308 2307 2298
f 2280 2279 2310
f 2203 2311 2310
f 2312 2297 2313
f 2287 2314 2288
f 2291 2146 2315
f 2289 2291 2316
f 2291 2315 2316
f 2315 2146 2317
f 2315 2317 2318
f 2132 2319 2320
f 2319 2321 2322
f 2295 2323 2324
f 2126 2128 2325
f 2208 2326 2327
f 2326 2208 2328
f 2329 2330 2331
f 2332 2333 2334
f 2335 2336 2337
f 2338 2339 2340
f 2128 2339 2325
f 2339 2341 2342
f 2341 2339 2343
f 2344 2335 2337
f 2345 2346 2347
f 2346 2345 2348
f 2346 2349 2347
f 2350 2351 2352
f 2351 2350 2353
f 2352 2351 2354
f 2355 2356 2357
f 2356 2355 2358
f 2344 2359 2360
f 2355 2357 2361
f 2336 2362 2337
f 2330 2355 2361
f 2361 2357 2328
f 2363 2364 2365
f 2366 2367 2362
f 2368 2281 2369
f 2362 2370 2366
f 2371 2328 2208
f 2331 2330 2361
f 2372 2373 2374
f 2373 2372 2375
f 2373 2376 2374
f 2374 2351 2372
f 2371 2208 2377
f 2373 2375 2378
f 2377 2327 2379
f 2372 2380 2375
f 2380 2381 2382
f 2375 2382 2383
f 2326 2384 2327
f 2378 2375 2383
f 2384 2378 2385
f 2378 2383 2385
f 2327 2384 2379
f 2386 2387 2388
f 2389 2390 2391
f 2392 2393 2394
f 2393 2392 2395
f 2396 2330 2397
f 2330 2396 2398
f 2393 2399 2389
f 2399 2393 2395
f 2400 2395 2401
f 2402 2403 2390
f 2404 2405 2406
f 2393 2389 2394
f 2399 2402 2389
f 2399 2395 2407
f 2408 2403 2409
f 2410 2411 2412
f 2411 2410 2413
f 2398 2414 2330
f 2415 2416 2417
f 2416 2415 2418
f 2330 2414 2419
f 2420 2421 2422
f 2416 2353 2417
f 2423 2386 2424
f 2425 2426 2387
f 2387 2426 2388
f 2426 2427 2388
f 2424 2388 2423
f 2428 2429 2328
f 2430 2415 2431
f 2388 2432 2423
f 2389 2391 2433
f 2428 2328 2397
f 2413 2410 2434
f 2427 2411 2413
f 2394 2435 2392
f 2397 2328 2436
f 2434 2410 2421
f 2421 2410 2437
f 2401 2395 2392
f 2421 2437 2422
f 2433 2394 2389
f 2394 2433 2422
f 2436 2328 2438
f 2439 2436 2438
f 2440 2441 2442
f 2443 2444 2445
f 2446 2447 2448
f 2414 2419 2330
f 2449 2450 2451
f 2450 2449 2330
f 2330 2449 2414
f 2452 2453 2454
f 2455 2393 2395
f 2393 2455 2456
f 2334 2452 2457
f 2458 2459 2460
f 2459 2458 2461
f 2330 2419 2450
f 2462 2447 2463
f 2456 2464 2393
f 2464 2456 2465
f 2466 2467 2468
f 2454 2469 2470
f 2469 2454 2471
f 2472 2473 2474
f 2473 2472 2475
f 2456 2476 2470
f 2477 2455 2395
f 2476 2455 2478
f 2466 2446 2448
f 2475 2457 2411
f 2479 2468 2467
f 2459 2480 2481
f 2463 2334 2462
f 2482 2462 2457
f 2479 2467 2482
f 2334 2457 2462
f 2479 2482 2483
f 2459 2481 2460
f 2457 2452 2411
f 2483 2484 2485
f 2483 2485 2472
f 2472 2485 2475
f 2411 2452 2454
f 2486 2480 2487
f 2488 2444 2489
f 2444 2488 2445
f 2471 2454 2453
f 2473 2454 2470
f 2488 2481 2428
f 2444 2451 2450
f 2428 2481 2490
f 2469 2491 2465
f 2428 2445 2488
f 2492 2493 2494
f 2495 2496 2393
f 2497 2446 2493
f 2498 2499 2500
f 2501 2502 2503
f 2504 2505 2506
f 2505 2504 2411
f 2493 2507 2497
f 2508 2509 2510
f 2511 2512 2452
f 2497 2507 2513
f 2514 2515 2507
f 2513 2507 2515
f 2516 2517 2518
f 2519 2520 2517
f 2520 2519 2521
f 2504 2506 2498
f 2498 2500 2504
f 2518 2517 2520
f 2520 2522 2518
f 2522 2520 2523
f 2524 2525 2526
f 2524 2526 2527
f 2528 2529 2530
f 2519 2531 2532
f 2533 2534 2535
f 2536 2537 2538
f 2537 2536 2452
f 2539 2540 2541
f 2530 2529 2542
f 2543 2535 2542
f 2535 2543 2544
f 2494 2544 2543
f 2544 2533 2535
f 2533 2545 2546
f 2536 2546 2452
f 2546 2536 2533
f 2534 2536 2538
f 2547 2548 2549
f 2548 2547 2550
f 2537 2551 2552
f 2552 2551 2553
f 2553 2551 2550
f 2550 2554 2548
f 2555 2550 2547
f 2553 2555 2556
f 2557 2558 2559
f 2559 2560 2561
f 2557 2561 2562
f 2561 2563 2562
f 2563 2564 2562
f 2564 2563 2565
f 2565 2566 2564
f 2531 2517 2567
f 2525 2568 2569
f 2570 2571 2572
f 2572 2573 2570
f 2574 2575 2576
f 2577 2578 2579
f 2580 2581 2582
f 2579 2578 2583
f 2584 2585 2586
f 2587 2588 2589
f 2590 2587 2589
f 2591 2592 2593
f 2581 2594 2574
f 2585 2595 2596
f 2597 2595 2598
f 2599 2600 2601
f 2590 2589 2602
f 2603 2601 2604
f 2601 2603 2576
f 2595 2591 2605
f 2591 2606 2605
f 2598 2595 2605
f 2599 2601 2576
f 2607 2576 2573
f 2590 2608 2609
f 2570 2573 2603
f 2610 2572 2611
f 2612 2526 2524
f 2613 2614 2615
f 2616 2617 2618
f 2568 2619 2620
f 2575 2599 2621
f 2621 2599 2622
f 2623 2621 2624
f 2621 2623 2575
f 2625 2626 2627
f 2617 2626 2618
f 2626 2617 2628
f 2623 2624 2629
f 2627 2630 2625
f 2631 2632 2633
f 2634 2615 2635
f 2636 2630 2637
f 2638 2637 2639
f 2637 2638 2636
f 2631 2633 2640
f 2641 2631 2640
f 2642 2639 2643
f 2640 2644 2645
f 2646 2640 2645
f 2647 2645 2648
f 2621 2622 2649
f 2624 2649 2650
f 2649 2624 2621
f 2646 2647 2651
f 2652 2653 2654
f 2568 2620 2655
f 2618 2629 2616
f 2629 2618 2656
f 2629 2656 2623
f 2618 2625 2656
f 2657 2658 2659
f 2658 2654 2659
f 2660 2661 2662
f 2661 2660 2663
f 2664 2665 2666
f 2665 2664 2667
f 2668 2669 2670
f 2671 2668 2672
f 2673 2674 2675
f 2664 2525 2667
f 2676 2677 2665
f 2678 2679 2680
f 2665 2681 2682
f 2681 2665 2667
f 2683 2676 2682
f 2684 2685 2686
f 2682 2681 2680
f 2681 2678 2680
f 2679 2687 2670
f 2679 2688 2680
f 2689 2690 2691
f 2692 2661 2663
f 2693 2619 2694
f 2695 2696 2668
f 2693 2694 2692
f 2697 2698 2699
f 2692 2663 2700
f 2661 2694 2662
f 2701 2702 2687
f 2703 2702 2704
f 2668 2696 2705
f 2706 2703 2707
f 2703 2706 2687
f 2708 2668 2705
f 2709 2708 2710
f 2710 2711 2709
f 2708 2705 2710
f 2705 2696 2712
f 2705 2712 2713
f 2714 2713 2712
f 2713 2714 2715
f 2713 2715 2710
f 2716 2717 2718
f 2719 2712 2673
f 2714 2720 2715
f 2721 2722 2723
f 2724 2725 2719
f 2726 2719 2725
f 2727 2728 2729
f 2730 2731 2727
f 2732 2733 2734
f 2735 2725 2736
f 2729 2737 2738
f 2737 2729 2739
f 2729 2728 2739
f 2740 2741 2742
f 2739 2728 2743
f 2744 2739 2743
f 2745 2706 2707
f 2738 2737 2745
f 2725 2746 2736
f 2701 2687 2743
f 2747 2735 2748
f 2735 2747 2749
f 2743 2687 2706
f 2703 2750 2707
f 2750 2703 2704
f 2750 2751 2707
f 2752 2753 2754
f 2753 2752 2716
f 2755 2698 2697
f 2697 2699 2756
f 2722 2757 2758
f 2759 2760 2761
f 2721 2722 2762
f 2763 2764 2765
f 2766 2767 2768
f 2756 2755 2697
f 2768 2769 2760
f 2770 2764 2771
f 2772 2773 2774
f 2775 2776 2777
f 2778 2753 2779
f 2774 2780 2781
f 2704 2782 2766
f 2783 2776 2772
f 2784 2772 2782
f 2782 2772 2785
f 2786 2787 2788
f 2787 2786 2789
f 2767 2785 2780
f 2781 2780 2785
f 2721 2790 2791
f 2792 2768 2767
f 2793 2699 2697
f 2794 2795 2796
f 2699 2756 2697
f 2756 2699 2797
f 2697 2756 2798
f 2693 2755 2792
f 2755 2693 2698
f 2694 2693 2799
f 2697 2698 2793
f 2752 2800 2801
f 2693 2792 2799
f 2755 2697 2798
f 2802 2798 2803
f 2798 2802 2792
f 2798 2792 2755
f 2801 2756 2797
f 2799 2792 2802
f 2804 2805 2806
f 2807 2795 2808
f 2796 2809 2794
f 2810 2811 2812
f 2813 2814 2815
f 2811 2808 2816
f 2808 2794 2816
f 2816 2794 2809
f 2797 2752 2801
f 2694 2817 2818
f 2819 2804 2820
f 2804 2819 2799
f 2821 2781 2820
f 2822 2694 2818
f 2818 2823 2822
f 2820 2781 2819
f 2824 2825 2826
f 2827 2828 2829
f 2818 2817 2819
f 2829 2828 2830
f 2804 2799 2802
f 2804 2806 2820
f 2826 2825 2721
f 2721 2825 2831
f 2826 2721 2832
f 2829 2833 2834
f 2833 2829 2830
f 2818 2835 2836
f 2835 2818 2837
f 2793 2698 2838
f 2755 2798 2839
f 2840 2841 2842
f 2841 2840 2843
f 2795 2841 2844
f 2845 2839 2846
f 2836 2847 2848
f 2843 2836 2848
f 2839 2849 2850
f 2849 2839 2851
f 2852 2853 2854
f 2853 2852 2855
f 2856 2857 2858
f 2859 2860 2844
f 2861 2848 2859
f 2856 2862 2863
f 2858 2699 2862
f 2864 2843 2848
f 2840 2865 2818
f 2866 2863 2867
f 2818 2865 2837
f 2835 2837 2846
f 2867 2868 2869
f 2869 2868 2870
f 2871 2872 2873
f 2872 2871 2869
f 2846 2839 2850
f 2846 2850 2835
f 2847 2850 2849
f 2874 2875 2876
f 2877 2878 2879
f 2869 2870 2880
f 2880 2870 2874
f 2881 2882 2883
f 2884 2885 2886
f 2885 2884 2856
f 2887 2888 2889
f 2885 2890 2891
f 2890 2885 2856
f 2882 2892 2883
f 2892 2882 2893
f 2894 2895 2836
f 2895 2894 2896
f 2897 2893 2898
f 2893 2897 2899
f 2896 2900 2901
f 2892 2893 2899
f 2893 2902 2898
f 2902 2893 2882
f 2899 2897 2903
f 2901 2895 2896
f 2895 2901 2903
f 2881 2883 2904
f 2905 2906 2907
f 2908 2881 2887
f 2897 2898 2903
f 2909 2908 2910
f 2908 2909 2902
f 2906 2911 2912
f 2911 2906 2840
f 2907 2906 2912
f 2840 2865 2896
f 2840 2896 2911
f 2896 2894 2911
f 2913 2911 2894
f 2914 2910 2908
f 2856 2887 2889
f 2899 2900 2915
f 2916 2917 2918
f 2917 2916 2919
f 2889 2890 2856
f 2890 2889 2888
f 2900 2877 2915
f 2920 2918 2921
f 2886 2885 2891
f 2886 2891 2922
f 2884 2886 2923
f 2924 2925 2926
f 2925 2924 2927
f 2886 2922 2923
f 2877 2915 2928
f 2915 2877 2929
f 2930 2931 2883
f 2930 2879 2838
f 2932 2933 2934
f 2933 2932 2935
f 2936 2920 2888
f 2920 2936 2937
f 2879 2877 2938
f 2939 2865 2940
f 2941 2942 2929
f 2942 2941 2943
f 2915 2944 2928
f 2945 2920 2937
f 2942 2915 2929
f 2946 2941 2929
f 2941 2946 2947
f 2939 2943 2948
f 2943 2939 2942
f 2949 2950 2951
f 2929 2883 2946
f 2952 2941 2947
f 2947 2953 2952
f 2946 2883 2881
f 2954 2955 2956
f 2947 2946 2881
f 2947 2957 2935
f 2957 2947 2881
f 2958 2959 2960
f 2959 2939 2948
f 2957 2881 2961
f 2962 2961 2933
f 2939 2928 2944
f 2928 2939 2940
f 2963 2964 2961
f 2964 2963 2936
f 2942 2939 2944
f 2933 2964 2934
f 2964 2933 2961
f 2964 2888 2934
f 2945 2937 2965
f 2934 2888 2966
f 2932 2934 2966
f 2967 2968 2969
f 2970 2971 2946
f 2972 2973 2974
f 2973 2972 2975
f 2976 2977 2946
f 2977 2976 2978
f 2946 2977 2979
f 2969 2980 2981
f 2980 2969 2968
f 2968 2982 2983
f 2982 2968 2974
f 2968 2983 2980
f 2983 2971 2984
f 2971 2983 2982
f 2985 2986 2987
f 2983 2984 2988
f 2971 2989 2946
f 2989 2971 2982
f 2990 2991 2987
f 2974 2973 2989
f 2982 2974 2989
f 2988 2980 2983
f 2980 2988 2992
f 2990 2987 2993
f 2994 2973 2995
f 2973 2975 2995
f 2987 2986 2993
f 2996 2986 2992
f 2995 2931 2976
f 2970 2946 2979
f 2977 2997 2979
f 2997 2977 2998
f 2986 2981 2992
f 2999 3000 3001
f 2976 2931 2978
f 2981 2938 2969
f 2978 2998 2977
f 3002 3001 3003
f 2997 2998 3004
f 2998 3005 3004
f 3002 3003 3006
f 3004 3005 3007
f 3006 3003 3008
f 3009 3010 3011
f 3011 3012 3009
f 3012 3013 3014
f 3013 3015 3016
f 3013 3016 3017
f 3015 3011 3018
f 3018 3011 3010
f 3019 3018 3020
f 3021 3019 3022
f 3019 3021 3017
f 3018 3010 3020
f 3020 3010 3023
f 3024 3025 3026
f 3027 3022 3028
f 3022 3027 3021
f 3029 3030 3031
f 3030 3029 3032
f 3012 3014 3033
f 3030 3034 3024
f 3020 3023 3035
f 3020 3035 3036
f 3022 3020 3036
f 3037 3027 3038
f 3039 3014 3013
f 3022 3036 3028
f 3036 3040 3041
f 3026 3042 3033
f 3036 3041 3028
f 3026 3033 3014
f 3043 3044 3045
f 3046 3047 3048
f 3047 3046 3049
f 3050 3043 3045
f 3051 3049 3046
f 3052 3053 3054
f 3053 3052 3055
f 3056 3057 3058
f 3059 3060 3061
f 3062 3057 3063
f 3062 3063 3064
f 3065 3066 3067
f 3068 3069 3066
f 3070 3071 3072
f 3071 3073 3074
f 3072 3071 3075
f 3076 3070 3077
f 3077 3072 3078
f 3058 3079 3056
f 3072 3075 3080
f 3081 3053 3078
f 3072 3080 3078
f 3078 3053 3055
f 3067 3064 3082
f 3054 3083 3084
f 3077 3052 3085
f 3062 3086 3063
f 3063 3064 3062
f 3087 3088 3062
f 3089 3090 3091
f 3092 3093 3094
f 3093 3092 3082
f 3095 3072 3096
f 3097 3098 3099
f 3064 3087 3062
f 3082 3092 3100
f 3087 3101 3102
f 3103 3100 3092
f 3092 3094 3104
f 3103 3092 3105
f 3105 3092 3104
f 3103 3106 3107
f 3106 3103 3105
f 3105 3104 3108
f 3108 3099 3109
f 3110 3103 3107
f 3106 3105 3109
f 3111 3106 3112
f 3113 3114 3115
f 3116 3113 3115
f 3116 3115 3117
f 3117 3115 3088
f 3106 3099 3098
f 3099 3106 3109
f 3112 3106 3098
f 3118 3119 3120
f 3102 3101 3091
f 3097 3095 3096
f 3121 3097 3122
f 3091 3101 3123
f 3101 3124 3123
f 3122 3125 3121
f 3126 3095 3127
f 3128 3129 3061
f 3130 3131 3132
f 3133 3134 3135
f 3136 3093 3137
f 3138 3128 3061
f 3114 3086 3130
f 3133 3139 3093
f 3140 3131 3141
f 3142 3114 3130
f 3143 3144 3145
f 3144 3143 3146
f 3137 3093 3147
f 3136 3137 3148
f 3137 3149 3148
f 3136 3148 3150
f 3151 3144 3146
f 3152 3153 3154
f 3147 3093 3139
f 3147 3139 3155
f 3142 3130 3144
f 3150 3156 3157
f 3144 3130 3132
f 3132 3145 3144
f 3158 3159 3160
f 3161 3160 3162
f 3163 3150 3141
f 3164 3165 3162
f 3140 3141 3150
f 3143 3140 3157
f 3157 3140 3150
f 3131 3134 3141
f 3160 3159 3162
f 3166 3167 3168
f 3162 3159 3169
f 3162 3169 3164
f 3159 3170 3169
f 3164 3169 3171
f 3172 3173 3174
f 3175 3176 3177
f 3178 3179 3180
f 3181 3182 3177
f 3179 3183 3181
f 3184 3185 3186
f 3185 3184 3187
f 3188 3189 3180
f 3178 3180 3189
f 3178 3189 3190
f 3190 3189 3191
f 3190 3191 3192
f 3186 3190 3192
f 3193 3194 3195
f 3196 3193 3195
f 3196 3195 3197
f 3195 3194 3198
f 3197 3195 3172
f 3199 3129 3175
f 3198 3199 3175
f 3173 3177 3182
f 3200 3182 3201
f 3202 3203 3204
f 3205 3206 3207
f 3176 3208 3209
f 3210 3203 3211
f 3203 3210 3204
f 3175 3212 3176
f 3175 3176 3213
f 3175 3213 3214
f 3214 3215 3216
f 3217 3218 3219
f 3218 3217 3220
f 3221 3222 3223
f 3222 3221 3220
f 3204 3210 3175
f 3223 3224 3221
f 3224 3223 3225
f 3226 3221 3224
f 3227 3226 3228
f 3202 3204 3229
f 3229 3204 3214
f 3230 3202 3229
f 3228 3231 3227
f 3232 3233 3234
f 3235 3214 3216
f 3214 3235 3229
f 3217 3219 3236
f 3237 3238 3239
f 3227 3231 3240
f 3231 3232 3240
f 3236 3176 3209
f 3215 3241 3216
f 3217 3236 3209
f 3241 3236 3219
f 3225 3242 3233
f 3242 3234 3233
f 3234 3242 3243
f 3244 3245 3234
f 3246 3234 3245
f 3247 3248 3249
f 3250 3251 3252
f 3253 3254 3255
f 3253 3256 3257
f 3258 3251 3259
f 3254 3260 3261
f 3254 3262 3263
f 3262 3254 3261
f 3264 3259 3265
f 3259 3264 3266
f 3266 3258 3259
f 3267 3262 3268
f 3262 3267 3263
f 3269 3265 3270
f 3257 3271 3272
f 3271 3257 3273
f 3259 3251 3265
f 3274 3275 3272
f 3276 3277 3278
f 3263 3267 3279
f 3280 3281 3270
f 3281 3280 3282
f 3267 3268 3283
f 3267 3283 3284
f 3281 3282 3285
f 3279 3267 3286
f 3286 3284 3287
f 3284 3286 3267
f 3278 3277 3288
f 3285 3282 3273
f 3278 3288 3289
f 3284 3283 3290
f 3284 3290 3287
f 3279 3286 3291
f 3275 3257 3272
f 3292 3273 3256
f 3273 3257 3256
f 3287 3290 3293
f 3294 3293 3295
f 3296 3294 3297
f 3294 3295 3297
f 3298 3299 3300
f 3300 3301 3302
f 3301 3300 3303
f 3303 3300 3299
f 3298 3300 3304
f 3300 3302 3304
f 3303 3299 3305
f 3306 3307 3308
f 3309 3310 3311
f 3312 3306 3313
f 3306 3312 3314
f 3311 3310 3315
f 3310 3312 3313
f 3315 3310 3313
f 3316 3317 3318
f 3317 3316 3319
f 3318 3317 3320
f 3321 3322 3323
f 3324 3318 3320
f 3314 3325 3307
f 3307 3326 3327
f 3326 3307 3328
f 3313 3306 3308
f 3315 3313 3308
f 3329 3327 3330
f 3327 3329 3308
f 3331 3332 3333
f 3328 3307 3325
f 3307 3327 3308
f 3308 3329 3315
f 3334 3335 3336
f 3335 3334 3324
f 3337 3321 3338
f 3319 3339 3335
f 3340 3341 3326
f 3328 3340 3326
f 3326 3342 3327
f 3330 3327 3343
f 3344 3345 3336
f 3335 3339 3336
f 3336 3346 3344
f 3342 3347 3343
f 3347 3342 3304
f 3327 3342 3343
f 3304 3302 3347
f 3348 3349 3350
f 3350 3349 3351
f 3352 3353 3354
f 3349 3355 3356
f 3357 3358 3359
f 3360 3361 3356
f 3362 3363 3364
f 3365 3366 3367
f 3366 3365 3368
f 3348 3369 3358
f 3370 3368 3364
f 3368 3370 3366
f 3359 3358 3369
f 3359 3371 3357
f 3372 3364 3363
f 3364 3368 3362
f 3372 3363 3373
f 3374 3375 3376
f 3351 3377 3378
f 3354 3379 3352
f 3357 3371 3380
f 3357 3380 3381
f 3371 3382 3380
f 3383 3381 3384
f 3354 3385 3373
f 3385 3354 3353
f 3385 3377 3373
f 3373 3356 3361
f 3356 3373 3377
f 3373 3361 3386
f 3384 3382 3387
f 3382 3388 3387
f 3383 3384 3389
f 3387 3389 3384
f 3388 3390 3387
f 3387 3390 3391
f 3392 3391 3393
f 3390 3394 3391
f 3391 3394 3393
f 3395 3396 3374
f 3397 3398 3399
f 3400 3401 3402
f 3398 3403 3399
f 3403 3398 3404
f 3405 3406 3407
f 3408 3409 3397
f 3409 3410 3411
f 3409 3411 3395
f 3397 3409 3395
f 3397 3395 3374
f 3399 3406 3412
f 3413 3414 3415
f 3413 3415 3416
f 3374 3396 3417
f 3418 3419 3415
f 3419 3418 3420
f 3408 3397 3412
f 3408 3412 3406
f 3420 3421 3422
f 3398 3417 3404
f 3399 3423 3407
f 3424 3425 3426
f 3427 3418 3428
f 3429 3427 3428
f 3427 3429 3430
f 3428 3431 3429
f 3431 3428 3432
f 3433 3434 3435
f 3436 3437 3438
f 3439 3440 3441
f 3440 3439 3442
f 3443 3444 3402
f 3444 3443 3445
f 3445 3436 3444
f 3446 3447 3448
f 3449 3450 3451
f 3452 3444 3436
f 3453 3454 3455
f 3447 3440 3442
f 3447 3450 3456
f 3450 3447 3442
f 3457 3458 3459
f 3442 3439 3460
f 3442 3451 3450
f 3451 3442 3460
f 3461 3459 3404
f 3452 3436 3462
f 3460 3463 3451
f 3463 3460 3457
f 3452 3462 3464
f 3463 3461 3465
f 3466 3467 3468
f 3458 3404 3459
f 3469 3470 3471
f 3472 3473 3474
f 3473 3472 3475
f 3476 3477 3478
f 3479 3480 3481
f 3480 3479 3482
f 3480 3483 3484
f 3482 3485 3473
f 3482 3473 3486
f 3486 3473 3475
f 3487 3488 3489
f 3488 3487 3490
f 3489 3488 3491
f 3473 3485 3474
f 3472 3492 3493
f 3478 3494 3495
f 3494 3478 3477
f 3490 3495 3496
f 3497 3498 3494
f 3499 3500 3486
f 3491 3498 3501
f 3479 3502 3503
f 3504 3505 3501
f 3475 3472 3493
f 3499 3475 3493
f 3497 3506 3504
f 3501 3497 3504
f 3499 3493 3507
f 3499 3507 3508
f 3507 3509 3510
f 3508 3507 3510
f 3510 3509 3511
f 3512 3503 3506
f 3503 3512 3513
f 3504 3506 3502
f 3509 3514 3511
f 3515 3516 3517
f 3518 3519 3520
f 3521 3522 3523
f 3524 3525 3526
f 3526 3527 3524
f 3523 3528 3521
f 3528 3523 3529
f 3530 3531 3532
f 3533 3534 3535
f 3536 3537 3538
f 3539 3538 3540
f 3528 3541 3542
f 3543 3544 3534
f 3528 3529 3545
f 3546 3547 3548
f 3549 3543 3550
f 3551 3545 3552
f 3545 3551 3553
f 3554 3555 3550
f 3550 3543 3554
f 3556 3528 3545
f 3556 3545 3553
f 3557 3558 3559
f 3560 3561 3544
f 3562 3563 3546
f 3553 3564 3565
f 3564 3553 3566
f 3566 3551 3558
f 3543 3567 3560
f 3567 3568 3560
f 3565 3564 3557
f 3559 3569 3557
f 3570 3571 3519
f 3572 3573 3574
f 3519 3518 3570
f 3575 3576 3577
f 3578 3579 3580
f 3581 3580 3579
f 3582 3583 3584
f 3585 3584 3586
f 3584 3587 3586
f 3587 3584 3588
f 3589 3590 3591
f 3591 3592 3593
f 3592 3591 3590
f 3593 3592 3594
f 3595 3596 3597
f 3596 3595 3573
f 3587 3588 3598
f 3598 3588 3597
f 3597 3596 3599
f 3592 3600 3601
f 3600 3592 3590
f 3594 3592 3601
f 3601 3602 3603
f 3604 3605 3574
f 3606 3607 3605
f 3596 3572 3599
f 3608 3599 3609
f 3594 3601 3603
f 3610 3611 3612
f 3613 3614 3602
f 3572 3574 3607
f 3615 3600 3616
f 3602 3615 3617
f 3615 3616 3617
f 3613 3602 3618
f 3619 3618 3602
f 3620 3621 3622
f 3622 3623 3624
f 3625 3626 3627
f 3619 3617 3628
f 3629 3630 3618
f 3631 3618 3630
f 3628 3632 3633
f 3633 3631 3630
f 3631 3633 3634
f 3635 3636 3604
f 3637 3638 3576
f 3518 3639 3570
f 3640 3641 3642
f 3643 3644 3645
f 3644 3643 3646
f 3575 3647 3648
f 3647 3649 3648
f 3650 3651 3652
f 3653 3654 3655
f 3656 3657 3649
f 3658 3659 3655
f 3659 3658 3660
f 3660 3657 3659
f 3658 3655 3654
f 3651 3644 3661
f 3646 3662 3644
f 3652 3651 3663
f 3644 3662 3661
f 3664 3665 3666
f 3662 3666 3661
f 3661 3666 3667
f 3668 3604 3645
f 3668 3669 3653
f 3666 3670 3671
f 3667 3666 3672
f 3673 3667 3672
f 3666 3671 3672
f 3674 3673 3675
f 3676 3677 3678
f 3679 3676 3678
f 3675 3680 3681
f 3675 3681 3682
f 3675 3682 3674
f 3682 3681 3683
f 3674 3682 3684
f 3685 3686 3684
f 3687 3688 3689
f 3688 3687 3690
f 3691 3692 3693
f 3692 3691 3694
f 3695 3696 3697
f 3698 3699 3700
f 3701 3702 3703
f 3704 3705 3703
f 3706 3701 3705
f 3707 3708 3709
f 3710 3711 3712
f 3694 3713 3714
f 3713 3694 3715
f 3709 3708 3712
f 3693 3716 3691
f 3696 3717 3718
f 3717 3696 3719
f 3720 3707 3709
f 3692 3694 3721
f 3722 3718 3717
f 3718 3722 3723
f 3724 3708 3725
f 3726 3727 3728
f 3723 3722 3727
f 3729 3730 3731
f 3732 3690 3733
f 3729 3731 3734
f 3735 3736 3737
f 3738 3737 3739
f 3739 3737 3736
f 3734 3740 3741
f 3739 3736 3742
f 3743 3744 3745
f 3744 3743 3746
f 3704 3747 3748
f 3749 3750 3751
f 3752 3753 3754
f 3755 3756 3757
f 3720 3758 3707
f 3758 3720 3759
f 3707 3760 3761
f 3762 3763 3764
f 3763 3762 3765
f 3709 3766 3720
f 3766 3709 3767
f 3709 3707 3761
f 3768 3762 3764
f 3769 3749 3770
f 3749 3769 3771
f 3749 3751 3770
f 3772 3773 3774
f 3763 3775 3776
f 3764 3763 3776
f 3777 3778 3748
f 3776 3766 3772
f 3779 3780 3781
f 3709 3761 3767
f 3779 3781 3760
f 3782 3772 3766
f 3774 3773 3783
f 3783 3782 3784
f 3782 3783 3773
f 3766 3759 3720
f 3784 3782 3767
f 3781 3785 3760
f 3786 3777 3748
f 3767 3785 3784
f 3785 3767 3761
f 3785 3761 3760
f 3787 3786 3788
f 3748 3747 3746
f 3748 3746 3786
f 3746 3747 3744
f 3786 3746 3743
f 3788 3743 3789
f 3743 3788 3786
f 3790 3791 3792
f 3792 3791 3793
f 3743 3745 3789
f 3794 3789 3795
f 3789 3796 3795
f 3797 3793 3798
f 3798 3793 3791
f 3795 3796 3799
f 3800 3801 3802
f 3801 3800 3803
f 3804 3754 3805
f 3704 3806 3801
f 3806 3704 3807
f 3758 3753 3804
f 3775 3766 3808
f 3808 3766 3809
f 3810 3804 3811
f 3707 3812 3813
f 3814 3775 3763
f 3815 3816 3817
f 3758 3804 3707
f 3763 3775 3764
f 3764 3775 3808
f 3818 3819 3758
f 3758 3707 3813
f 3756 3814 3820
f 3812 3810 3821
f 3811 3804 3805
f 3805 3822 3811
f 3823 3824 3822
f 3808 3809 3825
f 3813 3818 3758
f 3826 3766 3827
f 3828 3755 3818
f 3828 3818 3766
f 3829 3827 3813
f 3827 3829 3826
f 3824 3810 3811
f 3822 3803 3830
f 3829 3813 3812
f 3800 3831 3830
f 3831 3800 3832
f 3803 3704 3801
f 3833 3830 3831
f 3830 3803 3800
f 3834 3835 3836
f 3832 3800 3802
f 3834 3837 3838
f 3839 3840 3841
f 3831 3832 3839
f 3838 3837 3842
f 3843 3844 3754
f 3763 3845 3846
f 3763 3847 3848
f 3756 3757 3849
f 3850 3851 3852
f 3851 3850 3853
f 3854 3855 3856
f 3857 3858 3859
f 3858 3857 3860
f 3861 3862 3863
f 3849 3864 3846
f 3850 3852 3865
f 3863 3866 3846
f 3843 3754 3867
f 3850 3844 3853
f 3868 3853 3844
f 3861 3869 3870
f 3869 3861 3864
f 3858 3868 3859
f 3852 3851 3871
f 3851 3872 3871
f 3870 3873 3862
f 3873 3874 3871
f 3869 3875 3874
f 3876 3877 3878
f 3879 3880 3881
f 3876 3880 3882
f 3874 3865 3883
f 3859 3884 3854
f 3884 3859 3885
f 3859 3854 3856
f 3886 3855 3887
f 3855 3886 3856
f 3888 3889 3890
f 3884 3806 3891
f 3855 3892 3887
f 3887 3892 3893
f 3894 3895 3896
f 3897 3898 3899
f 3899 3900 3875
f 3900 3899 3898
f 3901 3902 3903
f 3904 3905 3906
f 3907 3906 3908
f 3909 3869 3875
f 3875 3869 3899
f 3910 3900 3898
f 3911 3912 3913
f 3806 3884 3914
f 3915 3916 3806
f 3917 3918 3913
f 3918 3917 3919
f 3909 3875 3920
f 3921 3922 3923
f 3922 3921 3913
f 3924 3904 3906
f 3906 3925 3908
f 3926 3845 3897
f 3845 3926 3904
f 3905 3927 3928
f 3927 3905 3926
f 3925 3928 3927
f 3929 3919 3930
f 3930 3931 3932
f 3845 3849 3897
f 3911 3913 3921
f 3926 3897 3933
f 3927 3926 3933
f 3934 3897 3899
f 3899 3869 3934
f 3930 3932 3929
f 3935 3896 3917
f 3875 3935 3920
f 3936 3937 3938
f 3931 3936 3938
f 3938 3937 3939
f 3938 3939 3940
f 3941 3938 3940
f 3942 3941 3940
f 3940 3943 3944
f 3945 3946 3947
f 3946 3945 3948
f 3910 3949 3950
f 3951 3952 3947
f 3953 3954 3849
f 3954 3953 3955
f 3956 3957 3958
f 3957 3956 3959
f 3960 3952 3950
f 3958 3957 3961
f 3962 3956 3963
f 3964 3965 3966
f 3966 3967 3963
f 3968 3969 3955
f 3955 3969 3954
f 3951 3947 3970
f 3971 3948 3945
f 3970 3947 3946
f 3959 3962 3972
f 3970 3910 3951
f 3973 3974 3975
f 3975 3976 3977
f 3949 3958 3961
f 3958 3949 3978
f 3961 3972 3950
f 3979 3980 3981
f 3980 3979 3982
f 3961 3950 3949
f 3983 3984 3985
f 3975 3979 3973
f 3979 3975 3986
f 3975 3977 3986
f 3982 3979 3986
f 3987 3988 3983
f 3980 3982 3989
f 3990 3980 3989
f 3991 3992 3989
f 3993 3994 3995
f 3996 3997 3998
f 3999 4000 4001
f 4000 3999 4002
f 4003 4004 4005
f 4006 4004 4007
f 4008 4009 4010
f 4011 4012 4013
f 4014 4008 4010
f 4008 4014 4015
f 4016 4015 4014
f 4017 4018 4019
f 4020 4021 4022
f 4021 4020 4023
f 4024 4022 4021
f 4017 4019 4025
f 4026 4027 4028
f 4027 4026 4029
f 4024 4011 4030
f 4024 4030 4031
f 4021 4003 3945
f 4003 4021 4023
f 4021 3945 4011
f 4026 4032 4033
f 4002 4012 4000
f 4012 4002 4013
f 4006 4000 4012
f 4034 4013 4002
f 4026 4035 4029
f 4027 4029 4036
f 4036 4029 4037
f 4007 4038 4006
f 4038 4007 4039
f 4038 4014 4001
f 4014 4038 4039
f 4014 4039 4016
f 4035 4040 4029
f 4029 4040 4037
f 4037 4040 3993
f 4010 4009 4041
f 3996 3998 4042
f 4043 4044 4045
f 4014 4046 4047
f 4048 4049 4050
f 4047 4051 4014
f 4051 4047 4038
f 4052 4053 4054
f 4014 4055 4056
f 4055 4014 4051
f 4057 4014 4056
f 4058 4059 4060
f 4059 4058 4005
f 4061 4062 4060
f 4063 4064 4048
f 4048 4050 4063
f 4052 4062 4065
f 4066 4067 4068
f 4068 4058 4066
f 4058 4068 4069
f 4066 4058 4060
f 4070 4071 4072
f 4073 4074 4075
f 4005 4076 4077
f 4078 4005 4077
f 4005 4078 4059
f 4079 4038 4046
f 4080 4081 4082
f 4083 4075 4084
f 4075 4085 4086
f 4081 4087 4088
f 4089 4086 4090
f 4083 4089 4091
f 4091 4089 4090
f 4092 4093 4094
f 4050 4063 4048
f 4095 4096 4063
f 4097 4098 4099
f 4099 4100 4101
f 4100 4099 4098
f 4102 4103 4104
f 4105 4106 4107
f 4106 4105 4108
f 4109 4069 4110
f 4069 4109 4111
f 4110 4069 4112
f 4108 4113 4114
f 4113 4108 4115
f 4104 4116 4117
f 4102 4118 4119
f 4118 4102 4117
f 4099 4101 4120
f 4121 4101 4122
f 4095 4123 4124
f 4122 4101 4100
f 4100 4125 4122
f 4125 4100 4126
f 4125 4127 4122
f 4121 4122 4127
f 4111 4125 4069
f 4126 4128 4112
f 4126 4069 4125
f 4118 4129 4130
f 4114 4113 4131
f 4106 4114 4132
f 4133 4134 4135
f 4109 4110 4136
f 4136 4110 4114
f 4114 4131 4136
f 4134 4137 4135
f 4135 4137 4138
f 4137 4139 4138
f 4140 4135 4141
f 4142 4143 4144
f 4145 4095 4123
f 4098 4146 4099
f 4120 4099 4147
f 4148 4144 4128
f 4106 4149 4150
f 4151 4152 4153
f 4152 4151 4154
f 4151 4104 4154
f 4155 4095 4063
f 4156 4157 4153
f 4158 4159 4128
f 4160 4158 4112
f 4157 4161 4162
f 4163 4164 4165
f 4164 4163 4166
f 4167 4168 4169
f 4157 4166 4163
f 4166 4170 4164
f 4169 4171 4172
f 4173 4174 4175
f 4174 4173 4176
f 4177 4155 4178
f 4179 4180 4181
f 4180 4179 4182
f 4183 4184 4185
f 4184 4183 4186
f 4187 4188 4174
f 4189 4190 4191
f 4190 4189 4192
f 4174 4176 4187
f 4182 4179 4183
f 4188 4193 4194
f 4193 4188 4195
f 4196 4195 4197
f 4195 4196 4193
f 4197 4187 4198
f 4199 4197 4200
f 4201 4200 4202
f 4198 4203 4204
f 4204 4203 4205
f 4202 4206 4201
f 4207 4182 4208
f 4182 4207 4180
f 4202 4204 4209
f 4204 4205 4209
f 4185 4182 4183
f 4182 4185 4208
f 4179 4210 4183
f 4188 4194 4190
f 4211 4212 4213
f 4214 4213 4215
f 4213 4214 4211
f 4095 4216 4217
f 4202 4209 4218
f 4202 4218 4219
f 4209 4220 4221
f 4218 4209 4222
f 4223 4224 4189
f 4175 4190 4192
f 4223 4189 4191
f 4213 4225 4215
f 4209 4221 4222
f 4226 4227 4228
f 4229 4230 4231
f 4232 4233 4234
f 4235 4236 4237
f 4238 4239 4232
f 4240 4229 4241
f 4235 4242 4243
f 4237 4244 4245
f 4242 4237 4245
f 4246 4247 4248
f 4248 4247 4249
f 4248 4250 4246
f 4251 4252 4253
f 4231 4241 4229
f 4254 4231 4230
f 4255 4256 4257
f 4258 4248 4259
f 4248 4249 4259
f 4260 4261 4262
f 4260 4239 4263
f 4239 4260 4262
f 4235 4243 4264
f 4265 4266 4267
f 4259 4268 4258
f 4258 4269 4270
f 4271 4272 4270
f 4265 4238 4264
f 4264 4243 4265
f 4243 4273 4266
f 4269 4271 4270
f 4271 4269 4274
f 4275 4276 4277
f 4275 4278 4279
f 4280 4278 4281
f 4282 4283 4284
f 4285 4286 4287
f 4234 4288 4289
f 4290 4291 4292
f 4293 4294 4295
f 4296 4297 4287
f 4298 4292 4294
f 4299 4298 4293
f 4293 4300 4299
f 4300 4293 4301
f 4299 4302 4303
f 4302 4299 4300
f 4302 4304 4303
f 4300 4289 4302
f 4305 4302 4288
f 4306 4234 4289
f 4302 4289 4288
f 4288 4307 4305
f 4308 4309 4310
f 4311 4312 4313
f 4314 4313 4315
f 4313 4314 4311
f 4316 4317 4318
f 4317 4316 4319
f 4320 4321 4322
f 4323 4317 4319
f 4320 4322 4324
f 4318 4325 4316
f 4320 4324 4326
f 4324 4322 4327
f 4325 4328 4329
f 4328 4325 4330
f 4331 4324 4327
f 4332 4327 4333
f 4331 4334 4335
f 4325 4329 4316
f 4336 4337 4333
f 4338 4339 4328
f 4340 4341 4330
f 4332 4333 4342
f 4343 4342 4344
f 4342 4343 4332
f 4345 4338 4346
f 4347 4335 4348
f 4345 4346 4340
f 4345 4340 4349
f 4333 4337 4342
f 4337 4350 4344
f 4342 4337 4344
f 4344 4351 4343
f 4330 4352 4340
f 4350 4353 4354
f 4354 4355 4356
f 4355 4354 4357
f 4358 4359 4360
f 4361 4358 4352
f 4356 4344 4354
f 4352 4358 4362
f 4340 4352 4349
f 4349 4352 4362
f 4363 4362 4348
f 4362 4363 4349
f 4347 4360 4359
f 4360 4347 4348
f 4362 4358 4348
f 4354 4353 4357
f 4364 4348 4335
f 4348 4358 4360
f 4365 4366 4367
f 4356 4368 4369
f 4370 4320 4326
f 4359 4326 4347
f 4365 4367 4371
f 4372 4373 4374
f 4375 4376 4377
f 4376 4375 4378
f 4379 4376 4378
f 4380 4381 4382
f 4383 4384 4385
f 4380 4382 4386
f 4381 4387 4382
f 4388 4386 4389
f 4390 4391 4379
f 4391 4390 4392
f 4382 4387 4373
f 4391 4392 4381
f 4392 4374 4387
f 4374 4392 4393
f 4382 4373 4386
f 4394 4395 4396
f 4395 4394 4397
f 4398 4385 4384
f 4379 4399 4390
f 4372 4374 4393
f 4377 4400 4401
f 4384 4402 4394
f 4384 4394 4396
f 4380 4386 4403
f 4400 4380 4403
f 4394 4402 4404
f 4405 4396 4406
f 4372 4393 4407
f 4408 4396 4409
f 4393 4410 4407
f 4411 4399 4412
f 4411 4413 4410
f 4397 4414 4395
f 4414 4415 4416
f 4396 4395 4409
f 4416 4415 4409
f 4408 4409 4417
f 4418 4389 4419
f 4389 4418 4420
f 4421 4422 4423
f 4415 4403 4388
f 4420 4415 4388
f 4420 4418 4417
f 4410 4413 4424
f 4425 4412 4426
f 4420 4388 4389
f 4386 4373 4419
f 4423 4401 4400
f 4427 4425 4426
f 4428 4429 4430
f 4400 4377 4431
f 4401 4432 4375
f 4423 4422 4433
f 4390 4434 4435
f 4434 4390 4436
f 4380 4437 4438
f 4437 4380 4439
f 4377 4440 4431
f 4441 4442 4375
f 4442 4441 4378
f 4380 4320 4439
f 4431 4403 4400
f 4403 4431 4438
f 4443 4444 4445
f 4444 4443 4446
f 4414 4447 4448
f 4438 4431 4440
f 4438 4449 4403
f 4438 4437 4450
f 4378 4441 4451
f 4441 4375 4432
f 4439 4320 4452
f 4453 4454 4444
f 4455 4444 4454
f 4454 4456 4457
f 4458 4459 4320
f 4435 4459 4390
f 4459 4435 4320
f 4320 4435 4452
f 4444 4446 4453
f 4454 4460 4455
f 4461 4390 4459
f 4452 4435 4434
f 4453 4446 4462
f 4414 4448 4457
f 4460 4463 4464
f 4414 4465 4466
f 4447 4466 4467
f 4436 4468 4469
f 4470 4471 4472
f 4433 4401 4473
f 4474 4475 4476
f 4401 4375 4477
f 4320 4478 4479
f 4480 4481 4482
f 4483 4484 4485
f 4484 4483 4320
f 4433 4473 4423
f 4486 4487 4488
f 4487 4486 4489
f 4490 4472 4491
f 4472 4490 4470
f 4423 4492 4487
f 4490 4491 4492
f 4493 4472 4471
f 4472 4493 4494
f 4495 4486 4496
f 4493 4471 4497
f 4498 4499 4500
f 4501 4502 4503
f 4498 4475 4503
f 4504 4498 4503
f 4505 4497 4320
f 4494 4493 4505
f 4479 4505 4320
f 4505 4479 4494
f 4320 4497 4482
f 4503 4506 4504
f 4504 4507 4508
f 4507 4504 4506
f 4509 4504 4508
f 4510 4511 4488
f 4511 4510 4508
f 4496 4506 4495
f 4507 4506 4512
f 4507 4512 4511
f 4508 4507 4511
f 4481 4513 4482
f 4510 4488 4514
f 4515 4516 4513
f 4514 4488 4487
f 4484 4513 4516
f 4517 4518 4510
f 4487 4489 4423
f 4492 4491 4519
f 4514 4487 4492
f 4510 4514 4517
f 4515 4520 4521
f 4484 4516 4485
f 4516 4522 4523
f 4485 4516 4524
f 4516 4523 4524
f 4522 4525 4523
f 4485 4524 4526
f 4441 4375 4527
f 4528 4480 4529
f 4530 4531 4532
f 4533 4534 4535
f 4375 4477 4536
f 4537 4529 4538
f 4477 4528 4529
f 4480 4539 4540
f 4433 4533 4541
f 4433 4541 4542
f 4533 4543 4541
f 4544 4530 4532
f 4545 4546 4547
f 4536 4477 4537
f 4548 4537 4538
f 4548 4549 4550
f 4549 4548 4551
f 4552 4553 4554
f 4553 4552 4555
f 4555 4547 4553
f 4547 4555 4545
f 4549 4556 4557
f 4538 4529 4540
f 4538 4551 4548
f 4558 4551 4559
f 4560 4558 4559
f 4558 4560 4556
f 4531 4561 4562
f 4563 4562 4564
f 4562 4563 4565
f 4540 4529 4480
f 4566 4567 4568
f 4567 4566 4559
f 4559 4551 4567
f 4569 4570 4571
f 4570 4569 4560
f 4552 4554 4572
f 4562 4561 4564
f 4573 4542 4574
f 4575 4565 4563
f 4576 4554 4573
f 4563 4564 4577
f 4569 4571 4578
f 4576 4579 4572
f 4552 4572 4580
f 4574 4542 4541
f 4581 4582 4583
f 4584 4585 4583
f 4576 4573 4574
f 4586 4587 4543
f 4566 4588 4571
f 4588 4566 4584
f 4588 4578 4571
f 4574 4541 4587
f 4574 4586 4579
f 4541 4543 4587
f 4433 4589 4590
f 4591 4527 4375
f 4592 4593 4594
f 4593 4592 4595
f 4590 4589 4596
f 4597 4589 4598
f 4589 4597 4596
f 4596 4597 4599
f 4600 4590 4596
f 4542 4600 4601
f 4596 4602 4600
f 4603 4604 4597
f 4605 4606 4607
f 4597 4604 4608
f 4606 4609 4607
f 4610 4611 4612
f 4603 4613 4614
f 4615 4616 4617
f 4618 4619 4620
f 4621 4595 4622
f 4595 4621 4623
f 4621 4624 4623
f 4624 4621 4625
f 4626 4617 4612
f 4611 4626 4612
f 4622 4595 4592
f 4623 4624 4627
f 4628 4629 4630
f 4631 4632 4602
f 4632 4631 4633
f 4627 4634 4635
f 4634 4627 4624
f 4625 4634 4624
f 4633 4636 4637
f 4638 4636 4639
f 4623 4627 4640
f 4640 4627 4641
f 4632 4600 4602
f 4593 4642 4643
f 4633 4637 4632
f 4594 4593 4643
f 4623 4640 4642
f 4642 4640 4644
f 4643 4642 4644
f 4645 4643 4644
f 4646 4647 4648
f 4649 4650 4651
f 4652 4653 4630
f 4654 4655 4656
f 4657 4658 4659
f 4651 4650 4660
f 4661 4653 4662
f 4653 4661 4663
f 4649 4651 4664
f 4649 4664 4663
f 4664 4665 4666
f 4665 4664 4667
f 4668 4667 4669
f 4667 4668 4665
f 4670 4671 4672
f 4660 4673 4651
f 4651 4674 4667
f 4674 4651 4673
f 4665 4668 4666
f 4675 4676 4670
f 4676 4647 4677
f 4674 4678 4669
f 4678 4674 4673
f 4679 4666 4680
f 4666 4679 4681
f 4670 4672 4682
f 4682 4683 4684
f 4685 4686 4687
f 4684 4688 4689
f 4690 4661 4662
f 4666 4681 4664
f 4688 4691 4689
f 4689 4692 4654
f 4693 4656 4655
f 4694 4695 4696
f 4697 4655 4698
f 4698 4624 4657
f 4697 4698 4699
f 4646 4647 4700
f 4700 4701 4646
f 4701 4700 4702
f 4647 4703 4704
f 4705 4706 4707
f 4708 4709 4710
f 4709 4708 4711
f 4712 4713 4714
f 4715 4716 4717
f 4702 4718 4719
f 4720 4707 4718
f 4718 4721 4719
f 4721 4718 4707
f 4721 4706 4722
f 4721 4722 4723
f 4719 4721 4723
f 4700 4647 4704
f 4704 4703 4724
f 4722 4706 4725
f 4726 4706 4727
f 4706 4726 4725
f 4728 4729 4730
f 4731 4726 4732
f 4727 4728 4733
f 4726 4727 4732
f 4732 4727 4733
f 4734 4730 4735
f 4728 4734 4733
f 4736 4737 4738
f 4739 4740 4741
f 4734 4735 4733
f 4742 4735 4743
f 4731 4733 4744
f 4745 4739 4746
f 4712 4702 4719
f 4747 4748 4749
f 4730 4743 4735
f 4712 4714 4750
f 4719 4723 4749
f 4747 4749 4723
f 4750 4701 4712
f 4751 4744 4752
f 4753 4742 4754
f 4754 4755 4756
f 4752 4757 4758
f 4759 4760 4761
f 4760 4759 4762
f 4763 4764 4765
f 4764 4763 4766
f 4767 4768 4769
f 4768 4767 4770
f 4771 4763 4772
f 4771 4772 4773
f 4774 4775 4776
f 4775 4774 4777
f 4778 4770 4779
f 4777 4780 4775
f 4775 4781 4776
f 4781 4775 4780
f 4782 4783 4784
f 4783 4782 4785
f 4778 4765 4786
f 4774 4787 4783
f 4788 4787 4789
f 4790 4786 4765
f 4781 4791 4776
f 4791 4781 4792
f 4781 4780 4792
f 4791 4793 4794
f 4793 4791 4792
f 4791 4795 4776
f 4796 4759 4761
f 4759 4796 4795
f 4797 4794 4798
f 4794 4797 4799
f 4791 4794 4799
f 4759 4795 4799
f 4759 4800 4762
f 4768 4770 4801
f 4770 4802 4801
f 4793 4803 4798
f 4794 4793 4798
f 4797 4798 4804
f 4805 4784 4788
f 4803 4806 4804
f 4800 4807 4808
f 4809 4810 4811
f 4811 4790 4764
f 4797 4804 4812
f 4808 4813 4814
f 4811 4764 4809
f 4815 4805 4786
f 4782 4810 4816
f 4804 4817 4818
f 4819 4812 4818
f 4812 4804 4818
f 4785 4774 4783
f 4774 4785 4777
f 4782 4816 4785
f 4787 4784 4783
f 4816 4777 4785
f 4818 4817 4820
f 4821 4818 4820
f 4814 4813 4821
f 4822 4794 4823
f 4794 4822 4824
f 4823 4794 4825
f 4826 4775 4781
f 4775 4826 4827
f 4781 4775 4828
f 4777 4780 4827
f 4826 4829 4776
f 4830 4831 4832
f 4831 4830 4809
f 4829 4792 4791
f 4793 4794 4791
f 4794 4793 4825
f 4776 4833 4795
f 4833 4776 4791
f 4792 4781 4828
f 4791 4794 4833
f 4791 4776 4829
f 4776 4795 4834
f 4835 4836 4837
f 4793 4791 4838
f 4777 4827 4835
f 4804 4817 4839
f 4817 4804 4840
f 4825 4804 4823
f 4795 4824 4841
f 4785 4835 4842
f 4777 4785 4843
f 4785 4782 4843
f 4844 4845 4839
f 4846 4847 4848
f 4847 4846 4840
f 4835 4837 4842
f 4834 4849 4836
f 4849 4834 4841
f 4834 4795 4841
f 4841 4850 4849
f 4764 4831 4809
f 4851 4822 4852
f 4823 4839 4852
f 4839 4823 4804
f 4843 4782 4853
f 4777 4843 4854
f 4852 4819 4851
f 4852 4845 4855
f 4845 4852 4839
f 4856 4857 4858
f 4859 4792 4860
f 4775 4860 4861
f 4780 4775 4862
f 4775 4861 4862
f 4863 4864 4865
f 4866 4857 4867
f 4806 4868 4847
f 4869 4870 4871
f 4870 4869 4872
f 4873 4874 4875
f 4874 4873 4876
f 4875 4877 4878
f 4792 4879 4860
f 4862 4861 4880
f 4881 4882 4879
f 4882 4881 4883
f 4862 4880 4884
f 4861 4882 4885
f 4881 4879 4791
f 4886 4887 4888
f 4887 4886 4883
f 4889 4890 4870
f 4890 4889 4891
f 4871 4870 4890
f 4872 4889 4870
f 4881 4791 4892
f 4881 4887 4883
f 4887 4881 4892
f 4874 4871 4830
f 4893 4869 4876
f 4791 4856 4858
f 4856 4791 4838
f 4894 4895 4863
f 4887 4858 4888
f 4869 4871 4876
f 4893 4876 4873
f 4896 4877 4897
f 4865 4894 4863
f 4858 4898 4888
f 4830 4899 4877
f 4897 4900 4896
f 4897 4877 4899
f 4878 4877 4901
f 4864 4806 4857
f 4902 4896 4900
f 4902 4900 4884
f 4823 4898 4866
f 4898 4823 4888
f 4903 4862 4884
f 4862 4903 4904
f 4884 4900 4903
f 4897 4904 4903
f 4792 4905 4906
f 4906 4907 4908
f 4908 4909 4792
f 4909 4908 4859
f 4910 4911 4912
f 4911 4910 4792
f 4913 4914 4857
f 4915 4916 4917
f 4916 4915 4918
f 4907 4915 4917
f 4916 4919 4920
f 4907 4917 4921
f 4918 4907 4922
f 4861 4918 4922
f 4907 4921 4908
f 4792 4909 4911
f 4861 4922 4923
f 4920 4919 4924
f 4906 4905 4923
f 4923 4905 4925
f 4905 4926 4925
f 4927 4928 4929
f 4920 4930 4931
f 4920 4924 4932
f 4933 4934 4935
f 4936 4937 4938
f 4939 4940 4941
f 4942 4943 4916
f 4944 4908 4945
f 4908 4944 4946
f 4947 4948 4917
f 4948 4947 4908
f 4949 4950 4951
f 4950 4952 4953
f 4954 4935 4955
f 4946 4944 4956
f 4954 4955 4957
f 4957 4958 4940
f 4958 4957 4955
f 4939 4947 4917
f 4950 4953 4959
f 4946 4948 4908
f 4948 4946 4960
f 4908 4947 4961
f 4942 4948 4960
f 4961 4962 4945
f 4963 4964 4965
f 4964 4963 4953
f 4908 4961 4945
f 4965 4966 4963
f 4965 4964 4967
f 4937 4953 4952
f 4953 4937 4964
f 4964 4968 4967
f 4969 4936 4970
f 4936 4969 4971
f 4950 4959 4972
f 4973 4974 4975
f 4974 4973 4976
f 4937 4952 4938
f 4950 4972 4951
f 4938 4970 4936
f 4977 4970 4978
f 4970 4977 4969
f 4970 4954 4979
f 4979 4954 4957
f 4943 4957 4980
f 4981 4945 4982
f 4982 4983 4984
f 4983 4982 4945
f 4985 4986 4987
f 4988 4983 4945
f 4983 4988 4989
f 4990 4991 4988
f 4991 4989 4988
f 4989 4991 4992
f 4990 4988 4993
f 4982 4994 4981
f 4995 4985 4996
f 4997 4985 4998
f 4985 4997 4996
f 4999 5000 5001
f 5002 5003 5004
f 5003 5005 5004
f 5004 5006 5007
f 4999 5001 4983
f 5008 5009 5010
f 5002 5011 5012
f 5012 5011 5013
f 5014 5015 5016
f 5017 5018 5019
f 5018 5020 5021
f 5022 5023 5024
f 5025 5026 5027
f 5026 5025 5028
f 5029 5030 5031
f 5030 5029 5032
f 5026 5033 5034
f 5033 5028 5035
f 5036 5037 5025
f 5037 5036 5038
f 5025 5027 5036
f 5025 5039 5028
f 5039 5025 5037
f 5039 5037 5040
f 5037 5041 5042
f 5041 5037 5038
f 5042 5040 5037
f 5043 5039 5040
f 5044 5031 5030
f 5045 5046 5043
f 5047 5048 5049
f 5048 5047 5034
f 5050 5051 5030
f 5032 5052 5050
f 5053 5054 5055
f 5050 5030 5032
f 5052 5056 5057
f 5058 5029 5059
f 5029 5058 5060
f 5059 5061 5062
f 5058 5059 5062
f 5054 5063 5064
f 5063 5054 5065
f 5066 5056 5060
f 5057 5067 5052
f 5062 5068 5058
f 5049 5066 5060
f 5067 5066 5069
f 5067 5069 5070
f 5034 5033 5071
f 5070 5069 5048
f 5070 5048 5071
f 5072 5034 5047
f 5070 5071 5073
f 5074 5075 5076
f 5077 5078 5079
f 5080 5081 5082
f 5083 5084 5085
f 5086 5080 5082
f 5086 5087 5074
f 5087 5086 5088
f 5087 5088 5089
f 5090 5091 5092
f 5093 5094 5095
f 5096 5097 5098
f 5082 5088 5099
f 5100 5101 5102
f 5103 5093 5096
f 5104 5105 5106
f 5107 5108 5109
f 5110 5102 5111
f 5112 5100 5110
f 5113 5110 5111
f 5114 5115 5116
f 5096 5098 5103
f 5104 5088 5117
f 5099 5088 5118
f 5088 5119 5098
f 5117 5120 5104
f 5121 5122 5123
f 5124 5125 5126
f 5127 5128 5129
f 5130 5131 5132
f 5133 5134 5135
f 5136 5123 5122
f 5137 5138 5139
f 5140 5141 5142
f 5141 5140 5143
f 5144 5140 5145
f 5143 5146 5141
f 5141 5146 5147
f 5148 5149 5150
f 5151 5152 5153
f 5154 5155 5156
f 5157 5158 5138
f 5158 5157 5149
f 5159 5160 5161
f 5139 5138 5158
f 5162 5163 5164
f 5163 5162 5165
f 5166 5159 5161
f 5167 5168 5164
f 5157 5138 5151
f 5160 5162 5164
f 5166 5161 5168
f 5161 5160 5164
f 5161 5164 5168
f 5167 5164 5163
f 5157 5151 5153
f 5145 5169 5170
f 5169 5145 5171
f 5172 5163 5173
f 5163 5172 5167
f 5173 5163 5169
f 5173 5169 5171
f 5171 5145 5174
f 5172 5173 5171
f 5175 5176 5177
f 5178 5179 5176
f 5180 5181 5182
f 5183 5184 5185
f 5186 5187 5188
f 5189 5182 5190
f 5175 5191 5192
f 5192 5193 5194
f 5195 5196 5197
f 5198 5199 5200
f 5201 5202 5203
f 5200 5204 5205
f 5206 5198 5207
f 5208 5209 5210
f 5211 5212 5213
f 5214 5215 5216
f 5217 5218 5219
f 5218 5220 5219
f 5221 5222 5223
f 5224 5225 5226
f 5221 5227 5228
f 5229 5230 5231
f 5231 5230 5232
f 5233 5234 5235
f 5233 5235 5236
f 5235 5237 5238
f 5237 5235 5234
f 5239 5235 5238
f 5240 5241 5242
f 5241 5240 5243
f 5244 5245 5246
f 5243 5240 5247
f 5248 5228 5249
f 5250 5242 5248
f 5251 5225 5252
f 5253 5223 5254
f 5255 5256 5257
f 5225 5258 5252
f 5259 5260 5261
f 5251 5262 5263
f 5264 5265 5266
f 5267 5265 5268
f 5269 5270 5271
f 5271 5270 5272
f 5273 5274 5275
f 5276 5277 5278
f 5275 5274 5279
f 5279 5274 5280
f 5281 5271 5270
f 5282 5283 5270
f 5284 5285 5286
f 5285 5284 5283
f 5287 5288 5289
f 5290 5291 5292
f 5289 5288 5293
f 5281 5270 5294
f 5295 5294 5284
f 5295 5296 5297
f 5298 5299 5282
f 5282 5300 5301
f 5302 5286 5303
f 5304 5303 5305
f 5306 5307 5308
f 5309 5310 5311
f 5312 5313 5314
f 5315 5316 5307
f 5301 5317 5282
f 5318 5312 5314
f 5307 5316 5298
f 5308 5298 5282
f 5298 5308 5307
f 5308 5282 5317
f 5319 5320 5321
f 5322 5323 5324
f 5325 5326 5327
f 5316 5328 5298
f 5329 5298 5330
f 5331 5332 5333
f 5332 5331 5334
f 5335 5325 5327
f 5336 5337 5338
f 5326 5339 5340
f 5326 5340 5341
f 5342 5322 5343
f 5343 5316 5298
f 5332 5334 5344
f 5345 5346 5329
f 5332 5344 5347
f 5347 5344 5329
f 5347 5329 5346
f 5329 5330 5345
f 5348 5349 5350
f 5351 5352 5353
f 5354 5355 5356
f 5357 5358 5352
f 5359 5360 5361
f 5362 5363 5364
f 5365 5366 5367
f 5351 5368 5369
f 5370 5371 5372
f 5371 5370 5373
f 5374 5375 5376
f 5377 5378 5379
f 5377 5379 5380
f 5381 5379 5378
f 5379 5382 5380
f 5383 5384 5385
f 5386 5387 5388
f 5389 5390 5391
f 5385 5392 5393
f 5394 5391 5395
f 5392 5396 5393
f 5394 5397 5398
f 5399 5376 5400
f 5399 5380 5401
f 5402 5403 5404
f 5405 5406 5407
f 5408 5409 5410
f 5411 5412 5413
f 5414 5415 5416
f 5413 5417 5418
f 5419 5420 5421
f 5422 5419 5423
f 5418 5417 5424
f 5425 5426 5427
f 5428 5426 5429
f 5430 5429 5431
f 5431 5425 5432
f 5430 5433 5434
f 5405 5409 5435
f 5436 5437 5438
f 5439 5440 5441
f 5442 5443 5444
f 5445 5443 5446
f 5447 5448 5449
f 5450 5451 5442
f 5446 5452 5445
f 5447 5453 5454
f 5455 5456 5457
f 5457 5456 5458
f 5459 5460 5461
f 5457 5458 5462
f 5460 5463 5464
f 5465 5466 5467
f 5468 5469 5470
f 5471 5446 5472
f 5452 5473 5474
f 5475 5452 5474
f 5476 5477 5478
f 5479 5480 5481
f 5482 5483 5484
f 5485 5484 5486
f 5484 5485 5482
f 5487 5488 5468
f 5478 5477 5489
f 5490 5478 5489
f 5484 5483 5491
f 5492 5493 5489
f 5494 5489 5472
f 5495 5488 5496
f 5488 5495 5469
f 5468 5497 5498
f 5493 5499 5500
f 5501 5472 5446
f 5502 5503 5504
f 5505 5487 5506
f 5507 5508 5452
f 5508 5507 5471
f 5487 5468 5498
f 5487 5498 5506
f 5498 5509 5506
f 5509 5498 5497
f 5510 5511 5512
f 5511 5510 5513
f 5506 5509 5514
f 5473 5515 5474
f 5516 5479 5512
f 5511 5516 5512
f 5491 5486 5484
f 5512 5479 5481
f 5514 5510 5491
f 5510 5512 5481
f 5517 5486 5480
f 5518 5519 5520
f 5519 5518 5521
f 5522 5523 5524
f 5525 5526 5527
f 5528 5526 5520
f 5524 5529 5530
f 5521 5518 5531
f 5532 5521 5533
f 5534 5530 5535
f 5521 5446 5533
f 5536 5537 5538
f 5539 5540 5541
f 5542 5543 5544
f 5545 5546 5547
f 5548 5549 5550
f 5551 5549 5552
f 5550 5553 5554
f 5550 5554 5555
f 5556 5557 5558
f 5559 5558 5560
f 5561 5557 5562
f 5561 5562 5563
f 5564 5563 5565
f 5566 5567 5568
f 5569 5570 5544
f 5568 5571 5572
f 5573 5570 5574
f 5575 5568 5572
f 5576 5577 5578
f 5571 5567 5579
f 5580 5581 5582
f 5581 5580 5583
f 5584 5585 5586
f 5587 5588 5582
f 5589 5590 5591
f 5590 5592 5593
f 5594 5595 5596
f 5597 5594 5598
f 5593 5599 5542
f 5542 5599 5600
f 5600 5601 5602
f 5603 5604 5605
f 5601 5606 5602
f 5607 5608 5609
f 5604 5610 5611
f 5610 5604 5612
f 5607 5609 5613
f 5613 5614 5615
f 5616 5613 5617
f 5604 5618 5612
f 5619 5617 5620
f 5621 5622 5623
f 5624 5625 5626
f 5593 5627 5626
f 5628 5629 5630
f 5631 5632 5633
f 5633 5632 5634
f 5634 5635 5633
f 5635 5634 5636
f 5637 5631 5638
f 5639 5640 5641
f 5640 5639 5642
f 5638 5643 5644
f 5645 5646 5647
f 5626 5627 5624
f 5648 5649 5650
f 5651 5652 5653
f 5654 5655 5653
f 5656 5657 5628
f 5653 5658 5659
f 5650 5660 5661
f 5662 5663 5664
f 5663 5662 5665
f 5664 5663 5666
f 5653 5659 5651
f 5650 5649 5667
f 5663 5665 5668
f 5666 5669 5670
f 5671 5672 5673
f 5666 5674 5675
f 5673 5676 5671
f 5676 5673 5677
f 5666 5670 5678
f 5671 5676 5679
f 5679 5676 5659
f 5673 5680 5677
f 5677 5659 5676
f 5659 5677 5651
f 5679 5659 5681
f 5682 5683 5684
f 5685 5683 5686
f 5687 5685 5686
f 5688 5689 5690
f 5691 5692 5693
f 5692 5691 5694
f 5692 5694 5695
f 5694 5691 5696
f 5697 5698 5699
f 5700 5697 5699
f 5692 5695 5701
f 5702 5692 5701
f 5703 5704 5705
f 5706 5707 5708
f 5707 5706 5709
f 5710 5711 5702
f 5712 5713 5714
f 5691 5693 5696
f 5715 5716 5717
f 5718 5719 5720
f 5707 5709 5721
f 5717 5716 5722
f 5716 5723 5722
f 5724 5713 5725
f 5721 5709 5726
f 5693 5707 5721
f 5722 5723 5727
f 5721 5696 5693
f 5696 5721 5726
f 5726 5728 5696
f 5729 5712 5730
f 5712 5729 5731
f 5732 5733 5734
f 5735 5736 5737
f 5736 5735 5738
f 5739 5740 5741
f 5742 5743 5744
f 5689 5745 5746
f 5747 5748 5749
f 5750 5751 5752
f 5753 5754 5755
f 5756 5755 5754
f 5755 5756 5757
f 5758 5759 5760
f 5754 5761 5762
f 5756 5763 5764
f 5757 5756 5764
f 5765 5766 5767
f 5689 5768 5747
f 5769 5763 5748
f 5766 5769 5768
f 5769 5766 5764
f 5738 5742 5736
f 5768 5767 5766
f 5770 5771 5772
f 5771 5770 5773
f 5774 5775 5776
f 5777 5778 5779
f 5780 5781 5782
f 5781 5783 5784
f 5785 5786 5787
f 5788 5789 5790
f 5791 5790 5792
f 5779 5793 5777
f 5793 5779 5794
f 5794 5779 5778
f 5795 5796 5797
f 5778 5798 5794
f 5799 5785 5787
f 5800 5801 5802
f 5773 5803 5804
f 5783 5805 5784
f 5771 5773 5806
f 5807 5799 5808
f 5806 5804 5809
f 5808 5805 5807
f 5810 5811 5812
f 5813 5814 5815
f 5814 5813 5816
f 5817 5818 5819
f 5820 5819 5821
f 5781 5780 5822
f 5823 5780 5824
f 5780 5823 5822
f 5781 5825 5784
f 5825 5781 5822
f 5826 5827 5828
f 5829 5830 5831
f 5832 5833 5834
f 5835 5784 5836
f 5784 5835 5833
f 5784 5825 5812
f 5784 5812 5836
f 5834 5833 5837
f 5838 5839 5840
f 5841 5842 5817
f 5843 5818 5794
f 5844 5845 5829
f 5846 5844 5829
f 5847 5846 5848
f 5841 5849 5850
f 5841 5850 5778
f 5842 5794 5818
f 5847 5834 5851
f 5831 5852 5832
f 5852 5831 5830
f 5853 5852 5830
f 5828 5827 5854
f 5828 5854 5855
f 5836 5812 5856
f 5857 5858 5859
f 5780 5860 5781
f 5860 5780 5861
f 5862 5842 5818
f 5863 5781 5784
f 5781 5863 5864
f 5780 5781 5864
f 5865 5866 5860
f 5866 5865 5867
f 5866 5784 5781
f 5784 5866 5868
f 5860 5861 5824
f 5869 5870 5871
f 5862 5857 5819
f 5857 5862 5818
f 5815 5859 5858
f 5872 5873 5874
f 5873 5872 5841
f 5784 5875 5863
f 5868 5876 5875
f 5876 5868 5866
f 5877 5878 5879
f 5861 5780 5864
f 5880 5881 5882
f 5883 5884 5882
f 5885 5886 5887
f 5888 5883 5882
f 5889 5882 5878
f 5882 5889 5888
f 5866 5867 5890
f 5882 5881 5878
f 5891 5892 5893
f 5881 5891 5878
f 5878 5893 5879
f 5893 5878 5891
f 5894 5895 5886
f 5896 5897 5898
f 5891 5885 5899
f 5885 5891 5894
f 5893 5900 5879
f 5879 5900 5877
f 5857 5818 5901
f 5899 5875 5902
f 5898 5897 5903
f 5903 5904 5905
f 5898 5903 5905
f 5906 5907 5908
f 5908 5909 5906
f 5910 5911 5912
f 5913 5914 5915
f 5914 5913 5916
f 5917 5918 5919
f 5920 5917 5921
f 5922 5923 5824
f 5916 5924 5922
f 5924 5916 5925
f 5926 5927 5928
f 5929 5930 5926
f 5930 5929 5924
f 5925 5931 5932
f 5930 5932 5933
f 5932 5930 5925
f 5932 5931 5934
f 5933 5934 5935
f 5934 5933 5932
f 5922 5824 5916
f 5929 5922 5924
f 5936 5937 5938
f 5936 5939 5940
f 5916 5913 5925
f 5941 5939 5942
f 5939 5941 5940
f 5943 5944 5938
f 5944 5943 5945
f 5942 5939 5946
f 5947 5942 5948
f 5925 5913 5915
f 5944 5949 5946
f 5950 5949 5951
f 5942 5946 5948
f 5951 5949 5952
f 5919 5953 5954
f 5921 5917 5954
f 5954 5917 5919
f 5955 5956 5928
f 5950 5957 5958
f 5948 5950 5959
f 5950 5960 5959
f 5824 5923 5961
f 5930 5933 5926
f 5926 5928 5956
f 5958 5962 5960
f 5962 5958 5927
f 5926 5963 5929
f 5963 5926 5956
f 5957 5928 5927
f 5962 5927 5933
f 5964 5965 5966
f 5961 5964 5966
f 5967 5968 5969
f 5970 5967 5971
f 5967 5969 5971
f 5972 5966 5973
f 5974 5975 5976
f 5977 5973 5978
f 5978 5979 5977
f 5976 5980 5974
f 5981 5982 5983
f 5982 5981 5984
f 5921 5953 5985
f 5953 5986 5919
f 5957 5987 5952
f 5987 5957 5988
f 5989 5990 5930
f 5924 5991 5930
f 5991 5924 5922
f 5991 5922 5981
f 5992 5993 5994
f 5993 5992 5995
f 5996 5997 5998
f 5964 5966 5999
f 6000 6001 5987
f 5920 6002 6003
f 5989 5930 5991
f 5982 5984 5999
f 5989 5991 6004
f 6005 6006 5998
f 6007 6000 6008
f 6000 5987 6009
f 5991 5983 6004
f 5983 6006 6004
f 5989 6004 6005
f 5957 6010 6011
f 5988 6011 6012
f 5921 6013 5986
f 5982 6014 6006
f 6014 5982 5999
f 6014 5999 5966
f 5992 6015 6016
f 6017 5992 6016
f 5992 6017 6018
f 6017 6016 6019
f 6020 6017 6021
f 6017 6019 6021
f 6022 6023 6024
f 6025 6026 6027
f 5921 6028 6029
f 6029 6030 6031
f 6032 6033 6034
f 6035 6036 6037
f 6033 6038 6034
f 6033 6039 6040
f 6041 6039 6042
f 6042 6039 6043
f 6044 6042 6043
f 6045 6046 6047
f 6048 6049 6036
f 6049 6048 6034
f 6039 6032 6043
f 6050 6051 6047
f 6032 6044 6043
f 6044 6032 6052
f 6048 6052 6034
f 6048 6053 6054
f 6047 6046 6050
f 6050 6046 6055
f 6056 6057 6058
f 6059 6058 6057
f 6060 6051 6058
f 6061 6062 6063
f 6059 6057 6062
f 6044 6052 6064
f 6054 6053 6065
f 6062 6066 6067
f 6068 6069 6066
f 6067 6066 6070
f 6071 6072 6067
f 6070 6073 6071
f 6067 6070 6071
f 6027 6026 5921
f 6052 6054 6064
f 6054 6065 6074
f 6075 6076 6065
f 6077 5965 6078
f 6075 6077 6079
f 6080 6081 6082
f 6081 6080 6083
f 6084 6085 6086
f 6087 6088 6089
f 6090 6091 6035
f 6088 6092 6089
f 6093 6094 6095
f 6096 6097 6098
f 6099 6100 6101
f 6102 6091 6077
f 6103 6104 6105
f 6106 6107 6086
f 6108 6109 6110
f 6101 6111 6099
f 6112 6113 6114
f 6115 6110 6116
f 6115 6116 6114
f 6115 6114 6113
f 6117 6118 6112
f 6119 6120 6117
f 6120 6119 6121
f 6096 6122 6123
f 6119 6124 6121
f 6125 6126 6118
f 6126 6127 6128
f 6089 6092 6129
f 6130 6131 6132
f 6121 6133 6120
f 6134 6127 6120
f 6135 6136 6137
f 6138 6139 6090
f 6139 6138 6140
f 6099 6140 6138
f 6128 6105 6104
f 6129 6092 6141
f 6129 6142 6081
f 6089 6129 6143
f 6025 6143 6083
f 6144 6135 6137
f 6091 6145 6035
f 6146 6147 6148
f 6147 6146 6149
f 6149 6150 6147
f 6150 6149 6151
f 6151 6149 6152
f 6129 6089 6153
f 6154 6155 6156
f 6131 6130 6157
f 6158 6159 6089
f 6088 6092 6159
f 6160 6159 6092
f 6159 6160 6089
f 6161 6162 6163
f 6162 6161 6164
f 6153 6165 6129
f 6093 6155 6166
f 6154 6167 6168
f 6167 6154 6156
f 6169 6170 6171
f 6168 6172 6173
f 6174 6175 6176
f 6177 6167 6178
f 6179 6178 6180
f 6181 6163 6182
f 6163 6162 6182
f 6183 6162 6184
f 6171 6170 6185
f 6180 6175 6186
f 6187 6188 6189
f 6162 6187 6184
f 6190 6191 6192
f 6184 6171 6193
f 6187 6189 6184
f 6183 6184 6193
f 6186 6175 6194
f 6195 6170 6196
f 6185 6170 6197
f 6153 6089 6160
f 6160 6092 6153
f 6198 6199 6200
f 6201 6202 6203
f 6204 6201 6205
f 6206 6198 6207
f 6206 6207 6035
f 6208 6129 6165
f 6208 6165 6209
f 6088 6210 6211
f 6089 6212 6159
f 6212 6089 6213
f 6214 6215 6210
f 6089 6159 6211
f 6088 6159 6212
f 6089 6211 6215
f 6216 6217 6218
f 6219 6220 6221
f 6222 6223 6224
f 6225 6226 6227
f 6228 6229 6230
f 6229 6228 6231
f 6215 6211 6210
f 6232 6233 6234
f 6229 6199 6235
f 6213 6236 6237
f 6236 6214 6237
f 6238 6216 6239
f 6240 6241 6242
f 6243 6242 6241
f 6244 6245 6246
f 6247 6248 6249
f 6250 6247 6249
f 6251 6252 6253
f 6254 6251 6253
f 6255 6256 6257
f 6258 6259 6260
f 6260 6261 6246
f 6262 6263 6264
f 6263 6262 6265
f 6258 6260 6264
f 6266 6267 6243
f 6260 6262 6264
f 6268 6269 6265
f 6262 6268 6265
f 6269 6270 6265
f 6243 6241 6266
f 6271 6272 6273
f 6273 6272 6274
f 6239 6275 6276
f 6217 6218 6277
f 6242 6278 6279
f 6280 6281 6282
f 6283 6284 6285
f 6242 6279 6286
f 6287 6288 6289
f 6288 6287 6282
f 6290 6217 6291
f 6292 6293 6242
f 6291 6217 6294
f 6295 6296 6297
f 6298 6299 6300
f 6295 6301 6302
f 6301 6295 6297
f 6296 6303 6297
f 6304 6291 6305
f 6306 6307 6308
f 6308 6309 6306
f 6310 6311 6312
f 6311 6310 6302
f 6304 6305 6313
f 6304 6313 6314
f 6315 6292 6242
f 6316 6317 6318
f 6319 6320 6318
f 6321 6316 6322
f 6323 6324 6325
f 6321 6322 6326
f 6322 6292 6326
f 6327 6328 6329
f 6330 6331 6332
f 6333 6334 6335
f 6331 6336 6337
f 6338 6327 6339
f 6340 6341 6342
f 6343 6344 6345
f 6346 6347 6348
f 6349 6350 6351
f 6352 6353 6354
f 6343 6348 6355
f 6356 6357 6358
f 6359 6360 6361
f 6362 6363 6364
f 6365 6366 6367
f 6368 6369 6370
f 6343 6355 6371
f 6372 6373 6359
f 6373 6372 6374
f 6353 6374 6375
f 6354 6353 6375
f 6376 6377 6378
f 6379 6380 6381
f 6381 6382 6383
f 6384 6385 6386
f 6387 6388 6389
f 6390 6391 6392
f 6393 6394 6395
f 6392 6396 6397
f 6396 6392 6391
f 6398 6399 6400
f 6401 6402 6403
f 6404 6405 6406
f 6407 6408 6409
f 6410 6411 6412
f 6413 6410 6408
f 6408 6410 6412
f 6414 6415 6416
f 6417 6418 6419
f 6399 6398 6420
f 6421 6422 6423
f 6405 6414 6424
f 6414 6416 6424
f 6425 6426 6421
f 6427 6428 6429
f 6404 6430 6431
f 6429 6432 6433
f 6434 6412 6435
f 6436 6437 6438
f 6439 6440 6441
f 6442 6443 6444
f 6445 6442 6444
f 6445 6446 6447
f 6448 6449 6450
f 6451 6450 6452
f 6453 6454 6455
f 6456 6457 6458
f 6459 6460 6461
f 6462 6463 6464
f 6465 6466 6467
f 6468 6469 6470
f 6468 6470 6471
f 6472 6473 6474
f 6472 6474 6475
f 6476 6477 6478
f 6479 6480 6481
f 6482 6480 6483
f 6479 6484 6485
f 6486 6481 6487
f 6488 6489 6490
f 6491 6492 6493
f 6494 6495 6493
f 6491 6493 6496
f 6495 6497 6496
f 6498 6499 6500
f 6486 6501 6490
f 6486 6490 6502
f 6503 6504 6505
f 6506 6507 6508
f 6509 6510 6511
f 6512 6509 6513
f 6509 6512 6514
f 6515 6477 6516
f 6477 6515 6476
f 6517 6518 6510
f 6518 6517 6516
f 6515 6516 6517
f 6481 6519 6520
f 6519 6481 6521
f 6477 6476 6502
f 6486 6522 6523
f 6522 6486 6502
f 6481 6520 6524
f 6525 6526 6480
f 6527 6481 6522
f 6522 6481 6523
f 6523 6481 6524
f 6490 6523 6528
f 6513 6529 6509
f 6529 6513 6530
f 6518 6531 6511
f 6532 6533 6534
f 6513 6509 6511
f 6513 6511 6535
f 6536 6534 6537
f 6534 6536 6532
f 6538 6539 6520
f 6520 6540 6524
f 6541 6540 6542
f 6523 6524 6528
f 6543 6544 6533
f 6545 6543 6533
f 6540 6539 6546
f 6540 6546 6547
f 6540 6547 6542
f 6548 6500 6549
f 6513 6535 6550
f 6550 6530 6513
f 6551 6515 6518
f 6552 6553 6554
f 6510 6551 6518
f 6529 6513 6555
f 6518 6515 6556
f 6557 6522 6486
f 6518 6556 6558
f 6556 6515 6559
f 6560 6561 6562
f 6522 6563 6564
f 6522 6564 6486
f 6563 6565 6566
f 6486 6564 6567
f 6568 6566 6539
f 6569 6570 6553
f 6571 6572 6554
f 6573 6574 6575
f 6576 6571 6577
f 6574 6555 6577
f 6555 6513 6578
f 6509 6579 6511
f 6580 6572 6581
f 6518 6582 6583
f 6583 6584 6585
f 6586 6587 6588
f 6589 6590 6571
f 6571 6576 6591
f 6571 6592 6593
f 6574 6590 6575
f 6577 6555 6578
f 6590 6577 6571
f 6574 6575 6573
f 6594 6578 6555
f 6595 6594 6555
f 6594 6595 6596
f 6589 6571 6593
f 6597 6598 6599
f 6600 6601 6602
f 6594 6596 6599
f 6596 6603 6599
f 6597 6599 6604
f 6605 6606 6597
f 6606 6605 6607
f 6608 6609 6610
f 6611 6612 6613
f 6603 6604 6599
f 6604 6603 6614
f 6597 6604 6605
f 6605 6604 6615
f 6604 6614 6615
f 6616 6617 6618
f 6617 6616 6619
f 6620 6617 6619
f 6617 6620 6613
f 6621 6618 6622
f 6618 6621 6623
f 6622 6618 6613
f 6623 6616 6618
f 6613 6618 6617
f 6624 6625 6626
f 6625 6624 6593
f 6627 6628 6629
f 6629 6589 6624
f 6620 6619 6626
f 6619 6624 6626
f 6620 6626 6625
f 6625 6593 6592
f 6629 6630 6627
f 6624 6589 6593
f 6571 6631 6632
f 6571 6593 6589
f 6593 6571 6592
f 6590 6633 6634
f 6635 6626 6619
f 6589 6590 6634
f 6623 6636 6616
f 6571 6589 6634
f 6635 6619 6587
f 6592 6571 6591
f 6632 6591 6571
f 6637 6610 6638
f 6610 6609 6639
f 6640 6611 6641
f 6621 6639 6623
f 6623 6639 6642
f 6621 6623 6643
f 6635 6589 6624
f 6589 6635 6644
f 6645 6646 6611
f 6646 6645 6647
f 6648 6629 6587
f 6629 6648 6627
f 6587 6629 6635
f 6626 6649 6650
f 6634 6651 6631
f 6651 6634 6633
f 6633 6575 6651
f 6631 6651 6652
f 6653 6591 6654
f 6595 6655 6652
f 6591 6656 6654
f 6656 6595 6657
f 6658 6659 6660
f 6659 6658 6661
f 6645 6611 6662
f 6654 6656 6657
f 6657 6595 6663
f 6664 6665 6653
f 6663 6666 6667
f 6664 6663 6667
f 6647 6668 6669
f 6670 6650 6647
f 6650 6670 6619
f 6638 6661 6637
f 6662 6668 6645
f 6668 6662 6621
f 6641 6611 6646
f 6669 6619 6670
f 6669 6621 6643
f 6647 6669 6670
f 6671 6589 6672
f 6673 6674 6675
f 6593 6649 6676
f 6677 6575 6549
f 6678 6679 6680
f 6680 6679 6681
f 6681 6682 6680
f 6683 6642 6623
f 6623 6642 6636
f 6623 6621 6683
f 6629 6587 6648
f 6635 6644 6672
f 6635 6672 6624
f 6684 6621 6685
f 6686 6687 6688
f 6689 6690 6677
f 6691 6673 6692
f 6677 6575 6693
f 6694 6695 6696
f 6621 6683 6643
f 6637 6697 6698
f 6699 6700 6701
f 6702 6703 6704
f 6705 6706 6707
f 6708 6705 6709
f 6708 6709 6700
f 6699 6700 6710
f 6691 6711 6712
f 6713 6684 6685
f 6682 6701 6714
f 6715 6716 6717
f 6709 6705 6718
f 6706 6719 6707
f 6707 6719 6720
f 6721 6722 6723
f 6724 6637 6610
f 6713 6685 6725
f 6610 6609 6726
f 6659 6727 6697
f 6727 6659 6724
f 6724 6713 6727
f 6691 6712 6728
f 6729 6730 6731
f 6732 6733 6734
f 6728 6712 6734
f 6735 6736 6737
f 6725 6738 6736
f 6739 6735 6737
f 6737 6736 6738
f 6730 6740 6731
f 6739 6741 6742
f 6737 6738 6743
f 6743 6738 6744
f 6744 6745 6746
f 6745 6744 6747
f 6743 6744 6746
f 6747 6748 6745
f 6623 6749 6750
f 6745 6748 6751
f 6751 6752 6753
f 6752 6754 6753
f 6754 6752 6616
f 6754 6616 6719
f 6755 6753 6756
f 6757 6758 6759
f 6760 6761 6762
f 6755 6756 6763
f 6755 6762 6761
f 6764 6755 6761
f 6763 6765 6703
f 6766 6767 6759
f 6763 6703 6768
f 6762 6768 6760
f 6702 6703 6765
f 6769 6768 6703
f 6740 6735 6742
f 6741 6740 6742
f 6726 6610 6609
f 6621 6770 6771
f 6697 6772 6773
f 6755 6756 6774
f 6702 6775 6765
f 6776 6729 6777
f 6778 6779 6780
f 6781 6782 6783
f 6782 6781 6784
f 6780 6785 6786
f 6787 6788 6789
f 6790 6791 6792
f 6793 6784 6781
f 6794 6782 6795
f 6782 6794 6783
f 6796 6783 6794
f 6797 6798 6799
f 6800 6801 6802
f 6803 6804 6805
f 6806 6807 6808
f 6809 6810 6811
f 6812 6807 6813
f 6814 6815 6816
f 6817 6814 6816
f 6818 6819 6820
f 6821 6822 6823
f 6819 6820 6824
f 6825 6826 6827
f 6826 6825 6828
f 6827 6826 6829
f 6830 6831 6832
f 6830 6833 6834
f 6835 6836 6837
f 6838 6839 6840
f 6838 6841 6842
f 6843 6844 6845
f 6846 6847 6848
f 6849 6846 6850
f 6848 6851 6850
f 6852 6853 6854
f 6851 6855 6856
f 6857 6858 6859
f 6860 6859 6861
f 6862 6863 6864
f 6841 6865 6842
f 6866 6839 6867
f 6862 6867 6839
f 6842 6862 6839
f 6868 6869 6870
f 6869 6868 6871
f 6840 6849 6839
f 6872 6873 6849
f 6873 6872 6874
f 6871 6868 6875
f 6876 6877 6878
f 6879 6870 6869
f 6880 6881 6849
f 6882 6883 6884
f 6883 6882 6850
f 6885 6878 6877
f 6878 6885 6837
f 6871 6886 6876
f 6887 6859 6888
f 6862 6875 6868
f 6873 6889 6839
f 6890 6886 6864
f 6886 6890 6876
f 6889 6891 6866
f 6839 6866 6892
f 6849 6881 6872
f 6893 6850 6882
f 6850 6893 6894
f 6883 6855 6884
f 6895 6859 6896
f 6852 6897 6877
f 6898 6897 6899
f 6876 6890 6852
f 6899 6852 6900
f 6890 6900 6852
f 6890 6863 6901
f 6901 6863 6902
f 6902 6874 6903
f 6874 6902 6873
f 6904 6905 6906
f 6875 6907 6864
f 6907 6875 6862
f 6908 6909 6884
f 6855 6884 6910
f 6884 6855 6911
f 6912 6862 6875
f 6875 6913 6912
f 6864 6907 6863
f 6911 6855 6914
f 6859 6915 6916
f 6862 6917 6907
f 6918 6866 6919
f 6910 6920 6921
f 6920 6910 6893
f 6906 6905 6922
f 6923 6924 6925
f 6926 6869 6913
f 6869 6926 6924
f 6891 6912 6927
f 6889 6866 6892
f 6918 6919 6928
f 6919 6866 6929
f 6919 6929 6928
f 6920 6922 6921
f 6930 6931 6885
f 6910 6884 6909
f 6876 6932 6930
f 6884 6911 6933
f 6885 6926 6930
f 6876 6930 6913
f 6884 6933 6908
f 6934 6935 6936
f 6869 6927 6912
f 6916 6915 6887
f 6889 6891 6937
f 6907 6938 6863
f 6926 6924 6939
f 6912 6891 6862
f 6913 6940 6941
f 6859 6915 6887
f 6907 6889 6917
f 6862 6875 6912
f 6937 6891 6929
f 6864 6863 6941
f 6929 6919 6866
f 6942 6917 6889
f 6943 6910 6944
f 6943 6909 6945
f 6942 6946 6873
f 6942 6889 6937
f 6947 6948 6872
f 6873 6949 6950
f 6921 6884 6910
f 6944 6884 6908
f 6951 6952 6908
f 6953 6926 6939
f 6954 6955 6902
f 6930 6932 6956
f 6908 6933 6934
f 6932 6913 6955
f 6938 6950 6902
f 6934 6957 6951
f 6958 6951 6957
f 6956 6959 6885
f 6840 6946 6960
f 6946 6840 6880
f 6961 6962 6926
f 6963 6962 6885
f 6964 6965 6966
f 6965 6964 6927
f 6866 6960 6937
f 6960 6866 6892
f 6904 6840 6967
f 6968 6880 6904
f 6969 6881 6970
f 6881 6969 6971
f 6972 6973 6963
f 6974 6975 6976
f 6862 6891 6937
f 6977 6862 6978
f 6960 6946 6979
f 6980 6968 6904
f 6981 6982 6973
f 6973 6926 6962
f 6961 6964 6983
f 6984 6873 6979
f 6873 6984 6985
f 6949 6986 6987
f 6986 6949 6971
f 6939 6927 6964
f 6926 6939 6961
f 6939 6926 6988
f 6965 6862 6864
f 6967 6980 6904
f 6937 6960 6978
f 6960 6873 6978
f 6984 6979 6989
f 6990 6955 6991
f 6984 6989 6949
f 6985 6984 6987
f 6984 6949 6987
f 6979 6992 6989
f 6971 6993 6986
f 6993 6971 6994
f 6993 6994 6995
f 6996 6961 6983
f 6997 6996 6998
f 6996 6997 6999
f 6970 7000 6969
f 7000 7001 7002
f 7003 6994 6969
f 6994 7003 6995
f 6969 7000 7003
f 6996 6983 6913
f 7002 7001 7004
f 7004 7005 7002
f 7006 7007 7008
f 7003 7002 7009
f 7002 7005 7009
f 6995 7003 7010
f 7011 6995 7012
f 7013 7012 6995
f 7014 6991 6977
f 6995 7010 7013
f 7009 7005 7015
f 7005 7016 7015
f 7009 7015 7017
f 6978 6873 6977
f 7013 7010 7018
f 7019 7018 7020
f 7021 6975 7022
f 7023 7024 7025
f 7026 7027 7028
f 7029 7030 7031
f 7032 7027 7033
f 7030 7032 7034
f 7030 7035 7031
f 7036 7037 7035
f 7038 7036 7039
f 7040 7035 7041
f 7038 7039 7042
f 7037 7038 7043
f 7023 7044 7045
f 7046 7041 7047
f 7048 7049 7050
f 7051 7052 7053
f 7054 7055 7056
f 7057 7058 7059
f 7059 7058 7060
f 7061 7058 7053
f 7052 7062 7063
f 7062 7052 7064
f 7065 7066 7061
f 7065 7067 7068
f 7069 7060 7070
f 7060 7069 7059
f 7071 7063 7072
f 7063 7053 7052
f 7063 7062 7072
f 7073 7074 7075
f 7075 7064 7076
f 7062 7075 7072
f 7077 7078 7079
f 7064 7080 7076
f 7073 7075 7076
f 7081 7075 7074
f 7082 7083 7084
f 7085 7086 7084
f 7069 7087 7059
f 7088 7089 7090
f 7091 7092 7093
f 7051 7094 7095
f 7096 7048 7097
f 7095 7098 7091
f 7098 7095 7094
f 7099 7100 7101
f 7102 7103 7104
f 7097 7105 7087
f 7087 7060 7106
f 7060 7087 7105
f 7107 7108 7095
f 7103 7109 7110
f 7095 7108 7111
f 7093 7107 7091
f 7112 7113 7109
f 7093 7114 7115
f 7116 7117 7092
f 7107 7095 7091
f 7116 7092 7118
f 7119 7120 7121
f 7122 7106 7123
f 7124 7094 7125
f 7094 7124 7118
f 7126 7116 7127
f 7128 7129 7130
f 7127 7131 7132
f 7122 7120 7133
f 7120 7122 7134
f 7134 7104 7120
f 7104 7134 7135
f 7135 7102 7104
f 7122 7136 7134
f 7136 7122 7137
f 7109 7113 7128
f 7125 7138 7139
f 7103 7110 7104
f 7127 7132 7126
f 7120 7104 7110
f 7132 7140 7141
f 7126 7132 7141
f 7142 7141 7143
f 7121 7110 7130
f 7144 7139 7145
f 7144 7145 7146
f 7141 7140 7146
f 7147 7146 7145
f 7148 7149 7150
f 7146 7143 7141
f 7151 7123 7115
f 7123 7060 7115
f 7152 7149 7153
f 7154 7155 7156
f 7153 7149 7157
f 7158 7159 7160
f 7161 7162 7163
f 7164 7152 7165
f 7166 7167 7168
f 7169 7170 7171
f 7168 7172 7173
f 7174 7172 7175
f 7176 7177 7178
f 7179 7180 7181
f 7182 7183 7184
f 7185 7186 7180
f 7187 7188 7189
f 7190 7191 7192
f 7191 7190 7193
f 7192 7194 7195
f 7196 7197 7198
f 7199 7200 7201
f 7199 7201 7202
f 7201 7203 7202
f 7204 7199 7202
f 7205 7206 7207
f 7208 7209 7210
f 7211 7212 7213
f 7214 7215 7216
f 7217 7213 7218
f 7213 7212 7218
f 7219 7220 7221
f 7222 7218 7223
f 7218 7222 7216
f 7222 7223 7224
f 7225 7224 7223
f 7221 7226 7219
f 7222 7227 7228
f 7216 7222 7228
f 7229 7230 7231
f 7232 7233 7234
f 7235 7208 7236
f 7229 7231 7234
f 7237 7238 7239
f 7240 7241 7242
f 7241 7240 7243
f 7242 7244 7240
f 7245 7246 7247
f 7240 7244 7246
f 7243 7245 7248
f 7249 7250 7251
f 7252 7245 7247
f 7244 7253 7254
f 7255 7254 7256
f 7257 7255 7258
f 7253 7256 7254
f 7256 7253 7259
f 7260 7261 7258
f 7237 7239 7262
f 7239 7238 7263
f 7256 7258 7255
f 7256 7259 7264
f 7258 7265 7260
f 7266 7267 7268
f 7269 7270 7238
f 7271 7250 7272
f 7250 7271 7251
f 7273 7239 7263
f 7274 7273 7263
f 7260 7265 7275
f 7276 7275 7265
f 7277 7278 7279
f 7280 7272 7270
f 7272 7280 7271
f 7265 7266 7276
f 7263 7238 7272
f 7274 7263 7249
f 7281 7276 7282
f 7283 7284 7285
f 7284 7283 7286
f 7272 7238 7270
f 7282 7287 7281
f 7282 7288 7289
f 7290 7291 7280
f 7270 7290 7280
f 7271 7283 7285
f 7271 7285 7292
f 7251 7271 7292
f 7283 7291 7286
f 7293 7285 7294
f 7293 7294 7295
f 7248 7241 7243
f 7241 7248 7286
f 7285 7284 7294
f 7294 7248 7295
f 7296 7297 7298
f 7299 7300 7301
f 7302 7303 7304
f 7305 7306 7307
f 7304 7298 7302
f 7298 7304 7308
f 7309 7297 7310
f 7297 7309 7311
f 7298 7308 7312
f 7303 7313 7308
f 7314 7308 7313
f 7314 7313 7315
f 7316 7317 7300
f 7317 7316 7318
f 7313 7319 7320
f 7317 7321 7322
f 7321 7317 7318
f 7317 7323 7300
f 7324 7325 7326
f 7325 7324 7327
f 7328 7329 7330
f 7328 7331 7332
f 7331 7333 7332
f 7333 7331 7334
f 7335 7336 7337
f 7336 7335 7338
f 7339 7340 7341
f 7342 7343 7344
f 7322 7321 7345
f 7346 7339 7341
f 7346 7341 7347
f 7347 7341 7340
f 7335 7344 7343
f 7344 7335 7337
f 7330 7325 7331
f 7345 7348 7349
f 7337 7336 7350
f 7324 7351 7309
f 7352 7324 7310
f 7353 7354 7355
f 7337 7350 7356
f 7334 7327 7352
f 7334 7357 7333
f 7357 7334 7352
f 7310 7324 7309
f 7298 7297 7306
f 7355 7358 7359
f 7357 7353 7355
f 7296 7358 7354
f 7358 7296 7298
f 7360 7361 7362
f 7363 7364 7365
f 7366 7367 7365
f 7365 7367 7368
f 7369 7366 7370
f 7366 7371 7370
f 7372 7373 7371
f 7374 7362 7375
f 7362 7361 7375
f 7370 7371 7376
f 7377 7378 7379
f 7380 7381 7382
f 7381 7380 7370
f 7370 7376 7381
f 7383 7384 7385
f 7383 7382 7381
f 7386 7387 7385
f 7388 7389 7390
f 7389 7388 7382
f 7387 7391 7392
f 7393 7394 7395
f 7391 7396 7397
f 7392 7391 7397
f 7389 7398 7390
f 7388 7390 7399
f 7390 7398 7399
f 7400 7401 7402
f 7401 7400 7403
f 7401 7403 7404
f 7405 7406 7407
f 7406 7405 7408
f 7409 7407 7368
f 7402 7401 7409
f 7410 7368 7406
f 7407 7406 7368
f 7411 7412 7413
f 7414 7415 7416
f 7417 7418 7415
f 7419 7420 7386
f 7420 7419 7421
f 7422 7423 7424
f 7423 7422 7425
f 7426 7427 7428
f 7427 7426 7429
f 7429 7430 7431
f 7430 7429 7432
f 7433 7428 7427
f 7428 7433 7434
f 7435 7436 7426
f 7415 7418 7437
f 7438 7439 7440
f 7441 7437 7418
f 7437 7441 7442
f 7434 7443 7435
f 7444 7435 7443
f 7435 7444 7445
f 7432 7436 7446
f 7441 7447 7448
f 7442 7441 7448
f 7449 7448 7450
f 7451 7452 7453
f 7412 7454 7455
f 7440 7418 7438
f 7450 7448 7447
f 7449 7456 7452
f 7456 7449 7450
f 7453 7457 7458
f 7450 7459 7456
f 7459 7447 7457
f 7457 7456 7459
f 7451 7453 7460
f 7457 7461 7458
f 7462 7458 7463
f 7431 7430 7464
f 7431 7464 7465
f 7451 7465 7464
f 7462 7422 7424
f 7466 7467 7468
f 7469 7470 7471
f 7472 7473 7474
f 7473 7472 7433
f 7475 7476 7477
f 7476 7475 7478
f 7479 7480 7474
f 7473 7479 7474
f 7481 7433 7482
f 7481 7482 7483
f 7472 7484 7485
f 7484 7472 7474
f 7472 7485 7486
f 7484 7487 7488
f 7485 7484 7489
f 7484 7488 7489
f 7489 7488 7490
f 7490 7488 7491
f 7492 7490 7493
f 7494 7469 7476
f 7490 7495 7493
f 7496 7492 7497
f 7497 7492 7493
f 7498 7499 7500
f 7471 7476 7469
f 7493 7495 7501
f 7501 7502 7493
f 7503 7504 7505
f 7506 7507 7508
f 7509 7510 7511
f 7494 7476 7478
f 7503 7478 7475
f 7503 7475 7508
f 7483 7482 7512
f 7508 7513 7514
f 7513 7508 7507
f 7513 7507 7510
f 7514 7513 7515
f 7513 7509 7515
f 7483 7509 7481
f 7516 7517 7518
f 7519 7520 7521
f 7522 7523 7524
f 7525 7526 7519
f 7526 7525 7527
f 7526 7527 7528
f 7529 7530 7531
f 7527 7525 7532
f 7525 7533 7534
f 7535 7536 7537
f 7536 7535 7538
f 7539 7540 7516
f 7533 7531 7541
f 7534 7533 7542
f 7534 7543 7544
f 7543 7534 7542
f 7545 7524 7546
f 7517 7547 7548
f 7539 7549 7550
f 7542 7551 7543
f 7543 7538 7552
f 7538 7543 7551
f 7549 7518 7553
f 7550 7549 7553
f 7548 7554 7555
f 7550 7553 7556
f 7557 7558 7559
f 7547 7560 7554
f 7560 7547 7561
f 7556 7518 7555
f 7538 7551 7536
f 7538 7535 7552
f 7551 7562 7536
f 7563 7557 7559
f 7562 7563 7559
f 7564 7562 7559
f 7555 7554 7556
f 7518 7548 7555
f 7565 7554 7566
f 7554 7565 7567
f 7554 7567 7556
f 7547 7568 7561
f 7566 7560 7520
f 7569 7565 7528
f 7560 7570 7520
f 7570 7560 7561
f 7528 7520 7526
f 7569 7528 7527
f 7571 7558 7572
f 7573 7574 7575
f 7574 7573 7576
f 7575 7577 7573
f 7578 7579 7580
f 7574 7576 7581
f 7574 7582 7575
f 7581 7583 7584
f 7585 7582 7586
f 7587 7585 7586
f 7588 7587 7586
f 7578 7589 7590
f 7586 7591 7592
f 7590 7589 7593
f 7588 7586 7592
f 7594 7588 7592
f 7595 7596 7597
f 7596 7595 7598
f 7589 7599 7595
f 7591 7583 7600
f 7600 7583 7601
f 7592 7591 7602
f 7591 7600 7602
f 7603 7604 7594
f 7604 7603 7605
f 7601 7583 7606
f 7600 7601 7607
f 7593 7608 7597
f 7595 7609 7598
f 7609 7595 7599
f 7598 7609 7610
f 7607 7611 7612
f 7613 7614 7615
f 7609 7615 7614
f 7610 7616 7598
f 7617 7612 7611
f 7610 7614 7618
f 7619 7610 7620
f 7619 7620 7577
f 7610 7618 7620
f 7621 7622 7623
f 7624 7625 7626
f 7627 7625 7628
f 7629 7630 7631
f 7632 7633 7634
f 7624 7626 7634
f 7635 7634 7636
f 7633 7637 7634
f 7635 7636 7638
f 7634 7637 7636
f 7639 7640 7641
f 7640 7639 7642
f 7640 7642 7643
f 7637 7644 7636
f 7645 7641 7640
f 7640 7623 7645
f 7623 7640 7621
f 7644 7646 7647
f 7648 7644 7649
f 7650 7645 7651
f 7645 7650 7652
f 7635 7638 7653
f 7649 7644 7647
f 7654 7655 7622
f 7655 7654 7651
f 7645 7655 7651
f 7656 7648 7657
f 7658 7628 7659
f 7630 7654 7660
f 7654 7630 7651
f 7660 7654 7659
f 7631 7630 7660
f 7660 7659 7628
f 7661 7662 7663
f 7664 7665 7666
f 7667 7668 7669
f 7670 7671 7672
f 7670 7672 7673
f 7674 7675 7676
f 7669 7671 7667
f 7677 7678 7679
f 7668 7680 7666
f 7675 7681 7682
f 7678 7666 7665
f 7683 7684 7682
f 7685 7682 7684
f 7685 7684 7686
f 7687 7688 7689
f 7678 7665 7679
f 7665 7690 7691
f 7690 7692 7693
f 7694 7686 7695
f 7679 7665 7691
f 7696 7697 7698
f 7697 7696 7699
f 7691 7700 7701
f 7700 7699 7701
f 7701 7699 7696
f 7702 7703 7704
f 7705 7706 7664
f 7707 7708 7709
f 7710 7711 7712
f 7713 7714 7715
f 7695 7694 7709
f 7716 7717 7718
f 7694 7707 7709
f 7719 7715 7720
f 7715 7719 7713
f 7708 7721 7722
f 7722 7721 7723
f 7724 7723 7725
f 7723 7726 7727
f 7725 7723 7727
f 7728 7729 7730
f 7724 7725 7731
f 7706 7725 7664
f 7725 7706 7731
f 7732 7713 7733
f 7711 7734 7735
f 7736 7704 7703
f 7737 7715 7738
f 7715 7737 7720
f 7703 7739 7736
f 7740 7734 7741
f 7740 7738 7715
f 7738 7740 7741
f 7738 7742 7737
f 7742 7738 7695
f 7743 7703 7744
f 7737 7745 7746
f 7745 7709 7747
f 7748 7749 7750
f 7749 7748 7751
f 7752 7753 7754
f 7755 7756 7757
f 7758 7759 7760
f 7759 7758 7761
f 7762 7763 7764
f 7762 7765 7766
f 7757 7767 7758
f 7749 7751 7768
f 7765 7764 7769
f 7759 7761 7770
f 7771 7772 7773
f 7774 7770 7775
f 7775 7771 7773
f 7776 7777 7778
f 7773 7772 7779
f 7780 7773 7779
f 7778 7781 7776
f 7782 7783 7784
f 7783 7782 7785
f 7786 7787 7788
f 7710 7789 7790
f 7791 7792 7793
f 7793 7794 7795
f 7793 7796 7791
f 7710 7790 7797
f 7798 7795 7799
f 7800 7798 7799
f 7801 7802 7788
f 7788 7803 7786
f 7804 7805 7806
f 7805 7804 7800
f 7807 7801 7788
f 7808 7801 7809
f 7810 7802 7811
f 7802 7810 7803
f 7812 7813 7814
f 7808 7815 7816
f 7805 7812 7806
f 7813 7817 7814
f 7817 7813 7818
f 7797 7808 7816
f 7806 7812 7819
f 7819 7814 7820
f 7811 7821 7822
f 7797 7823 7822
f 7823 7797 7790
f 7822 7824 7811
f 7817 7818 7825
f 7826 7817 7825
f 7820 7827 7828
f 7827 7829 7830
f 7827 7830 7828
f 7831 7832 7828
f 7833 7834 7710
f 7834 7833 7835
f 7836 7710 7834
f 7710 7836 7837
f 7838 7839 7840
f 7710 7837 7841
f 7842 7843 7844
f 7837 7845 7841
f 7845 7837 7846
f 7847 7842 7844
f 7847 7848 7845
f 7848 7847 7849
f 7849 7850 7851
f 7852 7853 7835
f 7853 7852 7854
f 7847 7844 7849
f 7851 7848 7849
f 7851 7850 7855
f 7856 7855 7857
f 7855 7856 7851
f 7858 7859 7860
f 7859 7858 7861
f 7862 7863 7864
f 7863 7862 7865
f 7850 7843 7862
f 7850 7862 7864
f 7854 7866 7867
f 7866 7854 7852
f 7868 7851 7856
f 7867 7866 7869
f 7869 7858 7867
f 7850 7864 7855
f 7861 7833 7710
f 7864 7870 7871
f 7860 7859 7841
f 7855 7864 7872
f 7861 7710 7859
f 7857 7872 7873
f 7857 7873 7856
f 7859 7710 7841
f 7872 7874 7873
f 7874 7872 7875
f 7846 7836 7876
f 7847 7845 7846
f 7875 7871 7877
f 7874 7878 7873
f 7878 7874 7879
f 7874 7877 7880
f 7840 7881 7882
f 7883 7865 7862
f 7884 7862 7865
f 7862 7884 7885
f 7886 7887 7871
f 7887 7886 7888
f 7889 7890 7891
f 7892 7893 7894
f 7893 7892 7895
f 7896 7897 7898
f 7899 7884 7887
f 7900 7899 7887
f 7887 7884 7901
f 7901 7871 7887
f 7902 7888 7903
f 7888 7904 7903
f 7886 7871 7905
f 7906 7904 7905
f 7840 7907 7908
f 7909 7910 7911
f 7910 7909 7912
f 7913 7914 7915
f 7914 7913 7911
f 7916 7917 7918
f 7910 7914 7911
f 7918 7915 7916
f 7919 7920 7921
f 7922 7923 7924
f 7917 7925 7926
f 7927 7928 7922
f 7929 7917 7926
f 7930 7931 7932
f 7931 7924 7932
f 7923 7928 7933
f 7912 7909 7934
f 7935 7936 7937
f 7935 7937 7938
f 7926 7925 7939
f 7940 7939 7941
f 7942 7934 7943
f 7934 7942 7944
f 7925 7941 7939
f 7941 7938 7945
f 7945 7938 7946
f 7947 7948 7949
f 7941 7945 7940
f 7946 7950 7945
f 7945 7950 7951
f 7940 7945 7952
f 7953 7954 7955
f 7956 7957 7958
f 7955 7959 7953
f 7960 7961 7962
f 7961 7960 7963
f 7964 7965 7966
f 7962 7967 7965
f 7968 7969 7970
f 7971 7968 7970
f 7966 7972 7973
f 7974 7975 7976
f 7977 7975 7959
f 7967 7978 7979
f 7966 7973 7980
f 7977 7971 7981
f 7982 7977 7981
f 7982 7981 7983
f 7976 7975 7984
f 7839 7985 7986
f 7985 7839 7987
f 7980 7973 7988
f 7989 7982 7983
f 7990 7985 7958
f 7991 7992 7993
f 7992 7991 7994
f 7980 7988 7995
f 7996 7989 7992
f 7992 7989 7997
f 7992 7994 7998
f 7985 7987 7958
f 7997 7999 7993
f 7990 7958 7957
f 8000 8001 8002
f 8003 8004 8005
f 8006 8007 8008
f 8006 8008 8009
f 8010 8000 8002
f 7955 8002 8011
f 8010 8012 8013
f 8014 8015 8016
f 8005 8017 8018
f 8010 8013 8019
f 8020 8021 8022
f 8023 8024 8004
f 8012 8025 8026
f 8026 8025 8027
f 8026 8028 8029
f 8018 8017 8030
f 8031 8032 8033
f 8032 8031 8018
f 8025 8009 8027
f 8008 8034 8009
f 8009 8034 8035
f 8009 8035 8027
f 8022 8036 8030
f 8037 8035 8038
f 8017 8039 8030
f 8040 8041 8042
f 8043 8040 8034
f 8015 8022 8030
f 8040 8042 8044
f 8038 8035 8045
f 7992 8037 8038
f 8039 8016 8015
f 8030 8039 8015
f 8016 8000 8014
f 8045 8046 8038
f 8046 8045 8047
f 8045 8044 8042
f 7992 8038 8046
f 8022 8014 8020
f 8014 8000 8020
f 8000 8019 8020
f 8048 8047 8042
f 8047 8048 8049
f 8019 8013 8050
f 8045 8042 8047
f 8046 8049 7992
f 8049 8046 8047
f 8051 8048 8052
f 8048 8042 8052
f 8053 8054 8055
f 8056 8057 8058
f 8059 8060 8061
f 8001 8053 8059
f 8062 8054 8063
f 8054 8062 8064
f 8065 8066 8060
f 8055 8054 8064
f 8055 8064 8067
f 8068 8069 8070
f 8071 8072 8073
f 8072 8071 8074
f 8062 8058 8075
f 8058 8057 8075
f 8076 8077 8078
f 8079 8080 8081
f 8082 8083 8084
f 8083 8082 8085
f 8086 8087 8088
f 8089 8090 8091
f 8083 8092 8084
f 8084 8093 8073
f 8093 8084 8092
f 8076 8078 8094
f 8078 8057 8090
f 8078 8090 8094
f 8093 8092 8065
f 8087 8093 8095
f 8057 8096 8090
f 8090 8096 8091
f 8095 8065 8060
f 8095 8088 8087
f 8089 8091 8097
f 8089 8097 8098
f 8094 8089 8098
f 8099 8100 8059
f 8086 8088 8101
f 8091 8102 8097
f 8103 8104 8105
f 8106 8107 8108
f 8109 8110 8111
f 8110 8109 8112
f 8106 8108 8113
f 8105 8114 8115
f 8104 8116 8117
f 8116 8104 8118
f 8119 8120 8121
f 8105 8104 8117
f 8122 8112 8109
f 8123 8117 8124
f 8118 8125 8126
f 8116 8118 8126
f 8117 8116 8124
f 8124 8116 8126
f 8127 8124 8128
f 8124 8127 8123
f 8124 8126 8129
f 8125 8130 8129
f 8126 8125 8129
f 8131 8132 8133
f 8134 8127 8128
f 8135 8122 8109
f 8136 8112 8137
f 8112 8136 8110
f 8113 8138 8139
f 8140 8141 8142
f 8143 8129 8144
f 8134 8128 8145
f 8139 8138 8142
f 8112 8139 8142
f 8146 8142 8141
f 8142 8146 8112
f 8144 8147 8143
f 8128 8148 8145
f 8148 8149 8150
f 8140 8142 8138
f 8149 8143 8147
f 8112 8146 8137
f 8146 8121 8151
f 8121 8146 8141
f 8145 8148 8150
f 8137 8146 8151
f 8140 8066 8152
f 8119 8152 8103
f 8152 8119 8141
f 8121 8141 8119
f 8153 8154 8155
f 8156 8103 8105
f 8103 8156 8119
f 8105 8115 8156
f 8157 8158 8159
f 8160 8155 8161
f 8155 8160 8153
f 8159 8158 8162
f 8163 8164 8165
f 8166 8167 8168
f 8167 8166 8169
f 8170 8169 8171
f 8167 8172 8168
f 8169 8173 8167
f 8174 8170 8171
f 8175 8176 8177
f 8176 8175 8178
f 8179 8180 8181
f 8182 8183 8184
f 8185 8186 8187
f 8176 8188 8177
f 8179 8189 8183
f 8189 8190 8183
f 8191 8192 8193
f 8188 8194 8177
f 8194 8195 8196
f 8183 8190 8197
f 8198 8108 8199
f 8194 8200 8201
f 8202 8201 8203
f 8201 8202 8177
f 8166 8168 8204
f 8183 8197 8184
f 8197 8190 8165
f 8205 8184 8206
f 8184 8205 8168
f 8200 8207 8208
f 8201 8200 8209
f 8200 8208 8209
f 8203 8209 8210
f 8209 8203 8201
f 8204 8211 8212
f 8165 8204 8205
f 8166 8204 8212
f 8205 8204 8168
f 8209 8213 8210
f 8214 8203 8210
f 8210 8213 8215
f 8216 8217 8218
f 8219 8220 8221
f 8218 8222 8223
f 8224 8222 8225
f 8226 8227 8228
f 8229 8230 8231
f 8230 8229 8226
f 8232 8217 8233
f 8217 8232 8234
f 8235 8236 8237
f 8238 8239 8227
f 8216 8240 8233
f 8241 8237 8242
f 8227 8239 8228
f 8220 8243 8221
f 8226 8228 8230
f 8244 8231 8230
f 8231 8244 8245
f 8221 8243 8230
f 8232 8233 8246
f 8246 8247 8248
f 8247 8246 8233
f 8245 8249 8231
f 8249 8245 8250
f 8242 8251 8222
f 8243 8252 8235
f 8230 8243 8244
f 8248 8253 8246
f 8253 8248 8254
f 8243 8235 8237
f 8248 8255 8254
f 8250 8245 8241
f 8255 8256 8254
f 8242 8222 8257
f 8256 8258 8259
f 8241 8242 8257
f 8241 8260 8250
f 8254 8261 8262
f 8253 8254 8263
f 8253 8263 8264
f 8254 8262 8263
f 8265 8266 8267
f 8268 8269 8270
f 8271 8272 8273
f 8269 8274 8270
f 8275 8276 8277
f 8276 8278 8279
f 8276 8279 8280
f 8281 8282 8283
f 8284 8281 8283
f 8284 8285 8266
f 8267 8266 8286
f 8287 8288 8289
f 8288 8287 8290
f 8291 8265 8267
f 8292 8293 8294
f 8295 8270 8288
f 8270 8295 8268
f 8293 8296 8297
f 8296 8293 8295
f 8297 8296 8298
f 8299 8300 8192
f 8300 8299 8301
f 8266 8285 8286
f 8286 8302 8303
f 8296 8295 8288
f 8298 8296 8288
f 8285 8299 8286
f 8288 8270 8289
f 8304 8305 8277
f 8289 8270 8274
f 8289 8306 8305
f 8303 8307 8308
f 8287 8309 8290
f 8309 8287 8304
f 8303 8310 8286
f 8306 8311 8305
f 8304 8277 8280
f 8280 8277 8276
f 8280 8309 8304
f 8312 8313 8314
f 8313 8312 8315
f 8316 8317 8318
f 8319 8320 8321
f 8322 8319 8321
f 8323 8317 8324
f 8313 8325 8326
f 8322 8321 8327
f 8324 8328 8329
f 8324 8329 8330
f 8312 8314 8331
f 8332 8333 8330
f 8334 8332 8330
f 8326 8335 8336
f 8336 8337 8326
f 8329 8328 8338
f 8339 8340 8341
f 8340 8339 8342
f 8326 8325 8343
f 8344 8345 8343
f 8338 8346 8347
f 8348 8338 8347
f 8334 8349 8350
f 8326 8343 8345
f 8344 8351 8341
f 8346 8352 8353
f 8346 8353 8354
f 8355 8316 8356
f 8316 8355 8357
f 8351 8339 8341
f 8354 8353 8358
f 8342 8357 8340
f 8359 8360 8361
f 8340 8357 8355
f 8341 8355 8356
f 8360 8354 8358
f 8361 8362 8363
f 8364 8361 8363
f 8357 8365 8316
f 8366 8365 8317
f 8365 8366 8367
f 8319 8322 8368
f 8368 8369 8324
f 8370 8371 8372
f 8368 8365 8319
f 8365 8368 8317
f 8373 8346 8347
f 8374 8375 8376
f 8375 8374 8347
f 8353 8373 8352
f 8346 8354 8377
f 8378 8377 8379
f 8347 8378 8375
f 8379 8354 8380
f 8354 8379 8377
f 8319 8365 8381
f 8382 8383 8366
f 8384 8376 8385
f 8386 8373 8369
f 8373 8386 8352
f 8386 8327 8352
f 8374 8373 8347
f 8387 8388 8389
f 8390 8389 8388
f 8376 8375 8391
f 8385 8376 8391
f 8392 8393 8394
f 8393 8392 8378
f 8395 8396 8390
f 8396 8395 8397
f 8397 8398 8372
f 8395 8390 8388
f 8380 8399 8379
f 8397 8372 8400
f 8388 8398 8395
f 8401 8394 8393
f 8400 8367 8397
f 8367 8400 8402
f 8397 8367 8396
f 8367 8381 8365
f 8403 8404 8405
f 8321 8406 8319
f 8406 8407 8408
f 8407 8406 8322
f 8409 8410 8411
f 8410 8409 8412
f 8413 8365 8319
f 8365 8413 8317
f 8320 8327 8321
f 8321 8319 8414
f 8413 8319 8406
f 8415 8416 8417
f 8416 8415 8418
f 8352 8386 8327
f 8419 8420 8421
f 8422 8423 8424
f 8423 8422 8425
f 8416 8346 8377
f 8426 8377 8354
f 8386 8415 8407
f 8322 8386 8407
f 8377 8347 8416
f 8347 8378 8422
f 8427 8380 8399
f 8428 8427 8401
f 8404 8381 8365
f 8319 8381 8429
f 8406 8408 8413
f 8417 8408 8407
f 8430 8431 8432
f 8431 8430 8433
f 8434 8435 8431
f 8435 8434 8387
f 8436 8437 8412
f 8431 8433 8434
f 8421 8438 8433
f 8433 8430 8421
f 8421 8430 8419
f 8430 8439 8419
f 8419 8439 8405
f 8440 8428 8441
f 8442 8365 8443
f 8365 8442 8404
f 8444 8445 8446
f 8447 8448 8346
f 8449 8450 8451
f 8450 8449 8452
f 8453 8352 8454
f 8346 8448 8455
f 8456 8327 8457
f 8327 8456 8458
f 8327 8352 8459
f 8352 8327 8458
f 8327 8460 8444
f 8444 8461 8457
f 8327 8444 8457
f 8462 8463 8464
f 8446 8465 8466
f 8465 8446 8445
f 8418 8449 8453
f 8467 8468 8469
f 8468 8467 8470
f 8471 8472 8473
f 8474 8475 8472
f 8457 8461 8456
f 8465 8445 8474
f 8476 8477 8478
f 8477 8476 8474
f 8451 8459 8453
f 8479 8478 8451
f 8478 8479 8476
f 8470 8480 8468
f 8481 8467 8469
f 8482 8483 8469
f 8483 8482 8484
f 8480 8485 8486
f 8482 8469 8486
f 8454 8447 8487
f 8453 8454 8487
f 8418 8453 8487
f 8451 8453 8449
f 8485 8488 8489
f 8486 8485 8489
f 8482 8486 8490
f 8449 8491 8452
f 8446 8466 8464
f 8491 8346 8455
f 8492 8493 8452
f 8490 8494 8495
f 8473 8496 8497
f 8496 8473 8495
f 8463 8498 8464
f 8498 8463 8499
f 8500 8455 8448
f 8494 8462 8496
f 8462 8494 8501
f 8494 8496 8495
f 8492 8455 8502
f 8492 8502 8503
f 8499 8461 8498
f 8465 8497 8466
f 8497 8496 8462
f 8461 8464 8498
f 8462 8466 8497
f 8504 8505 8506
f 8507 8418 8508
f 8509 8510 8511
f 8510 8509 8512
f 8418 8487 8508
f 8487 8418 8513
f 8514 8515 8516
f 8517 8518 8519
f 8520 8519 8521
f 8519 8520 8517
f 8518 8522 8519
f 8522 8518 8523
f 8524 8525 8511
f 8525 8524 8526
f 8519 8522 8527
f 8528 8529 8530
f 8529 8528 8531
f 8532 8522 8523
f 8523 8518 8533
f 8534 8535 8515
f 8517 8536 8516
f 8517 8516 8533
f 8537 8533 8529
f 8533 8537 8523
f 8516 8538 8529
f 8538 8516 8515
f 8533 8516 8529
f 8515 8535 8538
f 8538 8530 8529
f 8539 8513 8530
f 8513 8539 8487
f 8540 8528 8513
f 8528 8540 8531
f 8541 8542 8543
f 8535 8539 8530
f 8539 8535 8544
f 8525 8526 8545
f 8528 8530 8513
f 8513 8418 8546
f 8547 8513 8546
f 8531 8547 8548
f 8543 8549 8550
f 8544 8551 8539
f 8541 8552 8553
f 8554 8541 8553
f 8545 8552 8509
f 8552 8545 8553
f 8554 8553 8555
f 8555 8553 8545
f 8543 8512 8552
f 8509 8552 8512
f 8545 8526 8555
f 8556 8510 8512
f 8521 8527 8510
f 8527 8521 8519
f 8524 8511 8527
f 8557 8498 8556
f 8511 8510 8527
f 8524 8527 8548
f 8558 8559 8560
f 8561 8558 8562
f 8558 8561 8519
f 8563 8564 8565
f 8565 8564 8566
f 8565 8566 8567
f 8564 8568 8559
f 8559 8568 8569
f 8558 8560 8570
f 8559 8569 8571
f 8569 8572 8573
f 8574 8575 8576
f 8575 8574 8577
f 8577 8578 8575
f 8572 8579 8573
f 8580 8579 8581
f 8560 8580 8582
f 8570 8560 8582
f 8583 8582 8584
f 8582 8580 8585
f 8581 8585 8580
f 8585 8581 8586
f 8587 8588 8589
f 8590 8591 8592
f 8591 8590 8593
f 8594 8595 8596
f 8597 8592 8598
f 8599 8600 8601
f 8594 8601 8602
f 8603 8604 8605
f 8575 8603 8605
f 8601 8600 8602
f 8606 8607 8604
f 8604 8592 8605
f 8605 8597 8576
f 8576 8597 8574
f 8593 8590 8607
f 8564 8608 8566
f 8598 8592 8609
f 8561 8562 8608
f 8593 8567 8591
f 8566 8609 8591
f 8597 8598 8562
f 8591 8567 8566
f 8610 8611 8612
f 8610 8612 8613
f 8614 8612 8611
f 8612 8615 8616
f 8617 8618 8619
f 8618 8617 8620
f 8614 8611 8621
f 8622 8621 8623
f 8624 8614 8622
f 8624 8619 8618
f 8624 8622 8625
f 8626 8627 8628
f 8627 8626 8619
f 8624 8625 8627
f 8629 8630 8631
f 8632 8625 8633
f 8625 8632 8627
f 8633 8623 8634
f 8635 8630 8636
f 8637 8631 8630
f 8635 8638 8639
f 8634 8640 8641
f 8627 8632 8628
f 8633 8634 8641
f 8632 8633 8641
f 8628 8632 8642
f 8642 8643 8628
f 8643 8642 8644
f 8636 8630 8645
f 8646 8647 8648
f 8647 8646 8649
f 8650 8640 8651
f 8652 8650 8651
f 8653 8654 8649
f 8652 8655 8656
f 8644 8652 8656
f 8643 8644 8656
f 8651 8657 8655
f 8643 8656 8658
f 8613 8612 8616
f 8646 8653 8649
f 8659 8649 8654
f 8649 8659 8647
f 8647 8659 8660
f 8648 8647 8661
f 8616 8662 8663
f 8662 8616 8615
f 8661 8647 8660
f 8659 8664 8665
f 8664 8659 8666
f 8610 8613 8667
f 8659 8665 8616
f 8660 8659 8616
f 8661 8660 8668
f 8663 8669 8616
f 8669 8663 8668
f 8664 8667 8665
f 8665 8613 8616
f 8613 8665 8667
f 8670 8671 8672
f 8673 8674 8675
f 8674 8673 8676
f 8677 8678 8679
f 8680 8681 8682
f 8683 8684 8671
f 8683 8671 8685
f 8672 8671 8684
f 8686 8687 8675
f 8688 8689 8680
f 8689 8688 8690
f 8672 8684 8686
f 8684 8691 8686
f 8670 8672 8675
f 8686 8675 8672
f 8676 8673 8692
f 8693 8687 8694
f 8694 8687 8695
f 8696 8697 8698
f 8697 8696 8699
f 8700 8673 8693
f 8701 8702 8695
f 8702 8701 8679
f 8702 8703 8704
f 8700 8693 8705
f 8705 8694 8706
f 8707 8698 8708
f 8698 8707 8696
f 8708 8698 8709
f 8710 8680 8711
f 8696 8712 8713
f 8696 8713 8699
f 8695 8702 8704
f 8709 8698 8714
f 8698 8697 8715
f 8694 8695 8704
f 8694 8704 8706
f 8716 8717 8718
f 8719 8705 8706
f 8697 8718 8720
f 8721 8720 8718
f 8710 8722 8681
f 8718 8711 8689
f 8716 8718 8689
f 8721 8718 8717
f 8723 8692 8724
f 8704 8725 8726
f 8725 8727 8726
f 8727 8725 8728
f 8729 8730 8682
f 8680 8682 8730
f 8688 8680 8730
f 8690 8685 8724
f 8716 8689 8690
f 8731 8690 8724
f 8724 8692 8717
f 8732 8690 8688
f 8717 8731 8724
f 8727 8728 8733
f 8734 8735 8736
f 8737 8679 8738
f 8739 8740 8741
f 8740 8739 8735
f 8742 8743 8744
f 8745 8734 8746
f 8747 8741 8748
f 8749 8750 8751
f 8752 8753 8754
f 8679 8755 8738
f 8756 8737 8757
f 8750 8758 8752
f 8756 8757 8759
f 8729 8760 8761
f 8737 8738 8757
f 8756 8759 8762
f 8760 8763 8753
f 8764 8765 8739
f 8765 8764 8766
f 8762 8767 8768
f 8764 8739 8769
f 8770 8771 8762
f 8771 8770 8772
f 8772 8773 8774
f 8775 8776 8777
f 8778 8775 8777
f 8775 8778 8779
f 8777 8780 8778
f 8780 8777 8781
f 8777 8776 8781
f 8780 8782 8783
f 8784 8785 8786
f 8787 8788 8789
f 8788 8787 8790
f 8791 8792 8793
f 8794 8788 8790
f 8795 8796 8790
f 8778 8784 8779
f 8797 8798 8799
f 8791 8800 8801
f 8800 8791 8793
f 8793 8792 8802
f 8778 8780 8783
f 8787 8801 8803
f 8801 8804 8805
f 8795 8806 8803
f 8804 8807 8805
f 8805 8807 8808
f 8803 8805 8809
f 8809 8805 8808
f 8809 8810 8795
f 8810 8809 8808
f 8807 8811 8812
f 8813 8814 8815
f 8816 8817 8775
f 8817 8816 8818
f 8816 8775 8819
f 8817 8820 8775
f 8818 8816 8821
f 8822 8817 8823
f 8823 8817 8818
f 8822 8823 8824
f 8825 8819 8826
f 8827 8828 8829
f 8828 8827 8830
f 8829 8831 8827
f 8813 8825 8832
f 8833 8834 8835
f 8797 8836 8837
f 8836 8797 8838
f 8839 8832 8826
f 8832 8839 8814
f 8840 8841 8842
f 8843 8844 8845
f 8845 8837 8843
f 8846 8847 8848
f 8849 8839 8826
f 8845 8844 8824
f 8840 8833 8850
f 8849 8846 8848
f 8822 8844 8851
f 8848 8852 8853
f 8852 8848 8847
f 8834 8823 8854
f 8848 8853 8855
f 8814 8855 8815
f 8856 8857 8858
f 8859 8860 8861
f 8862 8863 8856
f 8864 8865 8866
f 8856 8858 8867
f 8857 8868 8869
f 8870 8866 8871
f 8872 8873 8874
f 8873 8872 8875
f 8876 8877 8878
f 8879 8875 8872
f 8859 8879 8880
f 8880 8872 8881
f 8877 8882 8883
f 8859 8880 8884
f 8877 8885 8864
f 8886 8887 8888
f 8858 8886 8888
f 8881 8889 8884
f 8880 8881 8884
f 8890 8859 8861
f 8891 8892 8893
f 8870 8894 8862
f 8895 8896 8897
f 8862 8856 8867
f 8884 8891 8860
f 8861 8860 8891
f 8898 8899 8900
f 8899 8898 8901
f 8902 8863 8903
f 8904 8905 8906
f 8907 8908 8909
f 8901 8898 8910
f 8899 8911 8912
f 8911 8899 8902
f 8911 8902 8913
f 8914 8913 8915
f 8916 8917 8918
f 8917 8916 8915
f 8916 8919 8915
f 8919 8916 8920
f 8898 8921 8922
f 8923 8924 8925
f 8924 8923 8926
f 8914 8915 8923
f 8916 8918 8927
f 8916 8927 8928
f 8928 8927 8929
f 8910 8898 8922
f 8916 8928 8920
f 8930 8920 8928
f 8920 8930 8931
f 8924 8926 8932
f 8920 8931 8932
f 8930 8933 8931
f 8909 8934 8935
f 8936 8937 8938
f 8936 8939 8940
f 8941 8942 8943
f 8944 8945 8946
f 8945 8944 8947
f 8945 8948 8946
f 8947 8949 8945
f 8947 8950 8951
f 8952 8946 8953
f 8946 8948 8953
f 8954 8952 8955
f 8953 8955 8952
f 8949 8956 8948
f 8953 8948 8919
f 8948 8957 8919
f 8919 8958 8959
f 8958 8919 8957
f 8960 8961 8962
f 8909 8963 8962
f 8909 8962 8964
f 8962 8963 8965
f 8962 8965 8960
f 8965 8966 8967
f 8968 8967 8969
f 8970 8971 8968
f 8972 8973 8974
f 8975 8976 8977
f 8978 8979 8980
f 8962 8981 8964
f 8982 8983 8984
f 8985 8986 8978
f 8978 8987 8985
f 8988 8989 8990
f 8991 8992 8993
f 8994 8995 8996
f 8997 8994 8996
f 8998 8999 9000
f 9001 9002 9003
f 8993 8992 9004
f 9003 9002 9005
f 9006 9007 9008
f 9009 9006 9008
f 9010 9011 9012
f 9011 9010 9013
f 9014 9015 9016
f 9017 9018 9019
f 9020 9021 9017
f 9022 9023 9024
f 9025 9024 9023
f 9012 9026 9027
f 9025 9023 9028
f 9028 9023 9029
f 9025 9028 9026
f 8988 9030 9031
f 9030 9032 8991
f 9033 9034 9035
f 9036 9037 9038
f 9039 9040 9041
f 9042 9043 9044
f 8991 9045 9046
f 9045 8991 9032
f 9041 9047 9039
f 9048 9049 9050
f 9043 9051 9044
f 9052 9053 9054
f 9053 9052 9055
f 9056 9057 9052
f 9045 9058 9059
f 9046 9045 9059
f 9060 9061 9062
f 9063 9064 9065
f 9066 9050 9067
f 9067 9068 9069
f 9070 9071 9072
f 9073 9066 9067
f 9068 9074 9069
f 9069 9074 9075
f 9076 9077 9078
f 9077 9076 9045
f 9079 9080 9081
f 9082 9083 9084
f 9085 9059 9086
f 9081 9080 9087
f 9088 9089 9090
f 9091 9088 9092
f 9088 9091 9093
f 9088 9090 9092
f 9094 9095 9096
f 9095 9094 9097
f 9098 9099 8991
f 9099 9098 9100
f 9101 9102 9103
f 9102 9101 9098
f 9104 9105 9106
f 9092 9103 9107
f 9108 9107 9103
f 9107 9108 9109
f 9106 9105 9096
f 9110 9107 9109
f 9107 9110 9093
f 8991 9099 9076
f 9098 8991 9111
f 9102 9098 9111
f 9094 9112 9113
f 9114 9115 9116
f 9117 9118 9119
f 9099 9120 9121
f 9122 9111 9078
f 9111 8991 9078
f 9122 9078 9123
f 9124 9109 9082
f 9125 9086 9077
f 8991 9076 9078
f 9122 9123 9084
f 9083 9122 9084
f 9126 9086 9059
f 9078 9077 9126
f 9127 9128 9129
f 9130 9131 9132
f 9133 9130 9134
f 9135 9131 9136
f 9137 9138 9139
f 9134 9140 9133
f 9133 9141 9136
f 9141 9133 9140
f 9136 9142 9143
f 9140 9144 9145
f 9144 9146 9145
f 9147 9145 9146
f 9142 9147 9148
f 9143 9142 9148
f 9149 9144 9129
f 9148 9147 9150
f 9150 9146 9151
f 9152 9153 9154
f 9128 9155 9129
f 9155 9128 9156
f 9128 9157 9156
f 9129 9155 9149
f 9149 9158 9151
f 9158 9149 9155
f 9146 9149 9151
f 9148 9150 9159
f 9156 9160 9155
f 9160 9156 9157
f 9155 9160 9158
f 9161 9160 9162
f 9160 9161 9158
f 9154 9163 9137
f 9151 9158 9164
f 9165 9164 9161
f 9137 9163 9166
f 9167 9168 9169
f 9157 9077 9170
f 9171 9172 9173
f 9162 9160 9170
f 9162 9170 9077
f 9164 9158 9161
f 9132 9174 9130
f 9175 9176 9177
f 9176 9175 9178
f 9179 9180 9181
f 9180 9179 9182
f 9183 9184 9185
f 9186 9187 9188
f 9187 9186 9189
f 9190 9191 9192
f 9193 9194 9195
f 9196 9197 9192
f 9197 9198 9192
f 9199 9200 9186
f 9185 9184 9201
f 9202 9185 9203
f 9203 9185 9201
f 9198 9204 9205
f 9201 9206 9207
f 9205 9202 9208
f 9208 9181 9180
f 9181 9208 9202
f 9209 9210 9211
f 9212 9213 9214
f 9215 9206 9216
f 9207 9215 9179
f 9217 9209 9212
f 9182 9208 9180
f 9176 9218 9219
f 9216 9186 9149
f 9186 9200 9189
f 9220 9191 9177
f 9192 9221 9196
f 9175 9222 9178
f 9187 9189 9223
f 9200 9224 9189
f 9189 9224 9223
f 9223 9225 9187
f 9225 9223 9226
f 9225 9227 9188
f 9227 9225 9226
f 9222 9228 9229
f 9228 9222 9190
f 9190 9230 9228
f 9223 9224 9231
f 9223 9231 9226
f 9226 9232 9227
f 9233 9234 9235
f 9234 9233 9236
f 9237 9238 9239
f 9234 9240 9235
f 9241 9242 9243
f 9242 9241 9244
f 9245 9246 9247
f 9248 9249 9250
f 9249 9251 9250
f 9251 9249 9252
f 9251 9252 9253
f 9251 9254 9250
f 9254 9251 9253
f 9244 9254 9242
f 9254 9244 9250
f 9239 9238 9255
f 9243 9253 9256
f 9257 9258 9259
f 9243 9256 9260
f 9261 9262 9260
f 9263 9264 9265
f 9266 9267 9268
f 9269 9266 9241
f 9260 9262 9267
f 9262 9268 9267
f 9270 9235 9271
f 9272 9273 9274
f 9234 9274 9275
f 9233 9234 9276
f 9234 9233 9277
f 9277 9233 9278
f 9279 9280 9281
f 9277 9272 9274
f 9282 9283 9284
f 9285 9286 9284
f 9287 9288 9289
f 9288 9290 9291
f 9282 9284 9286
f 9282 9286 9292
f 9292 9293 9294
f 9295 9296 9297
f 9298 9299 9300
f 9293 9301 9294
f 9302 9299 9303
f 9299 9302 9304
f 9302 9303 9305
f 9301 9306 9294
f 9307 9308 9309
f 9276 9310 9311
f 9309 9276 9311
f 9276 9309 9312
f 9313 9314 9303
f 9307 9309 9311
f 9303 9298 9313
f 9298 9303 9315
f 9309 9308 9316
f 9308 9317 9316
f 9307 9318 9319
f 9320 9321 9322
f 9323 9324 9325
f 9307 9319 9326
f 9318 9278 9327
f 9319 9328 9329
f 9329 9330 9331
f 9330 9329 9328
f 9327 9332 9328
f 9332 9327 9333
f 9321 9334 9322
f 9329 9331 9326
f 9330 9335 9331
f 9332 9333 9336
f 9332 9336 9337
f 9338 9339 9340
f 9341 9342 9335
f 9342 9341 9343
f 9338 9344 9345
f 9344 9338 9340
f 9338 9345 9346
f 9345 9315 9346
f 9346 9347 9348
f 9336 9333 9349
f 9350 9337 9349
f 9345 9313 9298
f 9313 9345 9344
f 9351 9315 9303
f 9316 9352 9351
f 9312 9314 9276
f 9351 9303 9312
f 9353 9307 9354
f 9310 9355 9356
f 9356 9357 9358
f 9357 9356 9359
f 9358 9310 9356
f 9360 9361 9362
f 9361 9360 9363
f 9364 9358 9365
f 9358 9357 9360
f 9357 9366 9367
f 9366 9357 9359
f 9368 9354 9307
f 9369 9353 9354
f 9370 9371 9372
f 9369 9354 9373
f 9374 9372 9375
f 9375 9372 9376
f 9373 9374 9377
f 9378 9379 9380
f 9381 9378 9380
f 9376 9382 9375
f 9382 9376 9383
f 9384 9385 9386
f 9387 9382 9388
f 9389 9390 9391
f 9390 9389 9380
f 9363 9392 9361
f 9392 9363 9393
f 9394 9377 9395
f 9394 9396 9397
f 9396 9394 9395
f 9398 9380 9389
f 9399 9389 9392
f 9389 9399 9398
f 9382 9383 9400
f 9382 9400 9395
f 9389 9391 9401
f 9389 9401 9392
f 9358 9360 9362
f 9365 9358 9362
f 9360 9357 9367
f 9362 9402 9365
f 9403 9404 9405
f 9406 9407 9408
f 9409 9406 9410
f 9407 9411 9408
f 9411 9407 9412
f 9406 9408 9413
f 9414 9415 9416
f 9407 9414 9416
f 9416 9417 9407
f 9417 9418 9412
f 9418 9417 9419
f 9420 9421 9422
f 9421 9420 9423
f 9424 9420 9422
f 9424 9422 9419
f 9419 9422 9425
f 9418 9419 9426
f 9405 9404 9425
f 9427 9428 9429
f 9419 9425 9426
f 9422 9405 9425
f 9430 9431 9432
f 9418 9426 9433
f 9434 9435 9436
f 9429 9431 9436
f 9426 9404 9433
f 9436 9437 9438
f 9429 9436 9438
f 9404 9439 9440
f 9403 9441 9442
f 9443 9437 9444
f 9437 9443 9438
f 9440 9439 9445
f 9437 9446 9444
f 9444 9446 9447
f 9441 9376 9448
f 9448 9442 9441
f 9449 9450 9451
f 9450 9449 9444
f 9452 9453 9454
f 9455 9406 9413
f 9406 9455 9410
f 9444 9447 9450
f 9450 9447 9451
f 9449 9451 9413
f 9413 9451 9455
f 9451 9410 9455
f 9456 9424 9457
f 9422 9458 9424
f 9458 9422 9459
f 9422 9424 9460
f 9461 9462 9463
f 9464 9465 9461
f 9466 9467 9468
f 9469 9470 9471
f 9472 9414 9473
f 9414 9472 9464
f 9472 9474 9467
f 9474 9472 9473
f 9475 9476 9456
f 9476 9475 9473
f 9461 9463 9477
f 9464 9461 9477
f 9464 9476 9414
f 9476 9477 9478
f 9474 9473 9475
f 9473 9414 9476
f 9479 9462 9480
f 9456 9457 9475
f 9481 9479 9480
f 9478 9460 9424
f 9456 9476 9482
f 9457 9424 9458
f 9422 9460 9483
f 9484 9485 9486
f 9487 9488 9489
f 9485 9490 9486
f 9483 9491 9492
f 9422 9483 9492
f 9490 9469 9486
f 9422 9492 9459
f 9493 9492 9494
f 9492 9491 9494
f 9469 9471 9495
f 9496 9468 9467
f 9497 9466 9498
f 9499 9498 9466
f 9493 9500 9501
f 9467 9474 9496
f 9502 9503 9504
f 9505 9504 9506
f 9507 9508 9509
f 9510 9511 9512
f 9512 9513 9514
f 9515 9516 9513
f 9513 9517 9514
f 9517 9513 9516
f 9510 9512 9514
f 9516 9518 9517
f 9519 9520 9521
f 9520 9522 9523
f 9524 9525 9526
f 9522 9518 9525
f 9521 9523 9527
f 9523 9521 9520
f 9528 9529 9530
f 9529 9528 9531
f 9523 9532 9527
f 9527 9532 9533
f 9532 9526 9534
f 9532 9534 9533
f 9535 9536 9537
f 9536 9535 9538
f 9539 9536 9538
f 9536 9539 9540
f 9537 9536 9541
f 9529 9537 9530
f 9539 9542 9543
f 9507 9543 9542
f 9544 9539 9543
f 9545 9546 9547
f 9548 9549 9550
f 9549 9548 9551
f 9552 9553 9554
f 9553 9552 9555
f 9556 9557 9558
f 9558 9557 9559
f 9550 9560 9561
f 9558 9562 9561
f 9560 9558 9561
f 9550 9561 9563
f 9561 9562 9564
f 9565 9561 9566
f 9564 9566 9561
f 9566 9564 9567
f 9567 9568 9566
f 9568 9567 9569
f 9570 9565 9571
f 9568 9572 9573
f 9574 9571 9573
f 9573 9575 9574
f 9575 9573 9572
f 9555 9576 9553
f 9575 9577 9574
f 9578 9579 9580
f 9579 9578 9581
f 9554 9553 9579
f 9578 9582 9581
f 9580 9583 9578
f 9584 9585 9586
f 9587 9588 9589
f 9587 9590 9591
f 9592 9593 9594
f 9595 9596 9597
f 9598 9599 9600
f 9599 9598 9601
f 9602 9603 9597
f 9597 9603 9601
f 9604 9598 9600
f 9603 9605 9599
f 9606 9607 9608
f 9604 9600 9609
f 9610 9611 9612
f 9599 9613 9614
f 9611 9615 9616
f 9614 9613 9610
f 9614 9610 9617
f 9618 9619 9620
f 9621 9591 9590
f 9610 9612 9622
f 9616 9612 9611
f 9622 9612 9623
f 9620 9619 9624
f 9625 9626 9596
f 9626 9625 9627
f 9624 9628 9629
f 9623 9630 9631
f 9632 9625 9633
f 9634 9635 9636
f 9637 9589 9638
f 9639 9640 9641
f 9642 9643 9644
f 9645 9646 9647
f 9646 9645 9648
f 9649 9650 9648
f 9650 9649 9636
f 9643 9646 9648
f 9651 9643 9648
f 9650 9651 9648
f 9649 9648 9645
f 9652 9645 9653
f 9654 9655 9656
f 9653 9657 9658
f 9634 9653 9658
f 9638 9587 9637
f 9657 9659 9660
f 9658 9657 9660
f 9658 9660 9661
f 9662 9663 9664
f 9665 9666 9667
f 9666 9665 9668
f 9669 9670 9663
f 9670 9669 9671
f 9667 9672 9673
f 9592 9674 9675
f 9676 9677 9642
f 9677 9676 9678
f 9642 9679 9676
f 9680 9681 9682
f 9674 9683 9684
f 9685 9686 9687
f 9688 9679 9689
f 9690 9691 9692
f 9690 9693 9688
f 9690 9688 9694
f 9694 9695 9696
f 9688 9689 9694
f 9697 9698 9699
f 9700 9701 9702
f 9691 9703 9704
f 9704 9705 9691
f 9705 9704 9706
f 9680 9675 9684
f 9707 9696 9708
f 9704 9709 9706
f 9710 9671 9681
f 9711 9710 9681
f 9707 9706 9709
f 9706 9707 9712
f 9681 9671 9682
f 9713 9711 9681
f 9674 9684 9675
f 9714 9680 9684
f 9680 9714 9715
f 9705 9706 9716
f 9717 9716 9718
f 9719 9720 9721
f 9714 9721 9722
f 9719 9684 9683
f 9718 9716 9712
f 9723 9724 9725
f 9724 9723 9592
f 9726 9727 9728
f 9729 9730 9726
f 9726 9731 9732
f 9731 9733 9732
f 9734 9735 9731
f 9736 9737 9738
f 9739 9740 9741
f 9742 9735 9743
f 9733 9742 9743
f 9744 9745 9746
f 9747 9748 9749
f 9744 9746 9737
f 9743 9750 9751
f 9752 9751 9753
f 9751 9752 9754
f 9745 9755 9756
f 9751 9750 9753
f 9757 9758 9759
f 9760 9761 9762
f 9763 9764 9765
f 9766 9767 9768
f 9769 9770 9771
f 9766 9768 9771
f 9768 9772 9773
f 9765 9774 9775
f 9774 9765 9764
f 9776 9777 9758
f 9777 9776 9772
f 9777 9778 9779
f 9778 9777 9772
f 9780 9775 9781
f 9775 9780 9782
f 9777 9779 9759
f 9783 9784 9785
f 9759 9779 9786
f 9760 9762 9787
f 9760 9782 9788
f 9782 9760 9787
f 9786 9789 9790
f 9787 9763 9765
f 9782 9787 9765
f 9791 9792 9793
f 9794 9795 9769
f 9796 9793 9797
f 9775 9798 9781
f 9798 9799 9781
f 9800 9801 9802
f 9793 9792 9797
f 9764 9803 9804
f 9803 9770 9804
f 9805 9804 9770
f 9795 9805 9770
f 9795 9806 9799
f 9807 9808 9809
f 9771 9773 9769
f 9766 9810 9811
f 9801 9802 9812
f 9802 9801 9813
f 9814 9766 9811
f 9815 9814 9816
f 9817 9818 9819
f 9818 9817 9820
f 9821 9819 9822
f 9823 9824 9825
f 9826 9820 9827
f 9823 9825 9828
f 9817 9829 9830
f 9831 9832 9833
f 9834 9835 9836
f 9835 9834 9831
f 9837 9834 9836
f 9829 9838 9830
f 9838 9839 9826
f 9831 9833 9840
f 9841 9842 9843
f 9844 9845 9846
f 9847 9848 9849
f 9850 9851 9843
f 9851 9850 9852
f 9841 9843 9853
f 9854 9855 9856
f 9850 9843 9857
f 9850 9855 9858
f 9859 9860 9861
f 9850 9858 9852
f 9842 9857 9843
f 9857 9842 9856
f 9856 9842 9862
f 9842 9863 9862
f 9862 9863 9864
f 9865 9866 9867
f 9866 9865 9868
f 9869 9870 9871
f 9866 9872 9867
f 9870 9861 9873
f 9861 9860 9873
f 9874 9849 9875
f 9876 9877 9878
f 9879 9880 9881
f 9882 9873 9877
f 9873 9878 9877
f 9878 9873 9860
f 9876 9878 9874
f 9878 9860 9874
f 9876 9874 9852
f 9853 9851 9875
f 9846 9883 9884
f 9885 9886 9887
f 9888 9889 9885
f 9890 9891 9892
f 9893 9894 9895
f 9894 9893 9896
f 9888 9885 9887
f 9891 9897 9885
f 9898 9899 9846
f 9897 9900 9901
f 9902 9903 9904
f 9890 9892 9905
f 9900 9906 9907
f 9908 9909 9910
f 9890 9905 9911
f 9909 9912 9910
f 9912 9909 9913
f 9896 9912 9914
f 9915 9916 9917
f 9918 9917 9919
f 9914 9913 9920
f 9913 9914 9912
f 9895 9921 9922
f 9921 9895 9894
f 9919 9917 9923
f 9893 9895 9924
f 9923 9925 9926
f 9927 9928 9929
f 9930 9931 9932
f 9886 9933 9932
f 9888 9934 9935
f 9936 9937 9938
f 9939 9940 9941
f 9942 9943 9944
f 9942 9935 9934
f 9945 9946 9888
f 9945 9947 9948
f 9949 9950 9951
f 9952 9953 9954
f 9953 9952 9955
f 9948 9956 9946
f 9956 9948 9957
f 9946 9956 9934
f 9958 9959 9960
f 9954 9956 9957
f 9948 9947 9961
f 9936 9962 9963
f 9964 9961 9965
f 9966 9967 9968
f 9967 9966 9969
f 9970 9968 9971
f 9972 9965 9961
f 9968 9973 9966
f 9974 9975 9960
f 9976 9977 9969
f 9959 9950 9978
f 9950 9959 9951
f 9968 9967 9971
f 9960 9975 9979
f 9979 9980 9958
f 9971 9967 9981
f 9952 9982 9983
f 9984 9958 9985
f 9958 9984 9951
f 9977 9983 9982
f 9983 9977 9986
f 9971 9981 9982
f 9952 9983 9955
f 9986 9976 9987
f 9986 9944 9955
f 9944 9986 9988
f 9955 9944 9943
f 9943 9989 9953
f 9951 9984 9949
f 9985 9990 9991
f 9955 9943 9953
f 9954 9953 9989
f 9949 9984 9992
f 9984 9991 9992
f 9993 9888 9994
f 9888 9993 9946
f 9994 9995 9947
f 9996 9888 9997
f 9998 9988 9999
f 10000 10001 9995
f 10002 10003 10004
f 9995 10005 9947
f 10001 10006 9995
f 10007 10008 10009
f 9993 10003 9946
f 9994 9947 9993
f 10010 10011 10012
f 9946 10003 10013
f 10008 10014 10015
f 10016 10007 10009
f 10004 10017 10018
f 10002 10004 10018
f 10019 10018 10020
f 10018 10019 10021
f 10018 10017 10020
f 10015 10014 10022
f 10023 10018 10021
f 10015 9988 10024
f 9988 10015 9987
f 10022 9987 10015
f 10017 10025 10020
f 10026 10024 9988
f 10025 10027 10028
f 10029 10025 10028
f 10025 10029 10020
f 10030 10026 10031
f 10026 10030 10032
f 10031 10013 10030
f 10033 10029 10034
f 10031 9998 10035
f 10036 10019 10033
f 10029 10028 10037
f 9997 10038 10035
f 10039 10040 9888
f 10039 10041 10042
f 10041 10039 10043
f 10039 9888 10043
f 10044 10045 10046
f 10047 10048 10049
f 10048 10047 9888
f 10047 10049 10050
f 9939 10050 9999
f 10050 10051 10047
f 10043 9888 10047
f 10043 10052 10041
f 10052 10000 10041
f 10042 10000 9995
f 10048 10040 10053
f 10040 10054 10055
f 10055 10054 10056
f 10048 10053 10057
f 10053 10040 10055
f 10054 10042 10058
f 10056 10059 10055
f 10060 10061 10062
f 10063 10044 10022
f 10064 9995 10065
f 9995 10001 10065
f 10054 10058 10056
f 10056 10058 10066
f 10066 10058 10064
f 10067 10066 10068
f 10066 10067 10056
f 10069 10068 10070
f 10071 10072 10073
f 10068 10074 10070
f 10045 10075 10046
f 10076 10046 10075
f 10075 10077 10076
f 9999 10078 9939
f 9999 10050 10075
f 10050 10049 10075
f 10079 10080 10081
f 10051 10052 10047
f 10082 10041 10083
f 10041 10082 10084
f 9939 9941 10085
f 10086 10084 10087
f 10084 10086 10088
f 10089 10001 10090
f 10091 10078 9940
f 10078 10091 10092
f 10000 10041 10093
f 9941 10051 10085
f 9939 10085 10094
f 10084 10093 10041
f 10087 10084 10082
f 10095 10096 10097
f 10087 10082 10098
f 10099 10100 10101
f 10087 10098 10102
f 10098 10099 10101
f 10098 10101 10103
f 10104 10105 10106
f 10107 10089 10105
f 10106 10105 10090
f 10103 10104 10108
f 10104 10103 10101
f 10109 10108 10110
f 10108 10109 10103
f 10111 10112 10113
f 10106 10114 10115
f 10110 10116 10109
f 10113 10117 10118
f 10119 10118 10097
f 10120 10092 10091
f 10121 10115 10122
f 10119 10097 10096
f 10092 10123 10124
f 10125 10126 10127
f 10126 10125 10124
f 10126 10128 10088
f 10129 10130 10000
f 10131 10132 10088
f 10133 10134 10088
f 10131 10135 10136
f 10137 10131 10136
f 10138 10139 10140
f 10132 10141 10142
f 10137 10129 10000
f 10129 10137 10136
f 10137 10000 10143
f 10144 10141 10143
f 10144 10143 10145
f 10146 10144 10145
f 10146 10145 10147
f 10148 10146 10147
f 10089 10130 10149
f 10089 10149 10150
f 10089 10151 10152
f 10151 10150 10153
f 10148 10147 10152
f 10154 10151 10153
f 10148 10152 10155
f 10140 10156 10157
f 10156 10140 10158
f 10159 10160 10161
f 10160 10162 10138
f 10156 10158 10163
f 10164 10163 10134
f 10163 10164 10156
f 10127 10126 10088
f 10134 10127 10088
f 10165 10133 10166
f 10167 10168 10169
f 10168 10167 10170
f 10123 10171 10168
f 10171 10123 10172
f 10173 10174 10175
f 10123 10168 10170
f 10176 10177 10178
f 10177 10176 10179
f 10180 10181 10182
f 10177 10180 10178
f 10182 10178 10180
f 10183 10184 10185
f 10184 10183 10178
f 10176 10178 10186
f 10178 10187 10184
f 10188 10189 10190
f 10178 10183 10186
f 10185 10188 10191
f 10183 10185 10192
f 10174 10193 10175
f 10190 10194 10195
f 10188 10190 10195
f 10185 10196 10197
f 10192 10185 10197
f 10191 10188 10195
f 10195 10198 10191
f 10196 10199 10200
f 10197 10196 10200
f 10201 10202 10203
f 10204 10205 10206
f 10207 10208 10209
f 10210 10211 10212
f 10213 10214 10215
f 10216 10181 10217
f 10167 10217 10218
f 10219 10220 10221
f 10220 10219 10222
f 10123 10168 10220
f 10180 10181 10223
f 10218 10180 10224
f 10225 10226 10227
f 10220 10222 10123
f 10218 10224 10228
f 10229 10180 10230
f 10180 10223 10230
f 10216 10231 10232
f 10230 10223 10233
f 10223 10234 10233
f 10233 10235 10236
f 10237 10238 10239
f 10226 10240 10227
f 10240 10226 10241
f 10235 10242 10243
f 10242 10239 10243
f 10244 10235 10243
f 10243 10245 10244
f 10245 10243 10246
f 10239 10238 10194
f 10239 10194 10247
f 10248 10249 10221
f 10221 10250 10248
f 10251 10252 10246
f 10252 10251 10253
f 10251 10254 10253
f 10224 10255 10256
f 10220 10228 10257
f 10221 10220 10257
f 10228 10256 10257
f 10258 10169 10259
f 10169 10258 10260
f 10259 10181 10261
f 10181 10259 10262
f 10263 10258 10264
f 10258 10263 10171
f 10265 10266 10267
f 10268 10269 10270
f 10263 10271 10123
f 10271 10263 10222
f 10266 10272 10273
f 10263 10264 10274
f 10275 10276 10277
f 10276 10275 10274
f 10278 10181 10279
f 10181 10278 10261
f 10279 10181 10280
f 10267 10266 10281
f 10279 10282 10283
f 10284 10285 10282
f 10286 10265 10287
f 10285 10288 10289
f 10277 10290 10291
f 10292 10293 10284
f 10293 10292 10294
f 10295 10281 10296
f 10288 10293 10297
f 10296 10266 10273
f 10296 10273 10290
f 10291 10275 10277
f 10297 10293 10298
f 10299 10289 10288
f 10273 10272 10300
f 10273 10291 10290
f 10291 10273 10300
f 10288 10268 10299
f 10291 10300 10301
f 10302 10301 10222
f 10270 10269 10303
f 10304 10171 10271
f 10275 10263 10274
f 10274 10305 10276
f 10264 10306 10274
f 10307 10308 10309
f 10310 10311 10312
f 10310 10313 10314
f 10315 10316 10312
f 10313 10312 10316
f 10312 10311 10315
f 10317 10315 10318
f 10319 10318 10320
f 10319 10320 10321
f 10316 10317 10322
f 10321 10323 10319
f 10324 10322 10325
f 10326 10324 10325
f 10327 10328 10329
f 10330 10309 10331
f 10332 10333 10334
f 10335 10336 10337
f 10338 10339 10340
f 10341 10314 10340
f 10342 10343 10344
f 10343 10342 10345
f 10346 10347 10348
f 10349 10350 10351
f 10352 10353 10354
f 10353 10352 10355
f 10356 10352 10357
f 10352 10356 10358
f 10359 10360 10361
f 10362 10348 10363
f 10360 10364 10361
f 10364 10365 10366
f 10365 10364 10367
f 10361 10364 10366
f 10368 10369 10362
f 10367 10370 10371
f 10371 10372 10373
f 10372 10371 10374
f 10375 10376 10377
f 10376 10375 10366
f 10368 10362 10363
f 10365 10377 10376
f 10348 10347 10378
f 10372 10351 10373
f 10345 10342 10379
f 10380 10378 10381
f 10381 10382 10380
f 10353 10355 10380
f 10380 10382 10353
f 10359 10355 10358
f 10383 10384 10385
f 10385 10386 10383
f 10386 10385 10387
f 10388 10389 10390
f 10389 10388 10391
f 10392 10342 10393
f 10394 10395 10396
f 10387 10397 10386
f 10398 10399 10400
f 10401 10383 10402
f 10402 10383 10403
f 10404 10401 10405
f 10404 10405 10406
f 10404 10406 10407
f 10407 10406 10408
f 10342 10398 10403
f 10409 10410 10411
f 10412 10413 10414
f 10415 10416 10417
f 10416 10415 10418
f 10412 10419 10420
f 10413 10421 10422
f 10423 10424 10425
f 10426 10415 10417
f 10415 10426 10427
f 10416 10411 10417
f 10427 10428 10415
f 10429 10430 10431
f 10429 10409 10432
f 10433 10434 10435
f 10434 10433 10436
f 10418 10437 10411
f 10437 10418 10438
f 10437 10438 10439
f 10440 10416 10426
f 10416 10440 10435
f 10418 10435 10441
f 10439 10438 10442
f 10438 10441 10442
f 10431 10443 10444
f 10442 10441 10434
f 10441 10435 10434
f 10442 10434 10445
f 10446 10447 10448
f 10449 10440 10450
f 10433 10435 10449
f 10451 10433 10449
f 10450 10452 10453
f 10449 10450 10453
f 10451 10449 10453
f 10454 10455 10456
f 10455 10454 10457
f 10431 10444 10458
f 10459 10456 10455
f 10456 10459 10460
f 10459 10452 10460
f 10436 10455 10457
f 10461 10462 10463
f 10464 10465 10466
f 10467 10468 10469
f 10454 10456 10470
f 10465 10471 10466
f 10458 10472 10431
f 10466 10471 10458
f 10473 10444 10474
f 10466 10458 10473
f 10474 10444 10443
f 10475 10437 10443
f 10438 10476 10435
f 10416 10440 10476
f 10433 10477 10451
f 10478 10443 10431
f 10438 10442 10439
f 10479 10480 10481
f 10480 10479 10434
f 10438 10435 10434
f 10434 10433 10480
f 10479 10442 10434
f 10477 10482 10451
f 10440 10450 10477
f 10433 10451 10483
f 10460 10484 10459
f 10480 10485 10481
f 10485 10480 10486
f 10487 10488 10489
f 10482 10490 10451
f 10491 10492 10493
f 10494 10495 10496
f 10495 10494 10497
f 10498 10443 10499
f 10443 10498 10500
f 10465 10471 10501
f 10502 10503 10431
f 10471 10458 10504
f 10458 10431 10500
f 10463 10502 10472
f 10431 10443 10500
f 10439 10445 10505
f 10505 10445 10506
f 10504 10501 10471
f 10501 10504 10507
f 10508 10509 10510
f 10509 10508 10511
f 10445 10479 10506
f 10483 10486 10480
f 10486 10483 10491
f 10480 10433 10483
f 10491 10483 10451
f 10510 10501 10508
f 10501 10510 10465
f 10489 10465 10510
f 10501 10507 10508
f 10485 10486 10512
f 10493 10486 10491
f 10513 10508 10514
f 10508 10513 10511
f 10451 10490 10492
f 10490 10454 10515
f 10454 10490 10459
f 10512 10493 10496
f 10493 10515 10494
f 10508 10507 10514
f 10496 10493 10494
f 10497 10454 10516
f 10497 10517 10495
f 10458 10498 10504
f 10507 10518 10514
f 10518 10507 10504
f 10454 10459 10484
f 10519 10498 10499
f 10498 10519 10504
f 10454 10520 10516
f 10519 10505 10506
f 10505 10519 10499
f 10478 10431 10503
f 10521 10438 10439
f 10521 10439 10478
f 10417 10521 10411
f 10416 10418 10521
f 10502 10503 10522
f 10442 10523 10434
f 10523 10442 10438
f 10521 10478 10411
f 10480 10434 10483
f 10434 10480 10479
f 10523 10476 10435
f 10435 10434 10523
f 10434 10435 10433
f 10524 10477 10525
f 10477 10524 10451
f 10451 10433 10477
f 10515 10459 10526
f 10488 10489 10487
f 10524 10459 10451
f 10459 10524 10452
f 10440 10525 10477
f 10460 10452 10527
f 10459 10460 10456
f 10460 10484 10456
f 10484 10460 10527
f 10458 10504 10471
f 10528 10529 10530
f 10472 10458 10531
f 10465 10471 10504
f 10471 10465 10531
f 10531 10458 10471
f 10443 10431 10478
f 10532 10501 10504
f 10508 10510 10501
f 10483 10434 10433
f 10480 10485 10533
f 10501 10465 10504
f 10534 10508 10535
f 10530 10529 10491
f 10486 10491 10536
f 10451 10515 10530
f 10537 10528 10538
f 10458 10500 10498
f 10458 10498 10539
f 10478 10431 10522
f 10478 10522 10503
f 10539 10498 10540
f 10499 10505 10541
f 10540 10541 10539
f 10525 10452 10524
f 10536 10529 10537
f 10526 10542 10515
f 10528 10515 10542
f 10541 10543 10544
f 10526 10456 10545
f 10456 10546 10545
f 10547 10538 10548
f 10549 10545 10550
f 10551 10552 10506
f 10547 10548 10553
f 10532 10504 10544
f 10504 10539 10544
f 10539 10541 10544
f 10554 10544 10543
f 10555 10556 10557
f 10556 10555 10558
f 10559 10560 10561
f 10560 10559 10562
f 10563 10562 10559
f 10558 10563 10564
f 10563 10558 10555
f 10565 10563 10555
f 10557 10566 10567
f 10555 10557 10567
f 10565 10555 10568
f 10555 10567 10568
f 10567 10566 10569
f 10568 10567 10570
f 10571 10572 10573
f 10572 10571 10574
f 10575 10576 10577
f 10576 10575 10578
f 10567 10569 10579
f 10579 10569 10580
f 10579 10574 10571
f 10570 10579 10571
f 10572 10574 10581
f 10582 10583 10584
f 10585 10586 10587
f 10586 10585 10588
f 10589 10590 10591
f 10591 10592 10593
f 10590 10594 10591
f 10573 10589 10593
f 10589 10591 10593
f 10595 10582 10584
f 10595 10586 10588
f 10577 10595 10596
f 10596 10595 10588
f 10597 10588 10598
f 10577 10596 10599
f 10573 10593 10592
f 10600 10601 10562
f 10562 10601 10560
f 10602 10603 10561
f 10560 10602 10561
f 10564 10563 10559
f 10559 10561 10564
f 10604 10605 10606
f 10605 10604 10607
f 10608 10606 10609
f 10610 10605 10607
f 10607 10611 10612
f 10613 10614 10615
f 10610 10612 10616
f 10614 10617 10609
f 10617 10614 10618
f 10619 10620 10621
f 10622 10619 10621
f 10623 10624 10625
f 10613 10615 10621
f 10620 10618 10613
f 10621 10620 10613
f 10617 10618 10626
f 10627 10609 10617
f 10609 10627 10608
f 10626 10627 10617
f 10628 10629 10630
f 10604 10608 10631
f 10608 10604 10606
f 10609 10617 10627
f 10617 10609 10614
f 10617 10614 10632
f 10631 10608 10633
f 10619 10621 10634
f 10621 10619 10620
f 10605 10604 10635
f 10606 10604 10636
f 10604 10637 10635
f 10605 10635 10607
f 10612 10605 10607
f 10635 10637 10638
f 10607 10639 10612
f 10639 10607 10640
f 10640 10607 10635
f 10640 10635 10638
f 10641 10639 10642
f 10618 10617 10632
f 10619 10634 10643
f 10615 10621 10644
f 10618 10620 10645
f 10623 10625 10646
f 10645 10647 10648
f 10648 10618 10645
f 10627 10626 10628
f 10628 10626 10648
f 10647 10628 10648
f 10618 10632 10649
f 10627 10628 10630
f 10631 10633 10650
f 10640 10638 10642
f 10651 10643 10634
f 10649 10615 10644
f 10649 10644 10613
f 10609 10608 10606
f 10652 10606 10608
f 10606 10604 10605
f 10605 10604 10653
f 10653 10635 10654
f 10635 10653 10604
f 10619 10621 10655
f 10655 10656 10634
f 10656 10655 10657
f 10643 10619 10655
f 10644 10613 10649
f 10645 10625 10658
f 10614 10617 10659
f 10648 10660 10626
f 10614 10659 10609
f 10659 10650 10633
f 10628 10630 10660
f 10660 10630 10627
f 10659 10633 10609
f 10617 10627 10659
f 10633 10631 10608
f 10638 10661 10635
f 10662 10663 10664
f 10624 10643 10665
f 10644 10649 10666
f 10649 10667 10666
f 10632 10614 10667
f 10650 10668 10631
f 10608 10631 10652
f 10669 10670 10671
f 10666 10657 10655
f 10672 10662 10664
f 10655 10619 10621
f 10619 10655 10634
f 10631 10673 10650
f 10673 10631 10674
f 10613 10620 10645
f 10656 10655 10675
f 10625 10658 10645
f 10675 10655 10621
f 10676 10632 10667
f 10632 10676 10677
f 10617 10626 10678
f 10626 10617 10676
f 10613 10618 10676
f 10679 10645 10648
f 10648 10645 10658
f 10617 10678 10659
f 10613 10676 10649
f 10630 10629 10680
f 10609 10614 10659
f 10609 10650 10673
f 10631 10650 10668
f 10677 10614 10632
f 10667 10649 10676
f 10668 10650 10680
f 10681 10682 10683
f 10682 10681 10684
f 10621 10666 10685
f 10686 10687 10688
f 10687 10686 10689
f 10690 10673 10674
f 10683 10691 10681
f 10683 10686 10672
f 10675 10621 10685
f 10692 10693 10621
f 10694 10695 10696
f 10621 10613 10644
f 10626 10697 10648
f 10697 10626 10676
f 10697 10613 10693
f 10698 10630 10678
f 10699 10614 10700
f 10678 10700 10617
f 10649 10667 10701
f 10626 10648 10698
f 10632 10614 10702
f 10667 10632 10702
f 10703 10666 10701
f 10666 10649 10701
f 10667 10704 10701
f 10704 10667 10702
f 10675 10621 10705
f 10621 10675 10692
f 10706 10707 10664
f 10705 10703 10691
f 10691 10703 10708
f 10703 10701 10704
f 10709 10710 10711
f 10711 10710 10712
f 10713 10714 10715
f 10716 10717 10718
f 10691 10708 10719
f 10715 10719 10708
f 10719 10715 10714
f 10666 10613 10649
f 10630 10720 10629
f 10613 10721 10722
f 10659 10617 10723
f 10617 10659 10614
f 10649 10667 10704
f 10613 10705 10621
f 10664 10706 10707
f 10617 10677 10724
f 10687 10725 10726
f 10691 10705 10708
f 10727 10714 10728
f 10714 10727 10729
f 10675 10692 10621
f 10730 10708 10731
f 10703 10701 10732
f 10704 10702 10733
f 10723 10734 10659
f 10650 10735 10734
f 10725 10736 10694
f 10737 10738 10739
f 10740 10741 10664
f 10719 10708 10715
f 10714 10715 10713
f 10719 10714 10729
f 10713 10715 10742
f 10743 10744 10745
f 10744 10743 10746
f 10732 10704 10733
f 10725 10747 10726
f 10748 10749 10750
f 10694 10751 10752
f 10748 10750 10753
f 10613 10705 10692
f 10692 10693 10613
f 10667 10722 10724
f 10754 10617 10723
f 10617 10754 10614
f 10755 10756 10757
f 10649 10613 10722
f 10691 10705 10758
f 10705 10691 10675
f 10675 10691 10740
f 10727 10714 10759
f 10675 10692 10705
f 10691 10758 10708
f 10708 10730 10715
f 10702 10755 10733
f 10727 10752 10736
f 10715 10730 10760
f 10729 10691 10715
f 10691 10729 10740
f 10742 10713 10715
f 10664 10707 10740
f 10715 10691 10708
f 10746 10742 10744
f 10730 10731 10761
f 10733 10755 10757
f 10733 10757 10762
f 10763 10757 10749
f 10752 10751 10764
f 10759 10714 10746
f 10743 10744 10765
f 10766 10767 10768
f 10769 10770 10771
f 10772 10773 10770
f 10773 10772 10774
f 10772 10775 10774
f 10776 10765 10744
f 10776 10766 10768
f 10759 10746 10743
f 10705 10675 10777
f 10778 10779 10780
f 10777 10781 10705
f 10649 10667 10782
f 10667 10649 10783
f 10784 10785 10667
f 10785 10733 10786
f 10703 10787 10701
f 10675 10692 10777
f 10787 10782 10701
f 10782 10787 10649
f 10703 10701 10788
f 10786 10667 10785
f 10789 10785 10755
f 10784 10667 10783
f 10790 10714 10729
f 10714 10790 10713
f 10703 10788 10731
f 10715 10713 10790
f 10715 10708 10791
f 10708 10703 10731
f 10732 10786 10733
f 10732 10731 10788
f 10786 10788 10701
f 10733 10792 10732
f 10792 10733 10762
f 10793 10722 10794
f 10755 10785 10702
f 10755 10757 10789
f 10727 10729 10714
f 10714 10713 10795
f 10796 10797 10798
f 10713 10742 10799
f 10743 10800 10765
f 10800 10743 10799
f 10798 10797 10773
f 10801 10802 10803
f 10762 10789 10757
f 10804 10805 10806
f 10805 10804 10807
f 10800 10808 10765
f 10765 10795 10743
f 10795 10713 10743
f 10809 10810 10807
f 10810 10809 10811
f 10791 10708 10812
f 10813 10814 10815
f 10811 10809 10812
f 10811 10816 10817
f 10812 10731 10811
f 10810 10811 10817
f 10818 10816 10792
f 10816 10818 10817
f 10816 10732 10792
f 10762 10818 10792
f 10773 10772 10819
f 10820 10821 10822
f 10783 10793 10784
f 10823 10824 10805
f 10805 10824 10806
f 10825 10826 10827
f 10826 10825 10828
f 10829 10830 10826
f 10830 10831 10832
f 10831 10833 10834
f 10833 10831 10835
f 10836 10837 10838
f 10833 10839 10840
f 10828 10825 10841
f 10833 10835 10842
f 10843 10844 10845
f 10843 10845 10846
f 10837 10847 10838
f 10838 10848 10849
f 10836 10838 10849
f 10836 10850 10851
f 10850 10836 10849
f 10852 10853 10854
f 10855 10854 10856
f 10849 10857 10858
f 10854 10859 10856
f 10855 10860 10861
f 10849 10862 10850
f 10860 10856 10863
f 10861 10860 10864
f 10864 10860 10865
f 10833 10840 10834
f 10866 10867 10868
f 10869 10866 10868
f 10870 10871 10872
f 10873 10874 10875
f 10876 10863 10877
f 10831 10834 10832
f 10878 10872 10879
f 10868 10864 10880
f 10864 10876 10881
f 10882 10873 10883
f 10830 10832 10826
f 10876 10884 10881
f 10882 10827 10885
f 10827 10882 10883
f 10864 10881 10880
f 10886 10887 10888
f 10832 10885 10827
f 10840 10888 10887
f 10827 10826 10832
f 10889 10890 10891
f 10889 10892 10893
f 10892 10894 10895
f 10896 10897 10895
f 10898 10899 10900
f 10890 10901 10902
f 10890 10902 10903
f 10904 10905 10906
f 10902 10907 10908
f 10907 10909 10910
f 10902 10908 10911
f 10912 10913 10911
f 10912 10911 10914
f 10915 10916 10917
f 10908 10918 10919
f 10920 10921 10922
f 10914 10911 10919
f 10922 10923 10924
f 10924 10923 10925
f 10919 10926 10927
f 10928 10929 10930
f 10921 10931 10932
f 10933 10921 10934
f 10935 10936 10897
f 10897 10936 10895
f 10937 10938 10939
f 10927 10926 10940
f 10940 10926 10941
f 10923 10893 10942
f 10936 10923 10942
f 10936 10942 10895
f 10943 10944 10945
f 10946 10947 10948
f 10949 10950 10951
f 10952 10953 10954
f 10949 10951 10955
f 10956 10953 10955
f 10953 10956 10954
f 10955 10951 10956
f 10957 10953 10958
f 10953 10957 10955
f 10952 10959 10960
f 10961 10962 10963
f 10962 10961 10957
f 10964 10965 10966
f 10967 10968 10969
f 10953 10960 10958
f 10945 10970 10971
f 10970 10945 10944
f 10960 10972 10963
f 10973 10971 10970
f 10962 10960 10963
f 10974 10975 10976
f 10977 10958 10962
f 10978 10979 10980
f 10974 10973 10981
f 10969 10982 10983
f 10963 10984 10961
f 10968 10969 10985
f 10969 10968 10983
f 10986 10987 10988
f 10989 10990 10991
f 10990 10989 10992
f 10993 10994 10995
f 10989 10996 10992
f 10996 10989 10997
f 10998 10999 11000
f 10989 10998 10997
f 10997 10998 11000
f 11000 10999 11001
f 11002 11003 11004
f 11005 10998 11006
f 11007 11008 11009
f 11008 11007 11010
f 11011 11006 10998
f 11012 11007 11009
f 11006 11013 11014
f 11015 11016 11017
f 11018 11019 11020
f 11017 11021 11022
f 11020 11023 11018
f 11023 11020 11024
f 11025 11026 11023
f 11009 11027 10985
f 11027 11009 11008
f 11014 11005 11006
f 11028 11029 11030
f 11031 11032 11033
f 11032 11031 11029
f 11028 11030 11034
f 11035 11004 11036
f 11028 11034 11037
f 11036 11002 11038
f 11039 11040 11041
f 11042 11043 11044
f 11042 11044 11045
f 11046 11045 11044
f 11044 11047 11046
f 11048 11046 11002
f 11049 11050 11051
f 11049 11051 11052
f 11053 11054 11055
f 11054 11056 11057
f 11056 11054 11058
f 11055 11054 11057
f 11050 11059 11060
f 11059 11061 11062
f 11051 11052 11063
f 11064 11065 11066
f 11052 11063 11051
f 11049 11067 11061
f 11066 11064 11068
f 11068 11065 11069
f 11066 11068 11069
f 11070 11059 11061
f 11071 11072 11073
f 11074 11075 11076
f 11052 11067 11049
f 11052 11077 11078
f 11079 11080 11081
f 11082 11078 11077
f 11083 11084 11085
f 11086 11073 11087
f 11088 11089 11090
f 11088 11071 11086
f 11061 11067 11091
f 11088 11092 11061
f 11087 11088 11071
f 11071 11088 11091
f 11093 11094 11095
f 11096 11097 11094
f 11095 11094 11097
f 11098 11099 11100
f 11096 11070 11101
f 11102 11065 11103
f 11104 11105 11106
f 11103 11107 11108
f 11109 11110 11111
f 11112 11113 11114
f 11114 11091 11115
f 11082 11116 11117
f 11118 11119 11091
f 11094 11096 11120
f 11096 11070 11120
f 11121 11122 11094
f 11123 11124 11125
f 11126 11104 11127
f 11104 11128 11127
f 11129 11100 11098
f 11130 11131 11132
f 11130 11132 11133
f 11134 11135 11118
f 11118 11091 11134
f 11136 11137 11138
f 11139 11140 11141
f 11139 11141 11142
f 11143 11144 11145
f 11141 11146 11142
f 11146 11141 11147
f 11147 11148 11146
f 11106 11127 11149
f 11150 11151 11152
f 11153 11061 11154
f 11155 11156 11157
f 11134 11158 11159
f 11134 11159 11160
f 11161 11155 11157
f 11162 11163 11164
f 11163 11162 11165
f 11166 11167 11168
f 11169 11170 11171
f 11162 11164 11172
f 11172 11164 11173
f 11174 11173 11164
f 11166 11168 11175
f 11170 11175 11176
f 11166 11175 11177
f 11177 11175 11169
f 11170 11178 11171
f 11179 11180 11181
f 11182 11171 11181
f 11183 11182 11184
f 11185 11186 11187
f 11188 11189 11134
f 11189 11188 11190
f 11191 11192 11193
f 11134 11189 11160
f 11194 11195 11196
f 11197 11198 11193
f 11199 11200 11201
f 11202 11203 11204
f 11205 11206 11203
f 11207 11208 11209
f 11208 11207 11210
f 11207 11209 11211
f 11212 11213 11192
f 11214 11215 11216
f 11188 11217 11218
f 11219 11220 11221
f 11188 11222 11223
f 11222 11188 11224
f 11217 11225 11226
f 11225 11227 11228
f 11199 11229 11230
f 11185 11231 11232
f 11233 11234 11214
f 11235 11117 11236
f 11237 11238 11239
f 11235 11240 11241
f 11238 11242 11239
f 11219 11243 11244
f 11245 11246 11247
f 11248 11243 11249
f 11243 11248 11244
f 11214 11250 11251
f 11252 11233 11253
f 11233 11252 11250
f 11254 11223 11255
f 11256 11257 11258
f 11254 11245 11259
f 11245 11254 11258
f 11260 11245 11257
f 11261 11214 11251
f 11262 11263 11264
f 11260 11257 11265
f 11260 11265 11266
f 11267 11268 11269
f 11265 11256 11270
f 11271 11251 11263
f 11251 11271 11261
f 11272 11273 11274
f 11275 11264 11263
f 11273 11276 11274
f 11277 11278 11274
f 11279 11275 11280
f 11274 11281 11277
f 11264 11279 11282
f 11283 11279 11284
f 11279 11283 11282
f 11284 11285 11286
f 11250 11252 11287
f 11266 11286 11246
f 11283 11284 11266
f 11288 11289 11290
f 11289 11288 11291
f 11292 11293 11294
f 11295 11290 11289
f 11296 11287 11297
f 11298 11299 11238
f 11117 11300 11298
f 11301 11302 11303
f 11304 11253 11242
f 11236 11117 11298
f 11305 11306 11307
f 11308 11309 11310
f 11309 11308 11311
f 11304 11312 11313
f 11312 11304 11238
f 11314 11315 11308
f 11315 11314 11316
f 11314 11308 11317
f 11310 11309 11318
f 11310 11318 11319
f 11320 11303 11321
f 11322 11323 11324
f 11325 11326 11327
f 11328 11325 11329
f 11329 11287 11328
f 11324 11330 11323
f 11330 11324 11322
f 11324 11326 11331
f 11332 11300 11333
f 11334 11323 11335
f 11336 11299 11333
f 11337 11336 11338
f 11322 11324 11331
f 11330 11322 11339
f 11331 11220 11322
f 11340 11341 11342
f 11299 11337 11343
f 11338 11344 11345
f 11333 11300 11346
f 11347 11348 11349
f 11350 11349 11351
f 11349 11350 11347
f 11349 11352 11351
f 11352 11353 11351
f 11353 11352 11354
f 11355 11356 11357
f 11358 11359 11360
f 11343 11358 11360
f 11359 11361 11360
f 11362 11363 11364
f 11365 11366 11367
f 11368 11369 11365
f 11369 11368 11370
f 11371 11372 11373
f 11374 11375 11376
f 11377 11378 11379
f 11378 11380 11374
f 11380 11378 11381
f 11381 11378 11382
f 11381 11362 11383
f 11384 11385 11386
f 11385 11384 11387
f 11381 11388 11380
f 11383 11362 11389
f 11390 11373 11372
f 11373 11390 11363
f 11388 11383 11391
f 11389 11364 11392
f 11365 11367 11393
f 11386 11385 11394
f 11392 11395 11396
f 11397 11398 11399
f 11400 11401 11402
f 11393 11403 11404
f 11394 11405 11406
f 11407 11394 11408
f 11384 11386 11402
f 11400 11409 11410
f 11409 11400 11411
f 11412 11384 11402
f 11413 11414 11415
f 11416 11399 11417
f 11368 11404 11418
f 11408 11394 11406
f 11396 11419 11420
f 11408 11411 11407
f 11402 11386 11407
f 11400 11407 11411
f 11407 11400 11402
f 11412 11402 11401
f 11398 11421 11417
f 11399 11398 11417
f 11406 11422 11423
f 11422 11406 11424
f 11425 11426 11427
f 11415 11428 11429
f 11410 11409 11413
f 11430 11431 11432
f 11431 11433 11432
f 11421 11420 11434
f 11434 11420 11435
f 11422 11375 11423
f 11375 11422 11436
f 11437 11406 11423
f 11417 11421 11434
f 11437 11423 11426
f 11411 11437 11426
f 11414 11411 11425
f 11416 11417 11438
f 11414 11425 11428
f 11417 11434 11438
f 11438 11434 11439
f 11439 11435 11440
f 11426 11423 11375
f 11427 11426 11375
f 11374 11380 11427
f 11428 11425 11441
f 11427 11380 11441
f 11425 11427 11441
f 11441 11429 11428
f 11429 11441 11380
f 11429 11380 11388
f 11376 11442 11379
f 11379 11378 11374
f 11379 11443 11444
f 11443 11379 11445
f 11443 11446 11444
f 11446 11443 11447
f 11448 11368 11418
f 11449 11450 11451
f 11446 11452 11453
f 11454 11455 11456
f 11457 11458 11459
f 11458 11457 11460
f 11459 11461 11457
f 11447 11443 11462
f 11444 11446 11463
f 11462 11464 11465
f 11466 11403 11467
f 11463 11446 11468
f 11454 11456 11469
f 11460 11470 11471
f 11470 11460 11457
f 11472 11449 11473
f 11474 11469 11468
f 11469 11474 11475
f 11474 11453 11476
f 11477 11478 11472
f 11479 11480 11481
f 11471 11482 11481
f 11482 11471 11483
f 11472 11478 11450
f 11484 11379 11485
f 11444 11479 11379
f 11479 11485 11379
f 11482 11486 11481
f 11481 11486 11479
f 11487 11488 11489
f 11447 11490 11491
f 11490 11447 11492
f 11493 11494 11464
f 11490 11495 11491
f 11495 11490 11496
f 11497 11498 11447
f 11498 11499 11500
f 11499 11498 11501
f 11502 11484 11445
f 11503 11502 11504
f 11502 11495 11505
f 11495 11502 11506
f 11505 11507 11502
f 11508 11509 11510
f 11505 11495 11496
f 11511 11505 11512
f 11491 11497 11447
f 11505 11496 11512
f 11492 11447 11498
f 11490 11513 11496
f 11492 11514 11513
f 11514 11515 11516
f 11478 11450 11510
f 11517 11514 11516
f 11508 11450 11518
f 11450 11519 11518
f 11499 11501 11520
f 11503 11521 11484
f 11518 11522 11521
f 11523 11524 11508
f 11525 11526 11527
f 11504 11528 11529
f 11445 11506 11502
f 11504 11502 11507
f 11530 11531 11532
f 11531 11530 11495
f 11533 11534 11535
f 11536 11537 11538
f 11530 11502 11495
f 11539 11540 11541
f 11515 11542 11543
f 11544 11545 11546
f 11495 11502 11547
f 11548 11495 11547
f 11534 11549 11445
f 11495 11549 11533
f 11550 11533 11535
f 11497 11551 11552
f 11495 11533 11531
f 11532 11531 11550
f 11553 11554 11555
f 11556 11532 11557
f 11532 11556 11530
f 11550 11535 11497
f 11497 11558 11559
f 11557 11532 11560
f 11557 11560 11561
f 11555 11554 11562
f 11563 11564 11565
f 11564 11563 11553
f 11555 11536 11538
f 11553 11555 11564
f 11566 11561 11515
f 11563 11565 11567
f 11555 11538 11565
f 11568 11569 11570
f 11569 11568 11567
f 11502 11568 11570
f 11537 11571 11572
f 11567 11568 11563
f 11573 11574 11575
f 11445 11547 11576
f 11502 11570 11547
f 11575 11526 11573
f 11493 11577 11578
f 11579 11580 11581
f 11580 11579 11582
f 11578 11579 11493
f 11583 11535 11584
f 11445 11585 11586
f 11535 11587 11584
f 11588 11589 11571
f 11589 11588 11590
f 11591 11592 11593
f 11445 11591 11594
f 11595 11596 11597
f 11583 11593 11598
f 11593 11583 11599
f 11600 11601 11602
f 11601 11600 11603
f 11546 11604 11605
f 11597 11596 11589
f 11599 11583 11606
f 11584 11607 11583
f 11603 11600 11608
f 11609 11589 11590
f 11610 11611 11612
f 11613 11614 11615
f 11588 11616 11572
f 11602 11601 11617
f 11610 11612 11445
f 11618 11619 11620
f 11621 11618 11620
f 11610 11445 11594
f 11622 11578 11493
f 11623 11610 11624
f 11625 11626 11587
f 11625 11587 11627
f 11628 11627 11629
f 11623 11630 11629
f 11631 11632 11633
f 11629 11627 11634
f 11635 11636 11637
f 11636 11635 11638
f 11639 11640 11641
f 11642 11643 11644
f 11624 11642 11645
f 11642 11624 11610
f 11646 11647 11648
f 11649 11650 11646
f 11651 11652 11653
f 11654 11649 11648
f 11655 11656 11657
f 11656 11655 11658
f 11659 11660 11661
f 11660 11659 11662
f 11663 11662 11659
f 11658 11664 11665
f 11666 11667 11668
f 11669 11652 11670
f 11671 11672 11673
f 11674 11669 11675
f 11673 11675 11670
f 11676 11677 11678
f 11652 11679 11653
f 11659 11661 11680
f 11681 11651 11682
f 11651 11661 11682
f 11683 11684 11685
f 11684 11683 11686
f 11687 11688 11689
f 11688 11687 11690
f 11687 11691 11690
f 11692 11693 11694
f 11695 11696 11697
f 11696 11695 11698
f 11699 11700 11701
f 11702 11683 11685
f 11683 11702 11703
f 11688 11704 11705
f 11706 11707 11698
f 11689 11493 11687
f 11703 11708 11683
f 11698 11705 11709
f 11705 11698 11710
f 11711 11712 11713
f 11714 11698 11695
f 11697 11714 11695
f 11715 11697 11716
f 11702 11685 11717
f 11702 11717 11718
f 11719 11720 11721
f 11722 11723 11724
f 11712 11725 11726
f 11727 11728 11729
f 11730 11731 11732
f 11733 11734 11735
f 11736 11727 11729
f 11737 11738 11739
f 11736 11740 11741
f 11742 11743 11744
f 11745 11746 11747
f 11748 11744 11743
f 11744 11748 11749
f 11750 11751 11752
f 11753 11754 11755
f 11749 11748 11756
f 11757 11748 11758
f 11759 11757 11760
f 11759 11761 11762
f 11761 11759 11763
f 11764 11765 11766
f 11766 11767 11764
f 11767 11766 11768
f 11767 11768 11753
f 11755 11754 11746
f 11769 11770 11771
f 11772 11773 11774
f 11773 11772 11775
f 11776 11777 11744
f 11747 11778 11779
f 11780 11781 11782
f 11783 11784 11785
f 11780 11782 11786
f 11787 11788 11789
f 11789 11790 11791
f 11790 11792 11793
f 11794 11795 11796
f 11779 11797 11798
f 11799 11800 11797
f 11801 11802 11803
f 11804 11805 11806
f 11805 11804 11807
f 11808 11805 11807
f 11809 11810 11811
f 11810 11812 11813
f 11814 11815 11816
f 11810 11813 11817
f 11816 11815 11817
f 11818 11808 11819
f 11820 11821 11822
f 11817 11823 11824
f 11823 11817 11825
f 11818 11819 11826
f 11827 11828 11826
f 11828 11827 11829
f 11830 11826 11819
f 11826 11830 11822
f 11824 11831 11832
f 11831 11824 11823
f 11833 11834 11835
f 11818 11826 11828
f 11832 11835 11801
f 11836 11837 11838
f 11834 11802 11835
f 11804 11806 11839
f 11840 11841 11842
f 11843 11844 11845
f 11846 11847 11848
f 11849 11850 11847
f 11850 11849 11841
f 11851 11852 11853
f 11852 11851 11854
f 11855 11856 11857
f 11856 11855 11858
f 11858 11859 11845
f 11860 11845 11844
f 11843 11861 11862
f 11861 11843 11848
f 11863 11864 11865
f 11866 11863 11865
f 11867 11863 11868
f 11866 11869 11868
f 11869 11866 11870
f 11866 11865 11870
f 11868 11869 11871
f 11871 11869 11872
f 11873 11874 11875
f 11876 11877 11846
f 11878 11879 11880
f 11848 11881 11882
f 11883 11884 11885
f 11886 11885 11887
f 11885 11888 11887
f 11866 11889 11890
f 11889 11866 11891
f 11892 11893 11882
f 11894 11877 11848
f 11892 11882 11895
f 11876 11846 11896
f 11897 11898 11896
f 11897 11896 11846
f 11846 11896 11876
f 11846 11876 11877
f 11899 11900 11883
f 11883 11900 11901
f 11876 11896 11902
f 11903 11904 11905
f 11906 11907 11901
f 11908 11909 11910
f 11911 11912 11913
f 11914 11915 11916
f 11917 11918 11919
f 11920 11921 11922
f 11919 11923 11924
f 11922 11921 11925
f 11926 11927 11928
f 11929 11914 11930
f 11931 11932 11933
f 11934 11935 11936
f 11935 11934 11937
f 11932 11938 11933
f 11932 11933 11939
f 11940 11941 11942
f 11943 11944 11945
f 11946 11947 11944
f 11944 11948 11946
f 11949 11950 11951
f 11952 11953 11954
f 11942 11955 11940
f 11942 11956 11957
f 11958 11959 11945
f 11960 11961 11947
f 11957 11956 11962
f 11963 11960 11944
f 11960 11963 11964
f 11960 11964 11946
f 11965 11966 11967
f 11968 11940 11969
f 11970 11971 11972
f 11971 11970 11973
f 11970 11968 11973
f 11940 11969 11968
f 11974 11975 11976
f 11977 11978 11979
f 11980 11981 11982
f 11983 11975 11984
f 11984 11985 11986
f 11984 11986 11987
f 11980 11977 11988
f 11977 11979 11988
f 11968 11989 11990
f 11991 11992 11993
f 11969 11968 11940
f 11968 11969 11994
f 11995 11994 11969
f 11968 11996 11997
f 11998 11999 12000
f 12001 12002 12003
f 12002 12001 12004
f 12005 12006 12007
f 12008 12006 12009
f 12010 12011 12012
f 12002 12013 12003
f 12014 12015 12016
f 12017 12018 12019
f 12020 12021 12022
f 12023 12014 12024
f 12025 12026 12027
f 12028 12029 12030
f 12031 12032 12033
f 12034 12035 12036
f 12036 12037 12038
f 12037 12036 12035
f 12023 12015 12016
f 12023 12039 12032
f 12023 12016 12024
f 12040 12041 12042
f 12043 12040 12044
f 12045 12046 12047
f 12031 12033 12048
f 12024 12049 12050
f 12024 12050 12039
f 12051 12052 12053
f 12031 12048 12054
f 12053 12052 12055
f 12056 12043 12057
f 12058 12059 12060
f 12061 12044 12062
f 12061 12062 12063
f 12064 12065 12050
f 12046 12066 12067
f 12041 12068 12042
f 12069 12070 12071
f 12070 12069 12023
f 12032 12023 12069
f 12069 12072 12039
f 12073 12074 12075
f 12076 12077 12078
f 12079 12080 12081
f 12081 12080 12082
f 12083 12084 12041
f 12085 12086 12083
f 12041 12087 12088
f 12089 12090 12070
f 12091 12092 12093
f 12094 12095 12089
f 12096 12097 12098
f 12090 12099 12100
f 12089 12101 12102
f 12103 12016 12104
f 12105 12106 12107
f 12105 12107 12108
f 12108 12109 12110
f 12111 12112 12102
f 12113 12041 12114
f 12041 12113 12115
f 12116 12117 12118
f 12119 12120 12100
f 12100 12120 12116
f 12121 12122 12104
f 12123 12124 12113
f 12125 12126 12127
f 12128 12129 12130
f 12131 12128 12132
f 12085 12133 12134
f 12135 12131 12136
f 12137 12138 12139
f 12140 12141 12142
f 12143 12144 12145
f 12146 12147 12148
f 12147 12146 12149
f 12150 12137 12151
f 12152 12085 12153
f 12154 12085 12134
f 12155 12156 12157
f 12158 12159 12160
f 12146 12156 12149
f 12156 12146 12161
f 12162 12149 12163
f 12149 12162 12147
f 12156 12161 12164
f 12144 12165 12162
f 12166 12152 12167
f 12166 12168 12169
f 12170 12169 12168
f 12171 12155 12172
f 12163 12144 12162
f 12144 12163 12171
f 12145 12171 12172
f 12173 12174 12175
f 12174 12173 12143
f 12176 12177 12178
f 12179 12143 12173
f 12130 12180 12181
f 12180 12130 12182
f 12183 12184 12185
f 12184 12183 12186
f 12187 12188 12189
f 12190 12191 12192
f 12130 12193 12194
f 12180 12195 12196
f 12195 12180 12182
f 12197 12198 12199
f 12196 12195 12090
f 12200 12201 12202
f 12203 12133 12085
f 12133 12204 12205
f 12090 12187 12196
f 12180 12206 12207
f 12208 12209 12210
f 12209 12208 12207
f 12211 12212 12213
f 12214 12215 12216
f 12217 12218 12214
f 12219 12187 12220
f 12208 12221 12222
f 12223 12224 12225
f 12226 12227 12228
f 12223 12225 12229
f 12230 12231 12232
f 12230 12233 12234
f 12235 12232 12236
f 12237 12238 12239
f 12240 12241 12242
f 12241 12240 12243
f 12244 12245 12246
f 12247 12248 12249
f 12250 12239 12251
f 12239 12250 12252
f 12252 12250 12253
f 12253 12254 12252
f 12255 12256 12257
f 12258 12259 12260
f 12261 12260 12262
f 12263 12261 12262
f 12264 12265 12266
f 12267 12268 12269
f 12245 12246 12270
f 12239 12251 12271
f 12239 12271 12272
f 12273 12274 12275
f 12239 12272 12276
f 12273 12272 12271
f 12272 12275 12277
f 12275 12278 12279
f 12278 12280 12279
f 12267 12281 12282
f 12283 12284 12285
f 12286 12287 12288
f 12289 12272 12283
f 12272 12289 12290
f 12291 12292 12293
f 12294 12295 12296
f 12289 12297 12298
f 12283 12299 12300
f 12301 12302 12303
f 12304 12305 12306
f 12305 12304 12307
f 12307 12308 12305
f 12309 12272 12310
f 12311 12312 12313
f 12314 12315 12316
f 12314 12317 12313
f 12318 12319 12320
f 12318 12320 12321
f 12321 12322 12323
f 12324 12321 12323
f 12325 12326 12327
f 12328 12329 12330
f 12331 12332 12333
f 12332 12331 12334
f 12335 12325 12336
f 12337 12335 12336
f 12338 12339 12245
f 12340 12313 12314
f 12341 12342 12343
f 12341 12344 12345
f 12346 12347 12348
f 12349 12350 12351
f 12352 12353 12354
f 12354 12353 12355
f 12340 12338 12356
f 12357 12358 12359
f 12245 12338 12360
f 12338 12245 12356
f 12358 12361 12362
f 12363 12364 12358
f 12365 12363 12366
f 12356 12245 12367
f 12368 12360 12369
f 12370 12368 12369
f 12340 12371 12356
f 12340 12361 12372
f 12340 12356 12373
f 12374 12375 12376
f 12377 12378 12379
f 12380 12377 12381
f 12382 12383 12384
f 12385 12386 12387
f 12376 12388 12389
f 12390 12391 12392
f 12385 12245 12393
f 12393 12340 12394
f 12340 12393 12395
f 12391 12396 12397
f 12393 12245 12398
f 12399 12400 12401
f 12402 12403 12314
f 12403 12402 12404
f 12403 12405 12406
f 12407 12408 12409
f 12393 12385 12410
f 12393 12410 12411
f 12405 12412 12413
f 12414 12415 12416
f 12417 12407 12408
f 12418 12419 12420
f 12421 12422 12423
f 12417 12408 12424
f 12423 12425 12421
f 12426 12427 12428
f 12429 12404 12430
f 12431 12430 12432
f 12433 12434 12431
f 12435 12436 12437
f 12438 12439 12440
f 12417 12407 12441
f 12442 12443 12425
f 12444 12445 12407
f 12425 12446 12447
f 12448 12449 12450
f 12450 12451 12452
f 12448 12450 12452
f 12453 12454 12429
f 12453 12429 12452
f 12420 12455 12456
f 12456 12455 12457
f 12458 12459 12460
f 12461 12458 12460
f 12444 12462 12463
f 12464 12465 12466
f 12467 12468 12469
f 12470 12471 12465
f 12472 12473 12474
f 12475 12474 12473
f 12476 12477 12478
f 12479 12476 12480
f 12481 12482 12483
f 12484 12485 12486
f 12487 12488 12489
f 12490 12491 12492
f 12493 12494 12495
f 12496 12497 12498
f 12496 12499 12500
f 12501 12502 12503
f 12504 12505 12506
f 12507 12508 12509
f 12510 12511 12512
f 12502 12513 12514
f 12515 12516 12517
f 12516 12515 12518
f 12519 12520 12521
f 12517 12522 12521
f 12523 12524 12525
f 12526 12527 12528
f 12529 12530 12531
f 12532 12533 12534
f 12535 12536 12537
f 12516 12538 12539
f 12537 12536 12540
f 12541 12539 12538
f 12542 12541 12543
f 12541 12542 12544
f 12538 12522 12541
f 12526 12545 12546
f 12547 12532 12533
f 12548 12547 12549
f 12550 12551 12552
f 12553 12554 12555
f 12556 12557 12558
f 12559 12560 12561
f 12562 12561 12563
f 12562 12563 12564
f 12565 12566 12553
f 12566 12565 12563
f 12567 12568 12569
f 12570 12571 12554
f 12564 12565 12572
f 12572 12573 12574
f 12575 12576 12577
f 12575 12577 12578
f 12579 12580 12581
f 12579 12532 12582
f 12583 12584 12585
f 12583 12586 12587
f 12588 12589 12590
f 12584 12591 12592
f 12593 12594 12595
f 12596 12597 12582
f 12596 12598 12599
f 12586 12600 12601
f 12588 12602 12603
f 12586 12582 12604
f 12600 12605 12606
f 12607 12608 12609
f 12610 12611 12612
f 12613 12614 12615
f 12615 12616 12617
f 12618 12619 12620
f 12621 12622 12623
f 12624 12625 12626
f 12627 12628 12629
f 12630 12631 12632
f 12633 12634 12635
f 12636 12637 12638
f 12639 12633 12640
f 12640 12641 12642
f 12643 12644 12645
f 12646 12647 12648
f 12648 12647 12649
f 12648 12650 12651
f 12652 12653 12654
f 12655 12656 12657
f 12658 12659 12660
f 12659 12658 12661
f 12662 12663 12664
f 12665 12666 12667
f 12668 12669 12670
f 12668 12670 12671
f 12672 12673 12674
f 12675 12676 12677
f 12678 12679 12680
f 12681 12682 12680
f 12683 12684 12678
f 12685 12686 12687
f 12688 12689 12690
f 12691 12692 12693
f 12694 12692 12695
f 12696 12690 12689
f 12687 12697 12698
f 12699 12700 12701
f 12689 12702 12703
f 12704 12705 12706
f 12707 12698 12701
f 12701 12698 12697
f 12707 12700 12708
f 12704 12709 12710
f 12711 12712 12713
f 12714 12715 12716
f 12717 12718 12719
f 12720 12721 12685
f 12722 12723 12724
f 12723 12722 12725
f 12726 12727 12719
f 12717 12725 12728
f 12723 12719 12727
f 12725 12722 12729
f 12730 12731 12732
f 12733 12732 12734
f 12735 12733 12736
f 12737 12738 12739
f 12732 12731 12734
f 12685 12720 12740
f 12741 12685 12742
f 12743 12744 12745
f 12746 12747 12748
f 12749 12711 12750
f 12742 12726 12751
f 12752 12751 12726
f 12752 12753 12754
f 12747 12750 12711
f 12755 12756 12757
f 12747 12758 12748
f 12759 12760 12761
f 12759 12761 12762
f 12759 12762 12763
f 12720 12764 12740
f 12765 12720 12766
f 12767 12765 12766
f 12768 12769 12765
f 12770 12771 12772
f 12773 12772 12774
f 12775 12776 12777
f 12769 12774 12772
f 12774 12769 12778
f 12779 12780 12781
f 12780 12779 12782
f 12783 12784 12785
f 12786 12779 12781
f 12767 12787 12788
f 12786 12789 12781
f 12790 12720 12791
f 12767 12792 12791
f 12793 12794 12795
f 12790 12791 12792
f 12796 12790 12797
f 12790 12796 12798
f 12792 12799 12797
f 12800 12801 12802
f 12789 12803 12804
f 12783 12805 12806
f 12807 12808 12809
f 12810 12811 12812
f 12767 12813 12814
f 12815 12816 12814
f 12810 12812 12817
f 12813 12818 12819
f 12820 12803 12821
f 12821 12803 12822
f 12808 12823 12809
f 12824 12825 12826
f 12825 12824 12787
f 12809 12823 12827
f 12828 12829 12803
f 12829 12828 12830
f 12831 12828 12803
f 12832 12826 12833
f 12834 12835 12836
f 12837 12838 12839
f 12838 12837 12840
f 12841 12842 12843
f 12834 12836 12842
f 12839 12838 12844
f 12840 12845 12846
f 12838 12840 12846
f 12838 12846 12847
f 12848 12849 12850
f 12851 12852 12853
f 12854 12855 12856
f 12848 12857 12858
f 12857 12848 12850
f 12852 12859 12860
f 12861 12859 12862
f 12857 12850 12863
f 12863 12850 12864
f 12865 12866 12867
f 12868 12869 12870
f 12870 12869 12871
f 12872 12863 12873
f 12863 12872 12850
f 12859 12852 12874
f 12852 12859 12875
f 12864 12876 12877
f 12878 12879 12859
f 12864 12863 12850
f 12875 12880 12881
f 12875 12881 12882
f 12883 12884 12873
f 12883 12873 12885
f 12886 12887 12888
f 12889 12890 12891
f 12891 12890 12892
f 12886 12888 12893
f 12894 12895 12896
f 12897 12898 12899
f 12900 12901 12902
f 12903 12904 12905
f 12906 12907 12908
f 12909 12910 12911
f 12912 12913 12914
f 12915 12916 12917
f 12918 12917 12916
f 12919 12920 12921
f 12921 12920 12912
f 12922 12923 12924
f 12923 12922 12925
f 12913 12926 12927
f 12928 12929 12930
f 12931 12932 12933
f 12932 12934 12933
f 12935 12936 12937
f 12938 12939 12906
f 12935 12940 12941
f 12942 12943 12935
f 12944 12945 12946
f 12947 12948 12949
f 12947 12950 12951
f 12952 12953 12954
f 12955 12956 12957
f 12938 12906 12958
f 12959 12960 12961
f 12962 12963 12964
f 12965 12966 12967
f 12968 12969 12970
f 12971 12972 12973
f 12972 12971 12974
f 12975 12976 12977
f 12975 12977 12978
f 12970 12979 12980
f 12970 12975 12981
f 12975 12970 12980
f 12982 12983 12984
f 12985 12986 12987
f 12964 12988 12963
f 12988 12964 12962
f 12964 12963 12989
f 12990 12991 12992
f 12993 12994 12995
f 12996 12997 12998
f 12995 12906 12999
f 13000 13001 13002
f 13001 13000 12998
f 12985 13003 13004
f 12987 12986 13005
f 12987 13005 13006
f 12998 12997 13001
f 13007 13008 13009
f 13008 13007 13004
f 13010 13011 13012
f 13013 13014 13015
f 12963 12964 13016
f 12962 13016 12964
f 12962 12964 13017
f 13018 13019 12990
f 13019 13018 13020
f 13021 12962 13017
f 12962 13021 13022
f 13023 13024 13025
f 13026 12990 13019
f 13027 13028 13029
f 12999 13030 13031
f 13032 13033 13034
f 13033 13032 13035
f 13025 13036 13037
f 13038 13039 13040
f 13041 13042 13043
f 13044 13045 13039
f 13046 13022 13021
f 12962 12964 13047
f 13048 13049 13050
f 13051 13052 13053
f 13052 13051 13054
f 13055 13056 13051
f 13057 13021 13046
f 13021 13057 13047
f 13058 13059 13060
f 13061 13062 13063
f 13052 13064 13065
f 13047 13057 12962
f 13066 13067 13068
f 13069 13036 13070
f 13036 13069 13071
f 13059 13036 13071
f 13054 13051 13056
f 13072 13061 13054
f 13070 13036 13058
f 13073 13074 13075
f 13060 13076 13074
f 13077 13078 13079
f 13059 13071 13080
f 13050 13049 13081
f 13057 13082 13083
f 13084 13085 13086
f 13069 13080 13087
f 13088 13089 13090
f 13091 13092 13093
f 13094 13087 13095
f 13096 13097 13077
f 13098 13097 13099
f 13098 13099 13080
f 13047 13057 13083
f 13100 13084 13086
f 13084 13100 13101
f 13102 13103 13104
f 13100 13049 13105
f 13105 13106 13050
f 13106 13105 13049
f 13107 13108 13078
f 13109 13110 13111
f 13070 13094 13095
f 13112 13113 13114
f 13115 13069 13087
f 13095 13087 13099
f 13096 13077 13116
f 13117 13118 13119
f 13120 13121 13066
f 13102 13104 13122
f 13107 13098 13122
f 13047 13083 13123
f 13124 13091 13125
f 13091 13124 13126
f 13122 13050 13127
f 13086 13128 13129
f 13128 13086 13130
f 13120 13131 13132
f 13021 13133 13134
f 13135 13089 13136
f 13089 13135 13090
f 13105 13137 13138
f 13137 13105 13139
f 13133 13140 13141
f 13133 13141 13134
f 13142 13083 13143
f 13021 13083 13144
f 13145 13146 13147
f 13148 13146 13137
f 13145 13147 13149
f 13150 13151 13152
f 13153 13154 13155
f 13154 13153 13156
f 13118 13152 13157
f 13152 13118 13158
f 13159 13160 13161
f 13159 13161 13162
f 13163 13164 13165
f 13166 13165 13167
f 13165 13166 13168
f 13167 13164 13153
f 13166 13153 13155
f 13118 13157 13162
f 13169 13165 13170
f 13170 13165 13168
f 13161 13171 13162
f 13168 13155 13172
f 13154 13173 13155
f 13172 13155 13173
f 13174 13105 13173
f 13174 13175 13139
f 13138 13137 13176
f 13177 13174 13178
f 13174 13177 13179
f 13180 13181 13182
f 13181 13180 13183
f 13150 13180 13182
f 13184 13185 13150
f 13185 13184 13186
f 13187 13188 13133
f 13189 13190 13191
f 13192 13193 13133
f 13193 13192 13194
f 13186 13195 13185
f 13195 13186 13196
f 13197 13198 13155
f 13195 13199 13185
f 13200 13178 13201
f 13128 13202 13199
f 13128 13199 13203
f 13128 13200 13201
f 13177 13196 13179
f 13196 13177 13200
f 13204 13205 13206
f 13207 13164 13208
f 13209 13197 13174
f 13186 13210 13211
f 13212 13213 13214
f 13215 13207 13208
f 13216 13207 13217
f 13181 13183 13218
f 13182 13181 13158
f 13133 13193 13219
f 13181 13218 13189
f 13220 13219 13193
f 13221 13222 13215
f 13222 13221 13223
f 13193 13194 13224
f 13220 13193 13224
f 13225 13190 13226
f 13224 13143 13227
f 13220 13224 13227
f 13197 13222 13228
f 13155 13229 13197
f 13211 13230 13186
f 13230 13211 13179
f 13209 13174 13179
f 13231 13232 13233
f 13202 13234 13235
f 13193 13236 13192
f 13237 13193 13194
f 13238 13239 13235
f 13240 13241 13206
f 13241 13240 13242
f 13238 13243 13244
f 13245 13246 13247
f 13231 13233 13238
f 13238 13244 13231
f 13248 13249 13250
f 13241 13242 13251
f 13252 13253 13251
f 13254 13234 13255
f 13234 13254 13256
f 13257 13258 13259
f 13260 13249 13261
f 13249 13260 13250
f 13262 13263 13248
f 13263 13262 13245
f 13089 13264 13254
f 13243 13265 13244
f 13265 13256 13266
f 13261 13267 13260
f 13266 13268 13265
f 13260 13267 13262
f 13250 13260 13262
f 13262 13248 13250
f 13269 13136 13270
f 13271 13272 13273
f 13247 13271 13201
f 13232 13274 13275
f 13274 13232 13276
f 13245 13262 13267
f 13268 13277 13278
f 13263 13245 13274
f 13247 13201 13275
f 13247 13274 13245
f 13274 13247 13275
f 13263 13274 13276
f 13264 13279 13280
f 13280 13219 13281
f 13277 13282 13283
f 13283 13278 13277
f 13232 13275 13284
f 13285 13286 13237
f 13287 13288 13289
f 13234 13254 13290
f 13254 13234 13291
f 13292 13293 13294
f 13295 13296 13258
f 13297 13269 13270
f 13297 13298 13236
f 13299 13300 13301
f 13302 13303 13304
f 13305 13236 13298
f 13292 13294 13306
f 13307 13292 13308
f 13309 13295 13258
f 13292 13306 13308
f 13306 13310 13311
f 13290 13304 13312
f 13313 13314 13315
f 13312 13234 13290
f 13275 13316 13317
f 13316 13275 13311
f 13318 13304 13303
f 13319 13320 13321
f 13290 13254 13301
f 13304 13300 13302
f 13321 13322 13323
f 13301 13280 13299
f 13324 13302 13325
f 13319 13321 13323
f 13325 13299 13326
f 13323 13322 13327
f 13327 13322 13317
f 13328 13317 13316
f 13317 13328 13327
f 13323 13327 13328
f 13329 13330 13331
f 13330 13332 13331
f 13307 13332 13333
f 13311 13275 13308
f 13306 13311 13308
f 13334 13335 13336
f 13337 13338 13335
f 13338 13337 13339
f 13340 13341 13254
f 13341 13342 13343
f 13344 13345 13269
f 13346 13347 13344
f 13254 13301 13348
f 13349 13350 13269
f 13350 13349 13351
f 13352 13353 13354
f 13353 13352 13336
f 13355 13356 13357
f 13356 13355 13358
f 13359 13356 13358
f 13336 13352 13360
f 13353 13361 13354
f 13352 13362 13363
f 13364 13365 13366
f 13367 13368 13369
f 13367 13370 13371
f 13335 13338 13372
f 13338 13373 13372
f 13364 13366 13374
f 13375 13364 13376
f 13377 13378 13379
f 13378 13377 13380
f 13381 13340 13254
f 13340 13381 13382
f 13357 13383 13355
f 13383 13384 13385
f 13373 13386 13361
f 13360 13352 13363
f 13387 13360 13388
f 13360 13387 13389
f 13381 13254 13348
f 13380 13377 13357
f 13390 13373 13348
f 13391 13363 13392
f 13363 13391 13360
f 13378 13387 13388
f 13392 13378 13391
f 13348 13301 13390
f 13345 13347 13349
f 13349 13347 13351
f 13360 13391 13388
f 13393 13394 13395
f 13337 13396 13397
f 13396 13337 13339
f 13398 13346 13399
f 13400 13401 13334
f 13388 13402 13403
f 13402 13388 13404
f 13405 13382 13406
f 13407 13408 13400
f 13382 13396 13339
f 13338 13405 13409
f 13388 13380 13404
f 13380 13388 13410
f 13411 13412 13413
f 13414 13415 13389
f 13416 13417 13418
f 13349 13398 13347
f 13419 13350 13349
f 13269 13341 13406
f 13403 13420 13388
f 13349 13347 13419
f 13349 13350 13421
f 13422 13423 13424
f 13352 13400 13408
f 13400 13352 13403
f 13396 13425 13397
f 13407 13397 13425
f 13426 13427 13408
f 13412 13428 13413
f 13408 13425 13426
f 13425 13409 13426
f 13427 13409 13429
f 13430 13431 13341
f 13406 13341 13431
f 13432 13433 13424
f 13402 13400 13403
f 13343 13424 13434
f 13435 13436 13437
f 13438 13439 13440
f 13441 13442 13443
f 13440 13444 13445
f 13444 13440 13439
f 13440 13445 13446
f 13447 13448 13449
f 13448 13447 13450
f 13451 13399 13452
f 13399 13451 13453
f 13454 13347 13349
f 13347 13455 13349
f 13456 13457 13458
f 13457 13456 13459
f 13445 13460 13446
f 13460 13445 13461
f 13445 13462 13461
f 13462 13445 13444
f 13463 13464 13461
f 13463 13461 13462
f 13465 13466 13459
f 13444 13467 13468
f 13467 13469 13468
f 13469 13467 13470
f 13462 13444 13468
f 13462 13468 13463
f 13464 13471 13472
f 13471 13464 13473
f 13465 13474 13475
f 13476 13465 13475
f 13456 13477 13478
f 13477 13437 13478
f 13449 13448 13469
f 13479 13480 13481
f 13471 13473 13482
f 13483 13481 13484
f 13471 13482 13450
f 13485 13443 13442
f 13486 13487 13480
f 13488 13447 13489
f 13447 13488 13450
f 13490 13491 13492
f 13493 13490 13494
f 13454 13349 13495
f 13496 13495 13455
f 13490 13497 13494
f 13498 13446 13499
f 13446 13498 13500
f 13446 13501 13502
f 13503 13399 13504
f 13349 13505 13455
f 13505 13349 13347
f 13500 13498 13440
f 13440 13439 13506
f 13507 13470 13504
f 13508 13509 13510
f 13511 13512 13513
f 13512 13511 13514
f 13449 13447 13515
f 13495 13454 13349
f 13485 13442 13438
f 13498 13516 13438
f 13437 13517 13518
f 13399 13452 13451
f 13447 13519 13520
f 13521 13522 13523
f 13500 13508 13501
f 13508 13500 13506
f 13524 13525 13514
f 13525 13524 13526
f 13527 13528 13529
f 13512 13510 13515
f 13525 13508 13530
f 13512 13530 13531
f 13530 13514 13525
f 13508 13531 13530
f 13531 13508 13510
f 13509 13507 13510
f 13532 13533 13534
f 13535 13536 13537
f 13515 13447 13538
f 13538 13513 13512
f 13513 13538 13539
f 13533 13540 13534
f 13510 13507 13515
f 13515 13538 13512
f 13538 13520 13539
f 13520 13538 13447
f 13520 13541 13542
f 13539 13520 13542
f 13542 13522 13543
f 13522 13542 13523
f 13443 13544 13442
f 13440 13545 13500
f 13545 13440 13439
f 13546 13399 13547
f 13548 13549 13550
f 13544 13551 13441
f 13545 13439 13552
f 13553 13500 13545
f 13553 13545 13554
f 13555 13500 13556
f 13500 13555 13557
f 13553 13558 13556
f 13558 13555 13556
f 13545 13552 13554
f 13554 13507 13559
f 13507 13554 13560
f 13561 13554 13559
f 13553 13561 13562
f 13562 13561 13563
f 13554 13552 13560
f 13561 13559 13563
f 13563 13559 13564
f 13565 13507 13566
f 13565 13567 13559
f 13559 13567 13564
f 13564 13568 13563
f 13569 13540 13570
f 13571 13572 13573
f 13572 13571 13574
f 13567 13566 13574
f 13568 13575 13576
f 13575 13577 13576
f 13578 13576 13579
f 13578 13579 13519
f 13544 13443 13441
f 13443 13570 13580
f 13552 13581 13582
f 13583 13584 13585
f 13584 13583 13586
f 13587 13552 13439
f 13584 13588 13585
f 13589 13590 13591
f 13439 13552 13582
f 13581 13592 13593
f 13594 13595 13596
f 13595 13594 13597
f 13598 13599 13589
f 13580 13600 13601
f 13570 13438 13602
f 13603 13591 13590
f 13439 13604 13605
f 13604 13439 13582
f 13606 13599 13607
f 13589 13608 13609
f 13608 13589 13610
f 13598 13589 13609
f 13610 13611 13608
f 13611 13597 13608
f 13608 13597 13594
f 13607 13609 13596
f 13588 13601 13600
f 13612 13600 13570
f 13595 13597 13613
f 13594 13596 13609
f 13614 13615 13605
f 13615 13614 13616
f 13595 13602 13617
f 13618 13619 13620
f 13605 13621 13439
f 13605 13604 13622
f 13623 13624 13622
f 13624 13623 13620
f 13620 13614 13624
f 13604 13582 13625
f 13624 13614 13622
f 13623 13622 13626
f 13627 13625 13581
f 13625 13627 13626
f 13622 13625 13626
f 13623 13626 13628
f 13628 13627 13629
f 13627 13628 13626
f 13581 13630 13627
f 13631 13632 13633
f 13632 13631 13634
f 13627 13635 13629
f 13635 13627 13630
f 13630 13636 13631
f 13630 13631 13633
f 13629 13633 13637
f 13633 13629 13635
f 13636 13572 13631
f 13633 13632 13637
f 13632 13638 13639
f 13638 13632 13634
f 13639 13640 13632
f 13638 13641 13642
f 13567 13639 13643
f 13638 13642 13644
f 13645 13442 13646
f 13647 13648 13649
f 13650 13651 13652
f 13442 13443 13653
f 13443 13442 13651
f 13654 13647 13655
f 13656 13657 13658
f 13659 13660 13661
f 13660 13659 13662
f 13663 13572 13664
f 13442 13665 13651
f 13666 13667 13668
f 13664 13669 13670
f 13669 13664 13572
f 13671 13672 13645
f 13672 13671 13673
f 13674 13675 13657
f 13676 13672 13673
f 13672 13676 13677
f 13678 13679 13680
f 13681 13682 13674
f 13683 13684 13685
f 13684 13683 13686
f 13673 13657 13680
f 13680 13657 13675
f 13678 13680 13675
f 13673 13680 13687
f 13673 13687 13676
f 13687 13680 13679
f 13655 13647 13649
f 13654 13688 13689
f 13688 13654 13655
f 13689 13685 13690
f 13691 13692 13693
f 13694 13691 13693
f 13674 13695 13696
f 13675 13697 13678
f 13697 13675 13696
f 13685 13688 13698
f 13699 13697 13662
f 13697 13699 13678
f 13650 13693 13692
f 13693 13650 13652
f 13698 13693 13652
f 13696 13668 13700
f 13686 13652 13665
f 13662 13700 13660
f 13668 13669 13701
f 13669 13668 13667
f 13700 13668 13701
f 13700 13701 13660
f 13652 13651 13665
f 13660 13701 13661
f 13686 13438 13677
f 13686 13677 13684
f 13702 13677 13676
f 13677 13702 13684
f 13659 13661 13703
f 13704 13663 13705
f 13706 13707 13708
f 13709 13710 13711
f 13712 13713 13714
f 13715 13716 13717
f 13716 13715 13718
f 13719 13720 13721
f 13720 13719 13722
f 13723 13724 13725
f 13726 13727 13728
f 13729 13730 13721
f 13730 13729 13731
f 13732 13733 13734
f 13735 13736 13737
f 13738 13739 13740
f 13740 13739 13741
f 13742 13743 13744
f 13745 13746 13747
f 13740 13741 13748
f 13741 13739 13749
f 13649 13745 13747
f 13750 13746 13751
f 13749 13739 13752
f 13752 13753 13730
f 13716 13754 13755
f 13754 13751 13755
f 13747 13746 13756
f 13746 13755 13751
f 13750 13751 13735
f 13753 13757 13721
f 13730 13753 13721
f 13758 13730 13731
f 13750 13735 13756
f 13759 13731 13729
f 13731 13759 13758
f 13751 13760 13735
f 13709 13761 13762
f 13761 13709 13744
f 13733 13763 13734
f 13734 13763 13764
f 13729 13732 13759
f 13744 13709 13742
f 13742 13765 13766
f 13765 13742 13711
f 13748 13767 13740
f 13767 13748 13765
f 13768 13769 13770
f 13724 13710 13725
f 13771 13710 13738
f 13765 13771 13767
f 13771 13765 13711
f 13772 13773 13774
f 13768 13772 13774
f 13771 13738 13767
f 13762 13725 13709
f 13775 13755 13754
f 13776 13720 13733
f 13720 13776 13777
f 13778 13779 13780
f 13777 13781 13719
f 13781 13777 13721
f 13782 13755 13751
f 13721 13783 13757
f 13783 13721 13784
f 13777 13719 13785
f 13786 13787 13788
f 13789 13790 13742
f 13791 13782 13751
f 13783 13784 13792
f 13744 13709 13793
f 13794 13795 13743
f 13733 13763 13796
f 13776 13721 13777
f 13785 13763 13720
f 13743 13793 13742
f 13793 13743 13744
f 13733 13797 13776
f 13798 13799 13797
f 13800 13761 13744
f 13744 13743 13800
f 13793 13801 13742
f 13743 13790 13794
f 13751 13802 13791
f 13803 13804 13789
f 13805 13806 13791
f 13807 13780 13710
f 13808 13767 13809
f 13711 13809 13803
f 13809 13711 13801
f 13767 13803 13809
f 13807 13710 13810
f 13710 13809 13801
f 13808 13780 13779
f 13741 13811 13792
f 13792 13784 13799
f 13785 13720 13777
f 13784 13776 13799
f 13799 13776 13797
f 13802 13812 13805
f 13812 13775 13794
f 13791 13802 13805
f 13798 13797 13732
f 13798 13813 13814
f 13806 13812 13790
f 13813 13796 13815
f 13806 13790 13804
f 13812 13794 13790
f 13814 13813 13815
f 13789 13742 13711
f 13711 13803 13789
f 13816 13817 13818
f 13819 13820 13817
f 13820 13819 13821
f 13822 13823 13824
f 13823 13822 13825
f 13823 13825 13826
f 13826 13817 13827
f 13824 13823 13781
f 13781 13719 13824
f 13820 13818 13817
f 13818 13820 13828
f 13829 13830 13831
f 13832 13833 13788
f 13834 13818 13828
f 13820 13821 13835
f 13820 13835 13836
f 13836 13837 13828
f 13835 13838 13839
f 13840 13841 13842
f 13838 13843 13844
f 13825 13844 13843
f 13833 13845 13846
f 13827 13781 13826
f 13826 13781 13823
f 13842 13846 13830
f 13831 13847 13848
f 13849 13829 13850
f 13850 13829 13831
f 13831 13848 13850
f 13822 13824 13851
f 13846 13845 13830
f 13852 13853 13854
f 13822 13851 13855
f 13856 13857 13858
f 13851 13824 13858
f 13855 13851 13859
f 13860 13861 13854
f 13861 13860 13761
f 13862 13863 13847
f 13864 13857 13865
f 13854 13853 13860
f 13866 13858 13867
f 13868 13861 13869
f 13870 13839 13869
f 13839 13870 13835
f 13871 13864 13872
f 13866 13873 13874
f 13875 13873 13871
f 13873 13875 13876
f 13820 13836 13828
f 13836 13835 13870
f 13877 13878 13879
f 13880 13881 13834
f 13881 13880 13882
f 13883 13824 13884
f 13824 13883 13885
f 13886 13861 13837
f 13861 13886 13887
f 13888 13889 13890
f 13891 13880 13834
f 13892 13893 13882
f 13893 13892 13894
f 13895 13896 13897
f 13896 13895 13898
f 13899 13900 13901
f 13902 13903 13904
f 13893 13881 13882
f 13881 13893 13905
f 13906 13894 13892
f 13894 13906 13907
f 13881 13908 13909
f 13908 13881 13905
f 13893 13894 13905
f 13910 13824 13885
f 13824 13910 13911
f 13905 13912 13913
f 13912 13905 13894
f 13882 13914 13892
f 13904 13903 13890
f 13879 13915 13916
f 13894 13907 13912
f 13917 13918 13887
f 13878 13919 13879
f 13904 13920 13906
f 13920 13904 13890
f 13907 13906 13921
f 13922 13916 13918
f 13921 13906 13923
f 13920 13910 13923
f 13910 13920 13911
f 13921 13923 13910
f 13887 13918 13861
f 13890 13889 13924
f 13889 13925 13924
f 13926 13861 13918
f 13866 13910 13885
f 13866 13885 13883
f 13917 13887 13927
f 13886 13837 13908
f 13913 13912 13927
f 13897 13928 13883
f 13928 13897 13896
f 13866 13883 13928
f 13901 13900 13929
f 13909 13930 13881
f 13908 13905 13913
f 13816 13931 13888
f 13932 13933 13934
f 13933 13932 13935
f 13936 13937 13938
f 13939 13940 13941
f 13936 13942 13861
f 13935 13943 13944
f 13945 13946 13947
f 13946 13945 13948
f 13949 13950 13951
f 13950 13949 13952
f 13953 13954 13955
f 13834 13956 13944
f 13935 13932 13957
f 13944 13958 13935
f 13935 13959 13960
f 13959 13935 13957
f 13961 13962 13963
f 13962 13961 13964
f 13957 13948 13959
f 13948 13957 13946
f 13942 13965 13966
f 13960 13959 13967
f 13932 13968 13946
f 13959 13948 13967
f 13861 13942 13969
f 13957 13932 13946
f 13970 13971 13889
f 13972 13973 13969
f 13973 13972 13974
f 13861 13969 13973
f 13961 13975 13976
f 13861 13973 13937
f 13947 13977 13978
f 13936 13938 13963
f 13954 13950 13979
f 13936 13963 13980
f 13978 13981 13982
f 13981 13955 13982
f 13983 13944 13964
f 13943 13962 13964
f 13962 13943 13980
f 13984 13980 13943
f 13950 13952 13985
f 13950 13985 13979
f 13961 13983 13964
f 13944 13943 13964
f 13963 13962 13980
f 13984 13943 13960
f 13986 13987 13988
f 13834 13989 13990
f 13991 13992 13933
f 13993 13994 13995
f 13994 13993 13987
f 13996 13993 13995
f 13993 13996 13988
f 13997 13996 13891
f 13996 13997 13988
f 13998 13999 14000
f 13999 13998 14001
f 13991 13933 14002
f 14003 14004 14005
f 13952 13985 14001
f 13834 14006 13992
f 14006 13933 13992
f 14007 14008 14009
f 13992 14010 13989
f 13991 14002 14011
f 13933 13996 13995
f 14010 13991 14011
f 14002 13995 14012
f 13995 14002 13933
f 14012 14013 14002
f 14013 14012 14014
f 14011 14002 14013
f 14015 14016 14017
f 14012 13995 13994
f 14018 14007 14019
f 14014 14020 14013
f 14017 14016 14021
f 14021 14022 14017
f 14015 14023 14005
f 14023 14015 14017
f 14015 14004 14020
f 14004 14015 14005
f 14017 14022 14000
f 14005 14023 14024
f 14025 14026 14027
f 14000 14022 13998
f 14003 14005 14024
f 14001 13985 14028
f 14029 13990 13989
f 13990 14029 14030
f 14030 14025 14027
f 14030 14031 13990
f 13989 14010 14032
f 14033 14029 14032
f 14029 14033 14030
f 13989 14032 14029
f 14034 14021 14035
f 14021 14034 14036
f 14036 14034 14017
f 14037 14035 14021
f 14021 14016 14038
f 14017 14039 14015
f 14040 14041 14042
f 14041 14040 14043
f 14044 14045 14046
f 14045 14044 14047
f 14048 14049 14050
f 14050 14051 14052
f 14047 14053 14054
f 14055 14046 14045
f 14047 14044 14051
f 14052 14046 14043
f 14051 14044 14052
f 14048 14050 14052
f 14056 14057 14042
f 14042 14041 14056
f 14037 14038 14040
f 14046 14041 14043
f 14038 14048 14043
f 14042 14037 14040
f 14043 14040 14038
f 14049 14016 14036
f 14058 14050 14049
f 14038 14016 14059
f 14058 14036 14015
f 14036 14017 14015
f 14060 14061 14062
f 14063 14064 14054
f 14053 14065 14066
f 14066 14054 14053
f 14056 14067 14068
f 14069 14055 14068
f 14055 14069 14070
f 14071 14072 14073
f 14070 14069 14074
f 14075 14067 14076
f 14067 14075 14068
f 14069 14068 14075
f 14069 14077 14074
f 14078 14077 14079
f 14067 14080 14076
f 14075 14079 14077
f 14078 14079 14081
f 14082 14081 14079
f 14076 14083 14079
f 14083 14076 14084
f 14076 14080 14084
f 14082 14083 14085
f 14083 14082 14079
f 14085 14083 14086
f 14087 14088 14081
f 14089 14085 14090
f 14091 14081 14088
f 14092 14089 14034
f 14090 14034 14089
f 14091 14088 14092
f 14093 14094 14071
f 14071 14095 14093
f 14096 14097 14098
f 14094 14073 14099
f 14100 14101 14102
f 14101 14100 14103
f 14100 14102 14104
f 14105 14103 14106
f 14107 14108 14109
f 14107 14110 14111
f 14098 14097 14112
f 14098 14113 14096
f 14079 14097 14114
f 14096 14113 14109
f 14114 14096 14115
f 14109 14115 14096
f 14115 14109 14116
f 14109 14108 14116
f 14117 14118 14119
f 14120 14121 14122
f 14123 14120 14122
f 14123 14124 14119
f 14117 14124 14125
f 14126 14125 14127
f 14128 14127 14129
f 14130 14131 14129
f 14132 14133 14134
f 14135 14136 14137
f 14136 14138 14139
f 14136 14139 14137
f 14120 14140 14122
f 14141 14142 14143
f 14144 14145 14146
f 14147 14146 14148
f 14149 14150 14151
f 14120 14152 14153
f 14154 14155 14156
f 14152 14157 14158
f 14154 14158 14159
f 14160 14159 14158
f 14161 14162 14163
f 14161 14163 14164
f 14165 14166 14167
f 14168 14165 14169
f 14170 14171 14172
f 14173 14169 14174
f 14172 14168 14175
f 14176 14177 14178
f 14179 14180 14181
f 14182 14183 14180
f 14178 14179 14184
f 14185 14184 14186
f 14184 14185 14178
f 14184 14179 14181
f 14178 14185 14176
f 14176 14185 14187
f 14188 14189 14190
f 14188 14190 14191
f 14192 14193 14194
f 14192 14195 14196
f 14195 14192 14197
f 14198 14195 14199
f 14200 14201 14202
f 14203 14200 14204
f 14205 14206 14207
f 14208 14209 14210
f 14205 14207 14211
f 14209 14205 14212
f 14209 14212 14210
f 14213 14211 14214
f 14215 14216 14217
f 14218 14219 14220
f 14221 14222 14223
f 14222 14221 14224
f 14225 14226 14227
f 14228 14229 14230
f 14229 14228 14231
f 14231 14228 14232
f 14233 14234 14232
f 14235 14236 14229
f 14230 14237 14228
f 14233 14238 14239
f 14240 14241 14242
f 14240 14242 14243
f 14244 14245 14246
f 14247 14248 14249
f 14250 14251 14252
f 14252 14253 14254
f 14253 14252 14255
f 14256 14253 14257
f 14258 14256 14259
f 14260 14261 14262
f 14263 14264 14265
f 14266 14267 14268
f 14267 14266 14269
f 14270 14271 14272
f 14273 14274 14275
f 14276 14277 14269
f 14278 14279 14280
f 14281 14282 14283
f 14284 14285 14286
f 14287 14225 14288
f 14289 14290 14291
f 14292 14293 14294
f 14295 14296 14297
f 14298 14299 14300
f 14301 14302 14303
f 14302 14300 14303
f 14304 14305 14306
f 14303 14300 14307
f 14307 14300 14308
f 14309 14310 14307
f 14311 14304 14312
f 14313 14314 14315
f 14316 14317 14318
f 14319 14298 14320
f 14321 14322 14323
f 14322 14321 14324
f 14325 14326 14327
f 14328 14329 14330
f 14328 14331 14332
f 14333 14334 14335
f 14334 14333 14336
f 14337 14338 14339
f 14340 14337 14339
f 14338 14341 14339
f 14339 14341 14342
f 14343 14339 14342
f 14342 14341 14344
f 14342 14344 14345
f 14346 14347 14348
f 14349 14350 14351
f 14351 14350 14352
f 14333 14335 14353
f 14354 14355 14356
f 14357 14358 14359
f 14360 14361 14362
f 14363 14364 14357
f 14365 14366 14367
f 14366 14365 14368
f 14366 14369 14370
f 14369 14366 14368
f 14371 14370 14372
f 14372 14370 14373
f 14374 14375 14376
f 14377 14372 14378
f 14372 14373 14378
f 14379 14376 14380
f 14379 14380 14381
f 14379 14381 14382
f 14383 14384 14385
f 14386 14383 14387
f 14387 14388 14386
f 14385 14389 14358
f 14358 14362 14359
f 14362 14358 14389
f 14390 14391 14392
f 14393 14394 14395
f 14396 14390 14397
f 14390 14396 14398
f 14399 14400 14401
f 14400 14399 14402
f 14403 14404 14393
f 14396 14397 14405
f 14395 14394 14406
f 14394 14407 14408
f 14407 14394 14409
f 14407 14410 14408
f 14410 14407 14409
f 14393 14411 14412
f 14409 14393 14412
f 14410 14409 14413
f 14392 14397 14390
f 14414 14415 14411
f 14416 14398 14417
f 14412 14413 14409
f 14413 14412 14418
f 14411 14415 14419
f 14412 14411 14418
f 14420 14421 14418
f 14421 14420 14422
f 14419 14415 14423
f 14413 14418 14424
f 14424 14418 14421
f 14415 14425 14423
f 14426 14402 14427
f 14428 14424 14421
f 14428 14421 14422
f 14429 14430 14431
f 14431 14430 14432
f 14433 14406 14434
f 14416 14417 14435
f 14436 14429 14431
f 14435 14417 14399
f 14437 14399 14401
f 14399 14437 14435
f 14438 14401 14439
f 14401 14438 14437
f 14434 14439 14401
f 14439 14434 14408
f 14400 14434 14401
f 14406 14440 14395
f 14441 14442 14443
f 14444 14445 14446
f 14447 14448 14449
f 14448 14447 14450
f 14451 14452 14453
f 14454 14455 14456
f 14457 14458 14459
f 14450 14457 14459
f 14445 14460 14459
f 14459 14461 14445
f 14461 14459 14458
f 14461 14462 14463
f 14464 14465 14466
f 14467 14468 14469
f 14462 14470 14463
f 14444 14446 14471
f 14472 14444 14471
f 14473 14474 14467
f 14474 14473 14466
f 14446 14463 14471
f 14475 14476 14477
f 14471 14463 14478
f 14471 14479 14472
f 14479 14471 14478
f 14480 14481 14482
f 14483 14484 14485
f 14465 14485 14474
f 14468 14486 14469
f 14487 14480 14488
f 14489 14490 14491
f 14449 14448 14492
f 14480 14482 14488
f 14481 14493 14494
f 14495 14469 14496
f 14469 14495 14467
f 14497 14498 14499
f 14498 14497 14500
f 14449 14501 14502
f 14454 14456 14492
f 14496 14503 14504
f 14501 14492 14456
f 14505 14506 14507
f 14508 14509 14510
f 14510 14509 14511
f 14509 14512 14513
f 14512 14509 14514
f 14514 14515 14516
f 14515 14514 14517
f 14506 14515 14518
f 14515 14506 14516
f 14506 14518 14507
f 14519 14520 14521
f 14507 14518 14522
f 14523 14524 14525
f 14526 14527 14528
f 14529 14530 14531
f 14532 14533 14525
f 14534 14535 14533
f 14528 14536 14526
f 14533 14537 14538
f 14539 14540 14541
f 14542 14539 14543
f 14544 14545 14546
f 14513 14511 14509
f 14547 14548 14549
f 14511 14550 14551
f 14510 14511 14551
f 14552 14553 14554
f 14555 14556 14548
f 14557 14558 14559
f 14560 14561 14562
f 14552 14554 14563
f 14552 14563 14564
f 14565 14566 14567
f 14568 14569 14570
f 14571 14572 14573
f 14573 14574 14575
f 14571 14573 14575
f 14574 14576 14577
f 14575 14574 14577
f 14576 14578 14579
f 14580 14581 14582
f 14581 14580 14583
f 14584 14585 14586
f 14587 14588 14589
f 14590 14587 14589
f 14591 14592 14593
f 14581 14593 14594
f 14593 14592 14594
f 14594 14582 14581
f 14595 14596 14597
f 14598 14599 14600
f 14601 14602 14603
f 14601 14603 14604
f 14602 14605 14603
f 14595 14564 14606
f 14602 14607 14606
f 14606 14608 14602
f 14609 14610 14611
f 14612 14613 14614
f 14615 14616 14617
f 14616 14615 14608
f 14618 14619 14620
f 14616 14621 14622
f 14616 14623 14617
f 14623 14616 14622
f 14624 14625 14626
f 14622 14624 14626
f 14627 14626 14628
f 14629 14630 14631
f 14632 14633 14627
f 14614 14634 14612
f 14634 14614 14635
f 14636 14632 14627
f 14628 14626 14637
f 14638 14639 14637
f 14640 14628 14637
f 14628 14640 14627
f 14627 14640 14641
f 14636 14627 14641
f 14629 14634 14635
f 14634 14629 14642
f 14642 14643 14644
f 14643 14642 14631
f 14645 14646 14647
f 14631 14645 14643
f 14648 14649 14604
f 14650 14651 14652
f 14651 14650 14653
f 14654 14655 14656
f 14655 14654 14607
f 14657 14655 14607
f 14657 14607 14658
f 14659 14564 14655
f 14607 14654 14658
f 14655 14660 14656
f 14661 14662 14663
f 14664 14662 14665
f 14660 14564 14666
f 14654 14656 14667
f 14656 14650 14667
f 14650 14656 14666
f 14654 14667 14668
f 14669 14665 14662
f 14658 14668 14670
f 14650 14666 14653
f 14671 14672 14673
f 14666 14671 14653
f 14667 14650 14652
f 14671 14673 14653
f 14672 14674 14673
f 14663 14675 14676
f 14651 14677 14652
f 14677 14651 14678
f 14651 14653 14678
f 14679 14663 14680
f 14663 14679 14681
f 14674 14682 14683
f 14684 14674 14683
f 14677 14678 14685
f 14661 14663 14681
f 14686 14681 14679
f 14681 14686 14687
f 14688 14689 14690
f 14685 14691 14692
f 14693 14694 14695
f 14696 14697 14698
f 14699 14687 14700
f 14701 14702 14703
f 14687 14686 14697
f 14704 14700 14696
f 14700 14687 14697
f 14696 14705 14706
f 14706 14704 14696
f 14707 14708 14701
f 14709 14707 14701
f 14707 14709 14710
f 14711 14712 14713
f 14701 14702 14709
f 14714 14715 14716
f 14715 14714 14717
f 14718 14719 14716
f 14720 14721 14722
f 14723 14724 14715
f 14724 14723 14725
f 14726 14727 14728
f 14729 14730 14731
f 14732 14733 14729
f 14733 14732 14725
f 14733 14734 14730
f 14734 14733 14725
f 14723 14735 14725
f 14735 14723 14736
f 14725 14735 14737
f 14734 14725 14738
f 14736 14739 14740
f 14739 14736 14741
f 14735 14736 14740
f 14737 14742 14743
f 14743 14742 14744
f 14745 14746 14747
f 14741 14748 14739
f 14749 14750 14751
f 14742 14751 14744
f 14752 14726 14728
f 14751 14753 14744
f 14753 14751 14750
f 14728 14754 14720
f 14755 14752 14728
f 14721 14756 14722
f 14753 14750 14757
f 14758 14759 14760
f 14758 14761 14744
f 14760 14759 14757
f 14762 14763 14761
f 14754 14764 14765
f 14721 14754 14711
f 14711 14754 14766
f 14713 14712 14756
f 14767 14718 14768
f 14769 14756 14712
f 14770 14771 14767
f 14772 14773 14774
f 14773 14772 14702
f 14710 14707 14774
f 14727 14775 14776
f 14773 14710 14774
f 14702 14772 14777
f 14702 14778 14779
f 14777 14772 14780
f 14781 14779 14778
f 14779 14781 14782
f 14776 14783 14784
f 14783 14776 14775
f 14781 14785 14786
f 14787 14788 14783
f 14788 14787 14789
f 14790 14791 14792
f 14790 14792 14793
f 14794 14795 14796
f 14795 14794 14797
f 14798 14799 14797
f 14799 14798 14800
f 14794 14798 14797
f 14801 14802 14803
f 14804 14800 14805
f 14799 14800 14806
f 14784 14788 14807
f 14788 14784 14783
f 14799 14806 14808
f 14799 14808 14809
f 14810 14804 14811
f 14810 14812 14808
f 14812 14810 14813
f 14809 14808 14814
f 14815 14809 14814
f 14816 14817 14818
f 14808 14812 14814
f 14819 14820 14821
f 14810 14811 14813
f 14813 14811 14822
f 14815 14812 14813
f 14812 14815 14814
f 14823 14807 14789
f 14813 14824 14815
f 14824 14813 14822
f 14774 14707 14772
f 14825 14815 14824
f 14822 14826 14824
f 14827 14828 14829
f 14830 14826 14831
f 14789 14832 14833
f 14825 14824 14834
f 14835 14833 14836
f 14818 14817 14837
f 14820 14837 14782
f 14821 14820 14782
f 14833 14832 14836
f 14838 14839 14840
f 14836 14832 14819
f 14835 14819 14841
f 14819 14835 14836
f 14842 14838 14843
f 14842 14841 14819
f 14786 14782 14781
f 14786 14840 14839
f 14840 14786 14785
f 14785 14844 14840
f 14844 14785 14845
f 14846 14794 14796
f 14843 14838 14796
f 14795 14843 14796
f 14847 14791 14845
f 14772 14848 14849
f 14848 14772 14850
f 14773 14851 14774
f 14773 14774 14849
f 14852 14853 14772
f 14772 14853 14850
f 14848 14773 14849
f 14773 14848 14854
f 14855 14856 14857
f 14858 14850 14780
f 14850 14858 14859
f 14860 14861 14862
f 14863 14864 14865
f 14862 14861 14866
f 14867 14861 14868
f 14869 14870 14871
f 14872 14873 14874
f 14875 14876 14873
f 14877 14869 14878
f 14879 14866 14875
f 14852 14772 14849
f 14854 14880 14773
f 14881 14868 14861
f 14878 14869 14882
f 14876 14867 14873
f 14883 14878 14884
f 14878 14882 14884
f 14868 14885 14867
f 14885 14868 14886
f 14874 14887 14872
f 14887 14874 14888
f 14889 14890 14891
f 14850 14853 14780
f 14848 14850 14854
f 14886 14868 14892
f 14892 14893 14894
f 14873 14867 14874
f 14895 14896 14855
f 14896 14895 14897
f 14894 14885 14886
f 14885 14894 14898
f 14897 14898 14899
f 14900 14874 14898
f 14894 14893 14898
f 14901 14899 14902
f 14900 14897 14888
f 14897 14895 14888
f 14857 14895 14855
f 14903 14902 14904
f 14901 14855 14896
f 14905 14906 14772
f 14906 14905 14853
f 14905 14772 14907
f 14848 14908 14909
f 14906 14853 14780
f 14772 14848 14910
f 14848 14772 14906
f 14911 14908 14780
f 14908 14911 14912
f 14913 14914 14915
f 14909 14916 14848
f 14848 14916 14910
f 14917 14918 14919
f 14920 14921 14922
f 14907 14772 14910
f 14923 14920 14922
f 14915 14924 14925
f 14924 14915 14926
f 14927 14926 14928
f 14926 14927 14924
f 14929 14923 14930
f 14931 14928 14926
f 14928 14931 14932
f 14933 14934 14935
f 14934 14933 14936
f 14926 14915 14937
f 14931 14926 14937
f 14938 14939 14940
f 14912 14909 14908
f 14937 14941 14931
f 14932 14931 14935
f 14935 14931 14933
f 14936 14942 14934
f 14942 14936 14940
f 14911 14780 14943
f 14914 14944 14941
f 14944 14945 14946
f 14947 14948 14936
f 14948 14947 14949
f 14936 14948 14940
f 14946 14950 14951
f 14948 14938 14940
f 14952 14953 14938
f 14953 14952 14954
f 14780 14955 14956
f 14957 14958 14959
f 14960 14961 14962
f 14963 14964 14965
f 14966 14967 14968
f 14955 14969 14970
f 14971 14972 14961
f 14973 14911 14962
f 14962 14974 14960
f 14962 14911 14975
f 14962 14975 14959
f 14976 14977 14978
f 14959 14979 14980
f 14959 14980 14981
f 14980 14979 14982
f 14983 14984 14985
f 14986 14987 14988
f 14987 14986 14989
f 14990 14991 14992
f 14993 14994 14995
f 14996 14997 14989
f 14997 14996 14993
f 14998 14999 15000
f 14999 14998 15001
f 15002 15003 14993
f 14993 15004 15002
f 15005 14986 15006
f 15007 15008 15009
f 14990 14992 15010
f 14991 15011 15012
f 15006 15013 15005
f 15014 15015 15016
f 15016 15015 15017
f 15018 14995 15019
f 15020 15021 15022
f 15013 15023 15024
f 15023 15013 15025
f 15024 15026 15013
f 15027 15028 15029
f 15029 15030 15031
f 15032 15033 15034
f 15022 15035 15034
f 15013 15036 15025
f 15037 15024 15023
f 15038 15032 15039
f 15038 15039 15040
f 15041 15035 15042
f 15042 15043 15041
f 15044 15041 15043
f 15045 15046 15047
f 15048 15049 15050
f 15049 15048 15051
f 15052 15053 15054
f 15055 15056 15057
f 15058 15059 15060
f 15025 15036 15061
f 15047 15062 15031
f 15045 15047 15031
f 15045 15063 15051
f 15063 15045 15031
f 15064 15045 15051
f 15064 15051 15048
f 15050 15064 15048
f 15065 15063 15030
f 15049 15051 15065
f 15049 15065 15066
f 15066 15065 15067
f 15030 15068 15069
f 15049 15066 15070
f 15071 15072 15073
f 15074 15075 15076
f 15077 15078 15079
f 15080 15081 15082
f 15082 15081 15083
f 15084 15085 15086
f 15087 15082 15079
f 15088 15083 15089
f 15090 15091 15092
f 15093 15094 15095
f 15096 15097 15098
f 15096 15098 15099
f 15100 15092 15091
f 15101 15102 15103
f 15104 15105 15106
f 15105 15104 15107
f 15108 15109 15110
f 15111 15112 15113
f 15109 15114 15110
f 15115 15116 15117
f 15116 15115 15118
f 15119 15120 15106
f 15106 15105 15119
f 15121 15119 15122
f 15116 15123 15117
f 15113 15118 15115
f 15117 15111 15115
f 15124 15118 15125
f 15126 15127 15128
f 15127 15129 15130
f 15131 15132 15133
f 15131 15133 15134
f 15135 15134 15136
f 15137 15138 15139
f 15140 15141 15142
f 15143 15144 15145
f 15143 15146 15147
f 15143 15147 15148
f 15149 15150 15151
f 15152 15153 15154
f 15155 15156 15157
f 15156 15155 15158
f 15159 15160 15161
f 15162 15161 15163
f 15163 15164 15162
f 15164 15163 15165
f 15166 15167 15168
f 15168 15169 15170
f 15153 15171 15154
f 15155 15157 15172
f 15171 15173 15150
f 15174 15175 15176
f 15177 15178 15154
f 15155 15172 15152
f 15158 15155 15179
f 15180 15181 15182
f 15179 15183 15184
f 15185 15186 15187
f 15188 15189 15190
f 15191 15192 15193
f 15194 15195 15196
f 15194 15197 15198
f 15188 15190 15199
f 15200 15201 15202
f 15203 15204 15205
f 15206 15207 15208
f 15209 15210 15206
f 15206 15208 15211
f 15203 15190 15201
f 15209 15206 15211
f 15204 15212 15213
f 15200 15202 15214
f 15215 15216 15217
f 15218 15219 15220
f 15221 15222 15223
f 15224 15225 15226
f 15227 15228 15229
f 15230 15231 15232
f 15225 15233 15234
f 15235 15236 15237
f 15236 15235 15238
f 15233 15239 15240
f 15237 15241 15235
f 15242 15238 15243
f 15238 15235 15243
f 15235 15241 15243
f 15242 15243 15244
f 15245 15227 15246
f 15247 15248 15249
f 15250 15251 15241
f 15228 15252 15253
f 15254 15255 15256
f 15257 15258 15259
f 15260 15261 15262
f 15227 15257 15259
f 15263 15264 15265
f 15266 15267 15268
f 15269 15266 15263
f 15270 15262 15271
f 15268 15267 15272
f 15269 15263 15273
f 15274 15260 15270
f 15272 15227 15268
f 15268 15227 15264
f 15263 15265 15273
f 15275 15276 15277
f 15255 15278 15279
f 15280 15281 15282
f 15283 15284 15285
f 15286 15287 15288
f 15289 15290 15291
f 15285 15284 15292
f 15293 15294 15295
f 15290 15296 15297
f 15298 15299 15300
f 15294 15300 15299
f 15282 15301 15280
f 15301 15295 15302
f 15302 15280 15301
f 15303 15304 15282
f 15304 15303 15305
f 15306 15255 15307
f 15308 15309 15310
f 15311 15312 15313
f 15314 15315 15316
f 15317 15318 15309
f 15318 15317 15319
f 15320 15321 15322
f 15321 15320 15323
f 15324 15316 15315
f 15325 15326 15322
f 15327 15325 15321
f 15328 15329 15330
f 15331 15332 15333
f 15322 15326 15333
f 15322 15333 15332
f 15334 15335 15336
f 15335 15334 15318
f 15314 15316 15337
f 15327 15321 15323
f 15338 15323 15339
f 15323 15338 15327
f 15340 15341 15342
f 15322 15332 15320
f 15332 15308 15310
f 15308 15332 15328
f 15343 15344 15345
f 15346 15308 15330
f 15308 15328 15330
f 15347 15310 15348
f 15347 15336 15349
f 15338 15339 15350
f 15346 15351 15317
f 15310 15309 15348
f 15348 15309 15318
f 15313 15312 15352
f 15349 15335 15353
f 15354 15355 15353
f 15355 15354 15350
f 15348 15318 15334
f 15350 15349 15355
f 15356 15306 15307
f 15317 15357 15358
f 15359 15360 15361
f 15351 15362 15363
f 15317 15351 15364
f 15365 15366 15367
f 15366 15365 15368
f 15357 15369 15358
f 15370 15371 15358
f 15371 15370 15366
f 15372 15373 15374
f 15375 15376 15377
f 15373 15378 15374
f 15379 15380 15381
f 15374 15382 15383
f 15382 15374 15378
f 15367 15384 15385
f 15377 15386 15375
f 15377 15376 15370
f 15385 15384 15375
f 15358 15369 15370
f 15386 15387 15388
f 15389 15390 15391
f 15392 15393 15394
f 15317 15364 15390
f 15387 15357 15388
f 15395 15396 15363
f 15390 15364 15391
f 15357 15389 15388
f 15386 15388 15397
f 15388 15389 15397
f 15398 15399 15400
f 15389 15401 15397
f 15402 15400 15403
f 15404 15405 15406
f 15405 15407 15408
f 15407 15405 15409
f 15410 15411 15412
f 15413 15414 15415
f 15416 15417 15418
f 15419 15416 15420
f 15416 15419 15421
f 15422 15419 15420
f 15423 15424 15425
f 15424 15423 15426
f 15410 15413 15415
f 15416 15418 15426
f 15426 15418 15424
f 15420 15427 15422
f 15428 15429 15430
f 15431 15425 15428
f 15432 15433 15427
f 15433 15432 15431
f 15434 15435 15436
f 15435 15434 15428
f 15434 15436 15437
f 15428 15425 15435
f 15430 15438 15439
f 15433 15440 15441
f 15406 15442 15443
f 15444 15445 15446
f 15447 15448 15449
f 15450 15451 15452
f 15453 15454 15455
f 15454 15456 15455
f 15437 15457 15458
f 15437 15436 15453
f 15459 15434 15460
f 15434 15459 15461
f 15405 15409 15450
f 15405 15450 15462
f 15463 15464 15465
f 15464 15463 15459
f 15464 15466 15467
f 15468 15469 15361
f 15434 15461 15470
f 15466 15471 15472
f 15473 15474 15475
f 15476 15434 15477
f 15434 15437 15477
f 15472 15476 15478
f 15479 15473 15480
f 15447 15475 15474
f 15481 15482 15468
f 15481 15468 15361
f 15462 15483 15405
f 15484 15483 15457
f 15458 15457 15483
f 15361 15469 15485
f 15486 15487 15488
f 15489 15490 15491
f 15492 15493 15494
f 15495 15496 15497
f 15498 15499 15490
f 15499 15498 15500
f 15493 15501 15494
f 15492 15502 15503
f 15502 15492 15504
f 15505 15506 15496
f 15492 15494 15507
f 15504 15492 15507
f 15487 15508 15509
f 15505 15503 15502
f 15510 15511 15512
f 15511 15510 15513
f 15508 15514 15509
f 15509 15515 15516
f 15513 15507 15517
f 15518 15519 15520
f 15516 15515 15521
f 15516 15521 15522
f 15523 15491 15490
f 15491 15523 15511
f 15524 15489 15491
f 15490 15525 15523
f 15489 15526 15527
f 15528 15529 15530
f 15529 15531 15530
f 15532 15533 15534
f 15535 15536 15537
f 15538 15532 15534
f 15533 15539 15534
f 15538 15534 15539
f 15536 15540 15537
f 15541 15542 15543
f 15543 15544 15541
f 15545 15546 15547
f 15547 15546 15548
f 15549 15550 15551
f 15552 15553 15554
f 15551 15555 15549
f 15556 15557 15558
f 15559 15560 15561
f 15562 15563 15564
f 15563 15560 15564
f 15565 15566 15567
f 15568 15569 15570
f 15571 15572 15573
f 15574 15575 15576
f 15574 15576 15577
f 15578 15579 15556
f 15579 15578 15580
f 15581 15582 15568
f 15581 15568 15583
f 15584 15585 15583
f 15586 15566 15587
f 15566 15586 15567
f 15566 15579 15587
f 15588 15567 15586
f 15589 15590 15591
f 15592 15593 15594
f 15593 15592 15595
f 15580 15578 15596
f 15597 15591 15590
f 15596 15578 15598
f 15596 15599 15580
f 15598 15600 15596
f 15599 15574 15577
f 15597 15590 15601
f 15602 15603 15559
f 15577 15576 15581
f 15575 15569 15576
f 15604 15605 15606
f 15607 15608 15609
f 15610 15611 15612
f 15613 15614 15615
f 15614 15613 15616
f 15617 15618 15619
f 15618 15617 15620
f 15615 15621 15618
f 15621 15615 15614
f 15621 15622 15623
f 15622 15621 15614
f 15621 15624 15625
f 15624 15621 15623
f 15622 15614 15626
f 15609 15627 15628
f 15629 15608 15612
f 15630 15631 15632
f 15631 15630 15633
f 15634 15635 15636
f 15637 15638 15639
f 15640 15595 15641
f 15587 15642 15643
f 15633 15644 15631
f 15641 15645 15646
f 15630 15632 15647
f 15638 15641 15639
f 15647 15632 15648
f 15649 15620 15648
f 15620 15649 15650
f 15632 15649 15648
f 15647 15617 15619
f 15617 15647 15648
f 15650 15651 15652
f 15653 15605 15615
f 15621 15625 15618
f 15618 15625 15619
f 15653 15615 15618
f 15604 15652 15651
f 15654 15655 15640
f 15612 15656 15657
f 15658 15659 15607
f 15660 15661 15662
f 15657 15663 15664
f 15665 15666 15667
f 15666 15665 15595
f 15658 15657 15668
f 15669 15658 15668
f 15670 15665 15667
f 15665 15670 15671
f 15587 15643 15672
f 15673 15674 15675
f 15674 15673 15676
f 15668 15656 15677
f 15678 15679 15653
f 15680 15681 15682
f 15678 15681 15652
f 15681 15678 15653
f 15674 15679 15675
f 15679 15674 15653
f 15653 15674 15676
f 15653 15676 15683
f 15683 15676 15684
f 15673 15685 15686
f 15685 15673 15687
f 15688 15677 15689
f 15677 15688 15690
f 15673 15686 15691
f 15675 15622 15692
f 15675 15679 15693
f 15694 15662 15661
f 15695 15668 15690
f 15668 15695 15669
f 15696 15697 15698
f 15689 15677 15644
f 15690 15688 15695
f 15668 15677 15690
f 15699 15700 15683
f 15701 15676 15691
f 15676 15701 15684
f 15702 15703 15704
f 15703 15702 15705
f 15683 15700 15681
f 15699 15684 15688
f 15684 15699 15683
f 15654 15705 15702
f 15702 15704 15706
f 15681 15653 15683
f 15688 15684 15701
f 15707 15708 15709
f 15708 15707 15710
f 15711 15712 15713
f 15714 15715 15708
f 15709 15708 15715
f 15708 15710 15714
f 15709 15715 15716
f 15710 15717 15718
f 15717 15710 15719
f 15719 15707 15720
f 15707 15719 15710
f 15709 15721 15707
f 15722 15723 15724
f 15723 15725 15726
f 15725 15723 15727
f 15728 15720 15721
f 15707 15721 15720
f 15729 15730 15731
f 15732 15726 15733
f 15727 15734 15735
f 15735 15734 15736
f 15737 15738 15739
f 15740 15723 15741
f 15734 15740 15741
f 15742 15743 15737
f 15744 15737 15739
f 15713 15741 15711
f 15734 15741 15745
f 15746 15747 15748
f 15747 15746 15749
f 15750 15713 15748
f 15746 15714 15718
f 15714 15746 15751
f 15738 15752 15753
f 15748 15713 15754
f 15713 15712 15754
f 15746 15754 15751
f 15750 15748 15747
f 15755 15756 15751
f 15751 15756 15714
f 15757 15758 15759
f 15760 15761 15762
f 15760 15762 15763
f 15762 15764 15763
f 15765 15766 15767
f 15766 15768 15769
f 15722 15770 15771
f 15772 15773 15774
f 15775 15776 15777
f 15778 15779 15780
f 15781 15782 15783
f 15784 15785 15786
f 15778 15780 15787
f 15788 15789 15790
f 15791 15792 15793
f 15778 15794 15775
f 15794 15778 15776
f 15780 15775 15795
f 15796 15794 15777
f 15797 15795 15775
f 15798 15799 15800
f 15799 15798 15801
f 15802 15800 15799
f 15803 15804 15805
f 15806 15801 15807
f 15807 15808 15809
f 15801 15787 15810
f 15778 15787 15776
f 15787 15778 15811
f 15811 15778 15780
f 15812 15813 15814
f 15783 15815 15816
f 15817 15818 15805
f 15803 15805 15819
f 15820 15821 15822
f 15823 15824 15825
f 15804 15823 15826
f 15825 15824 15802
f 15825 15802 15799
f 15806 15825 15799
f 15825 15806 15826
f 15826 15809 15804
f 15823 15825 15826
f 15827 15828 15829
f 15791 15830 15831
f 15832 15806 15799
f 15778 15833 15780
f 15833 15778 15775
f 15834 15775 15835
f 15833 15775 15836
f 15837 15838 15839
f 15777 15776 15840
f 15776 15777 15794
f 15806 15809 15841
f 15842 15808 15810
f 15798 15801 15832
f 15807 15842 15809
f 15843 15844 15837
f 15845 15846 15841
f 15846 15845 15847
f 15835 15848 15834
f 15833 15834 15849
f 15850 15851 15847
f 15847 15852 15846
f 15849 15853 15854
f 15812 15855 15853
f 15856 15829 15828
f 15857 15858 15850
f 15852 15859 15860
f 15859 15852 15851
f 15860 15859 15824
f 15846 15852 15860
f 15841 15809 15845
f 15843 15837 15839
f 15832 15801 15807
f 15861 15843 15839
f 15801 15798 15862
f 15808 15801 15810
f 15863 15787 15864
f 15776 15840 15865
f 15835 15864 15865
f 15866 15867 15868
f 15822 15844 15869
f 15844 15837 15870
f 15869 15871 15822
f 15827 15822 15871
f 15870 15837 15843
f 15839 15838 15861
f 15872 15873 15874
f 15873 15872 15875
f 15876 15863 15864
f 15877 15878 15879
f 15880 15866 15881
f 15868 15881 15866
f 15882 15874 15883
f 15874 15882 15872
f 15883 15884 15882
f 15864 15885 15876
f 15882 15886 15872
f 15887 15880 15886
f 15880 15888 15889
f 15868 15867 15875
f 15890 15891 15867
f 15881 15875 15872
f 15892 15889 15893
f 15894 15895 15860
f 15895 15894 15806
f 15896 15867 15891
f 15867 15896 15875
f 15873 15875 15896
f 15844 15870 15869
f 15896 15891 15897
f 15898 15899 15798
f 15808 15900 15842
f 15798 15862 15801
f 15862 15798 15899
f 15900 15801 15901
f 15902 15903 15904
f 15806 15809 15895
f 15838 15905 15839
f 15809 15807 15906
f 15907 15875 15866
f 15866 15881 15908
f 15843 15905 15870
f 15905 15843 15839
f 15798 15832 15898
f 15887 15888 15908
f 15888 15887 15909
f 15887 15908 15910
f 15881 15873 15910
f 15867 15891 15896
f 15895 15911 15891
f 15875 15912 15873
f 15869 15844 15870
f 15891 15911 15897
f 15913 15914 15915
f 15883 15916 15887
f 15916 15883 15914
f 15917 15918 15914
f 15916 15909 15887
f 15915 15914 15919
f 15778 15920 15921
f 15919 15914 15883
f 15922 15883 15874
f 15883 15922 15919
f 15915 15919 15922
f 15874 15883 15910
f 15910 15873 15874
f 15921 15840 15865
f 15923 15888 15856
f 15778 15924 15925
f 15926 15927 15807
f 15928 15929 15926
f 15807 15927 15906
f 15809 15906 15911
f 15860 15930 15890
f 15908 15866 15881
f 15867 15890 15930
f 15872 15931 15874
f 15931 15872 15912
f 15932 15894 15933
f 15934 15908 15881
f 15908 15934 15923
f 15916 15909 15934
f 15909 15923 15934
f 15875 15935 15912
f 15936 15937 15938
f 15939 15940 15941
f 15939 15936 15942
f 15936 15943 15916
f 15936 15938 15942
f 15874 15931 15944
f 15945 15937 15874
f 15937 15945 15938
f 15874 15934 15881
f 15874 15881 15872
f 15946 15947 15948
f 15946 15948 15949
f 15948 15950 15949
f 15951 15952 15953
f 15954 15955 15956
f 15871 15827 15822
f 15837 15843 15870
f 15905 15870 15843
f 15843 15839 15905
f 15908 15957 15881
f 15958 15872 15881
f 15872 15958 15912
f 15930 15890 15860
f 15896 15958 15867
f 15958 15896 15912
f 15957 15867 15958
f 15912 15959 15872
f 15894 15933 15956
f 15860 15894 15956
f 15881 15960 15961
f 15960 15881 15872
f 15962 15963 15964
f 15963 15962 15965
f 15909 15961 15934
f 15872 15959 15966
f 15963 15965 15967
f 15916 15934 15960
f 15916 15960 15968
f 15962 15969 15970
f 15969 15962 15964
f 15881 15957 15958
f 15971 15951 15953
f 15972 15973 15968
f 15973 15972 15974
f 15956 15933 15954
f 15973 15975 15916
f 15963 15976 15964
f 15974 15977 15973
f 15968 15973 15916
f 15872 15966 15874
f 15874 15966 15972
f 15978 15979 15946
f 15934 15961 15960
f 15837 15839 15843
f 15837 15870 15844
f 15980 15981 15958
f 15961 15881 15982
f 15867 15958 15957
f 15957 15958 15981
f 15896 15983 15958
f 15956 15894 15933
f 15870 15843 15905
f 15905 15839 15984
f 15985 15986 15987
f 15986 15923 15961
f 15982 15881 15980
f 15988 15989 15990
f 15984 15991 15992
f 15881 15957 15981
f 15958 15983 15980
f 15954 15993 15956
f 15941 15987 15994
f 15995 15996 15997
f 15980 15983 15998
f 15999 16000 16001
f 16002 15999 16001
f 15990 15989 16003
f 15996 16002 16004
f 16005 15995 16006
f 15996 16004 15997
f 16007 16006 15997
f 16006 16007 16008
f 16009 15998 16010
f 16011 15941 15997
f 15997 16004 16011
f 15997 15941 16007
f 16005 16006 16012
f 16012 16006 16008
f 15982 15980 15968
f 16009 15994 15968
f 15994 16009 16008
f 16012 16008 16013
f 16013 16008 16009
f 16012 16013 16010
f 15998 15968 15980
f 15994 15982 15968
f 16014 15881 16015
f 16016 15981 15957
f 15981 16016 16015
f 16017 16018 16019
f 16018 16017 16020
f 15941 16017 16019
f 15832 16021 16022
f 15954 16023 16024
f 16025 16026 16027
f 16000 15999 16028
f 16004 15941 16019
f 16029 15999 16030
f 16031 15986 15987
f 16032 16024 16023
f 16025 16014 16015
f 16014 16025 15968
f 16033 16029 16004
f 16025 16027 15968
f 16027 16026 16010
f 16010 16026 16034
f 16016 16035 16015
f 16035 16016 15896
f 16026 16036 16034
f 16037 16035 16038
f 16039 15908 15889
f 15986 15889 15908
f 16000 16028 16040
f 16041 16042 16043
f 16044 16026 16045
f 15896 15907 15930
f 16046 16047 16048
f 16036 16037 16049
f 16038 16050 16037
f 16049 16037 16050
f 16020 16051 16052
f 16051 16020 16017
f 16035 15896 16038
f 16053 16054 16042
f 16038 16032 16049
f 16032 16038 15897
f 16055 16032 16056
f 16030 16004 16029
f 16057 15995 16018
f 16033 16004 16019
f 16057 16052 16054
f 16052 16057 16020
f 16057 16018 16020
f 16056 16023 16058
f 16059 16055 16056
f 16060 16056 16061
f 16062 15968 16017
f 16017 15968 16027
f 16052 16051 16034
f 16058 16023 16063
f 16064 16065 16066
f 16067 15905 15839
f 16068 16069 16070
f 16069 16068 16071
f 16072 16073 15968
f 16073 16072 16074
f 16075 16076 16077
f 16078 16079 16080
f 16079 16078 16081
f 16072 16066 16082
f 16066 16072 15968
f 16073 16083 15968
f 16083 16073 16084
f 16039 16085 16086
f 16085 16039 16087
f 16088 16069 16071
f 16069 16088 16089
f 16066 15968 16064
f 16074 16082 16086
f 16082 16074 16072
f 16074 16090 16073
f 16090 16074 16091
f 16073 16090 16092
f 16092 16093 16094
f 16093 16092 16091
f 16095 16096 16097
f 16074 16086 16091
f 16090 16091 16092
f 16075 16077 16098
f 16096 15995 16099
f 16093 16091 16100
f 16101 16102 15974
f 16102 16101 16103
f 16100 16091 16104
f 16079 16081 16105
f 16080 15995 16095
f 15995 16080 16106
f 16080 16095 16078
f 16107 15974 16108
f 15974 16107 16101
f 16103 15995 16106
f 16109 16100 16104
f 16110 16081 16078
f 16111 16112 16113
f 16080 15974 16102
f 15974 16080 16079
f 16070 16069 16109
f 16105 16114 16115
f 16105 16116 16079
f 16116 16105 16115
f 16117 16109 16089
f 16079 16108 15974
f 16108 16079 16064
f 16113 16112 16117
f 16083 16108 15968
f 16108 16083 16107
f 16089 16109 16069
f 16115 15987 16116
f 16116 15987 16065
f 16064 15968 16108
f 16083 16084 16107
f 16101 16107 16084
f 16118 16119 16088
f 15869 16120 15870
f 16121 16122 16123
f 16122 16121 16124
f 15827 15869 16125
f 16126 16127 16128
f 16127 16126 16129
f 16130 16131 16132
f 16133 16134 16096
f 16134 16135 16096
f 16136 16137 16096
f 16096 16137 16138
f 16131 16139 16140
f 16126 16114 16141
f 16140 16142 16143
f 16144 16145 16127
f 16145 16144 16146
f 16131 16140 16132
f 16143 16142 16147
f 16146 16138 16145
f 16138 16146 16148
f 16140 16143 16132
f 16143 16149 16150
f 16149 16143 16147
f 16151 16147 16074
f 16147 16151 16149
f 16142 16139 16152
f 16147 16142 16152
f 16133 16096 16138
f 16138 16153 16133
f 16137 16154 16155
f 16137 16155 16145
f 16152 16156 16157
f 16125 16157 16156
f 16138 16137 16145
f 16127 16145 16155
f 16074 16152 16158
f 16159 16160 16153
f 16161 16162 16124
f 16155 16128 16127
f 16163 16164 16123
f 16165 16166 16167
f 16166 16165 16132
f 16122 16124 16162
f 16162 16158 16122
f 16122 16163 16123
f 16148 16146 16159
f 16148 16159 16153
f 16129 16165 16167
f 16165 16129 16126
f 16160 16167 16168
f 16167 16160 16144
f 16163 16157 16169
f 16123 16164 16170
f 16132 16143 16150
f 16144 16129 16167
f 16168 16167 16166
f 16164 16171 16170
f 16121 16172 16173
f 16132 16150 16166
f 16166 16174 16168
f 16174 16166 16150
f 16160 16168 16174
f 16174 16150 16149
f 16120 15839 16175
f 15870 16120 16175
f 16123 16170 16172
f 16176 16177 16178
f 16179 16180 16181
f 16180 16179 16182
f 16183 16184 16141
f 16185 16186 16129
f 16187 16176 16188
f 16176 16187 16183
f 16189 16190 16191
f 16190 16189 16192
f 16188 16176 16178
f 16193 16129 16191
f 16129 16193 16194
f 16195 16188 16196
f 16195 16197 16192
f 16197 16195 16196
f 16198 16196 16199
f 16196 16198 16197
f 16200 16201 15829
f 16178 16202 16203
f 16202 16178 16177
f 16204 16194 16205
f 16196 16178 16206
f 16205 16181 16204
f 16206 16199 16196
f 16207 16202 16208
f 16206 16203 16209
f 16210 16211 16212
f 16213 16204 16181
f 16204 16213 16214
f 16204 16214 16215
f 16203 16207 16209
f 16185 16216 16217
f 16204 16185 16129
f 16185 16204 16215
f 16191 16129 16218
f 16212 16219 16220
f 16221 16222 16223
f 16222 16221 16224
f 16225 16226 16227
f 16218 16184 16189
f 16184 16218 16186
f 16129 16186 16218
f 16228 16229 16230
f 16219 16224 16220
f 16189 16184 16187
f 16191 16190 16193
f 16218 16189 16191
f 16187 16192 16189
f 16190 16192 16197
f 16221 16223 16231
f 16232 16231 16228
f 16233 16221 16234
f 16221 16233 16235
f 16228 16230 16232
f 16226 16235 16236
f 16234 16231 16237
f 16238 16239 16240
f 16239 16238 16241
f 16242 16243 16244
f 16243 16242 16245
f 16246 16247 16248
f 16249 16250 16251
f 16252 16253 16254
f 16255 16253 16256
f 16257 16258 16259
f 16260 16257 16259
f 16248 16261 16262
f 16261 16248 16263
f 16248 16264 16263
f 16248 16262 16254
f 16265 16266 16267
f 16266 16265 16268
f 16252 16254 16262
f 16269 16270 16271
f 16272 16267 16270
f 16273 16274 16275
f 16274 16273 16239
f 16256 16276 16241
f 16276 16274 16239
f 16269 16271 16249
f 16250 16277 16251
f 16251 16277 16278
f 16253 16279 16244
f 16280 16249 16281
f 16249 16280 16269
f 16245 16282 16283
f 16251 16278 16245
f 16251 16242 16249
f 16242 16251 16245
f 16239 16273 16240
f 16282 16284 16285
f 16240 16273 16286
f 16240 16287 16238
f 16243 16253 16244
f 16288 16279 16281
f 16273 16289 16290
f 16273 16291 16286
f 16292 16293 16294
f 16291 16295 16292
f 16291 16292 16294
f 16296 16297 16298
f 16299 16294 16293
f 16300 16301 16302
f 16303 16304 16305
f 16306 16307 16308
f 16301 16309 16310
f 16311 16284 16312
f 16310 16313 16314
f 16246 16315 16316
f 16317 16277 16318
f 16277 16317 16319
f 16320 16321 16322
f 16321 16320 16323
f 16324 16322 16325
f 16301 16310 16314
f 16326 16327 16328
f 16244 16329 16330
f 16302 16301 16314
f 16284 16331 16317
f 16332 16333 16334
f 16330 16327 16244
f 16327 16330 16335
f 16336 16327 16316
f 16333 16337 16334
f 16305 16338 16339
f 16340 16321 16341
f 16342 16343 16323
f 16337 16339 16338
f 16337 16338 16344
f 16317 16312 16284
f 16345 16346 16347
f 16346 16277 16319
f 16345 16347 16329
f 16348 16306 16308
f 16329 16347 16330
f 16327 16349 16328
f 16349 16327 16335
f 16346 16319 16347
f 16338 16350 16344
f 16350 16351 16352
f 16353 16350 16354
f 16355 16356 16354
f 16354 16357 16355
f 16327 16358 16359
f 16360 16313 16361
f 16313 16360 16314
f 16314 16301 16310
f 16362 16363 16360
f 16362 16360 16361
f 16313 16314 16310
f 16364 16365 16366
f 16365 16364 16367
f 16368 16369 16370
f 16369 16368 16371
f 16372 16373 16374
f 16375 16376 16377
f 16376 16375 16378
f 16379 16378 16375
f 16378 16379 16380
f 16371 16381 16376
f 16369 16371 16382
f 16382 16371 16376
f 16382 16383 16358
f 16384 16374 16373
f 16385 16386 16387
f 16375 16388 16379
f 16389 16385 16390
f 16382 16376 16378
f 16391 16359 16383
f 16384 16392 16393
f 16378 16380 16391
f 16394 16379 16395
f 16379 16394 16380
f 16390 16396 16389
f 16396 16390 16397
f 16398 16380 16367
f 16380 16398 16391
f 16399 16400 16388
f 16388 16401 16399
f 16402 16403 16404
f 16397 16405 16396
f 16396 16406 16389
f 16406 16396 16405
f 16380 16394 16367
f 16405 16407 16408
f 16409 16410 16407
f 16411 16408 16412
f 16413 16414 16409
f 16409 16407 16413
f 16411 16410 16415
f 16327 16411 16415
f 16414 16368 16409
f 16415 16416 16370
f 16416 16415 16410
f 16417 16418 16419
f 16362 16420 16418
f 16421 16422 16423
f 16424 16425 16426
f 16427 16428 16429
f 16404 16430 16431
f 16431 16432 16433
f 16432 16431 16430
f 16434 16435 16436
f 16437 16438 16439
f 16440 16441 16442
f 16438 16443 16444
f 16384 16445 16435
f 16446 16384 16447
f 16448 16449 16450
f 16440 16451 16452
f 16442 16453 16440
f 16453 16442 16454
f 16384 16435 16447
f 16446 16447 16455
f 16456 16434 16457
f 16434 16456 16455
f 16457 16436 16431
f 16431 16458 16404
f 16459 16460 16461
f 16462 16461 16463
f 16461 16462 16459
f 16464 16404 16458
f 16465 16439 16466
f 16439 16465 16467
f 16457 16431 16433
f 16457 16433 16468
f 16468 16433 16469
f 16469 16470 16468
f 16461 16399 16463
f 16430 16471 16465
f 16462 16463 16472
f 16432 16430 16465
f 16466 16432 16465
f 16421 16462 16472
f 16423 16422 16473
f 16423 16474 16475
f 16476 16463 16477
f 16477 16478 16476
f 16422 16476 16479
f 16476 16478 16479
f 16422 16479 16473
f 16478 16480 16479
f 16481 16482 16483
f 16482 16481 16484
f 16362 16420 16485
f 16486 16487 16488
f 16489 16490 16491
f 16492 16493 16494
f 16495 16496 16497
f 16491 16498 16499
f 16498 16491 16500
f 16501 16499 16502
f 16488 16500 16503
f 16500 16488 16498
f 16496 16504 16497
f 16500 16505 16503
f 16506 16507 16501
f 16508 16509 16510
f 16511 16488 16487
f 16509 16512 16513
f 16514 16515 16516
f 16503 16517 16486
f 16518 16482 16517
f 16519 16501 16520
f 16487 16484 16481
f 16521 16494 16522
f 16494 16521 16523
f 16513 16523 16521
f 16524 16521 16507
f 16521 16524 16513
f 16509 16513 16524
f 16399 16525 16526
f 16493 16527 16494
f 16527 16493 16528
f 16522 16520 16507
f 16507 16521 16522
f 16528 16529 16527
f 16529 16528 16530
f 16522 16494 16527
f 16520 16527 16529
f 16481 16483 16531
f 16532 16525 16533
f 16534 16532 16535
f 16519 16536 16537
f 16538 16539 16540
f 16420 16541 16542
f 16541 16420 16543
f 16542 16541 16544
f 16545 16546 16497
f 16547 16536 16548
f 16549 16550 16551
f 16497 16538 16540
f 16527 16528 16529
f 16527 16529 16547
f 16540 16539 16552
f 16553 16490 16554
f 16555 16556 16557
f 16558 16559 16548
f 16536 16560 16558
f 16490 16561 16519
f 16519 16537 16554
f 16560 16519 16562
f 16563 16564 16565
f 16519 16561 16562
f 16561 16555 16566
f 16560 16562 16558
f 16567 16497 16540
f 16568 16557 16569
f 16568 16570 16566
f 16552 16567 16540
f 16571 16539 16559
f 16539 16571 16552
f 16493 16492 16572
f 16573 16574 16575
f 16576 16577 16578
f 16577 16576 16579
f 16575 16559 16539
f 16569 16580 16577
f 16539 16573 16575
f 16580 16581 16582
f 16581 16580 16583
f 16577 16580 16578
f 16527 16547 16574
f 16547 16548 16574
f 16559 16584 16548
f 16580 16582 16578
f 16578 16582 16585
f 16586 16587 16550
f 16588 16589 16590
f 16591 16529 16592
f 16529 16591 16593
f 16527 16594 16595
f 16596 16597 16598
f 16495 16599 16600
f 16493 16527 16601
f 16594 16592 16529
f 16602 16538 16590
f 16593 16547 16595
f 16547 16593 16603
f 16592 16604 16605
f 16587 16606 16607
f 16606 16587 16608
f 16428 16546 16609
f 16590 16538 16588
f 16589 16493 16601
f 16493 16589 16572
f 16589 16601 16573
f 16602 16610 16603
f 16610 16602 16611
f 16594 16529 16595
f 16547 16603 16610
f 16591 16605 16612
f 16605 16591 16592
f 16613 16593 16614
f 16615 16616 16614
f 16593 16615 16614
f 16591 16617 16618
f 16617 16619 16618
f 16618 16619 16620
f 16621 16616 16620
f 16622 16623 16619
f 16623 16622 16624
f 16620 16619 16625
f 16626 16627 16628
f 16602 16573 16611
f 16620 16625 16629
f 16629 16625 16626
f 16623 16630 16627
f 16631 16632 16633
f 16630 16634 16635
f 16631 16633 16636
f 16541 16631 16636
f 16637 16638 16597
f 16572 16639 16589
f 16639 16572 16640
f 16428 16641 16609
f 16641 16428 16572
f 16642 16643 16644
f 16645 16588 16538
f 16588 16645 16646
f 16647 16528 16648
f 16528 16647 16649
f 16640 16650 16528
f 16609 16641 16546
f 16651 16599 16546
f 16599 16651 16588
f 16588 16651 16589
f 16573 16538 16588
f 16652 16538 16653
f 16588 16646 16599
f 16495 16599 16646
f 16573 16588 16589
f 16572 16589 16651
f 16639 16654 16655
f 16573 16656 16653
f 16657 16658 16659
f 16660 16657 16659
f 16661 16660 16659
f 16662 16663 16664
f 16662 16664 16665
f 16658 16662 16665
f 16659 16658 16665
f 16666 16667 16668
f 16667 16666 16669
f 16670 16671 16672
f 16673 16670 16674
f 16659 16665 16675
f 16659 16675 16669
f 16675 16665 16676
f 16675 16667 16669
f 16667 16675 16677
f 16672 16646 16674
f 16646 16672 16637
f 16670 16672 16674
f 16676 16678 16668
f 16676 16668 16677
f 16667 16677 16668
f 16666 16668 16679
f 16646 16680 16674
f 16645 16538 16680
f 16572 16651 16641
f 16546 16641 16651
f 16656 16681 16682
f 16681 16589 16655
f 16683 16684 16685
f 16685 16684 16686
f 16679 16687 16666
f 16589 16639 16655
f 16683 16685 16688
f 16689 16690 16691
f 16690 16689 16692
f 16693 16694 16597
f 16694 16693 16695
f 16696 16697 16698
f 16694 16596 16597
f 16699 16690 16692
f 16690 16699 16700
f 16428 16609 16701
f 16597 16700 16702
f 16703 16701 16609
f 16701 16703 16644
f 16641 16704 16705
f 16705 16706 16707
f 16708 16696 16709
f 16696 16698 16709
f 16710 16711 16712
f 16710 16712 16713
f 16713 16714 16715
f 16714 16713 16712
f 16708 16709 16698
f 16712 16716 16714
f 16716 16712 16717
f 16712 16718 16717
f 16693 16719 16695
f 16702 16700 16699
f 16720 16674 16721
f 16717 16718 16722
f 16723 16717 16724
f 16725 16723 16724
f 16724 16722 16726
f 16722 16727 16726
f 16725 16724 16726
f 16728 16726 16729
f 16726 16728 16725
f 16727 16730 16731
f 16726 16727 16732
f 16700 16495 16733
f 16734 16735 16736
f 16737 16738 16707
f 16726 16732 16729
f 16729 16732 16739
f 16740 16599 16741
f 16689 16740 16738
f 16741 16651 16705
f 16715 16714 16742
f 16715 16704 16713
f 16704 16715 16705
f 16732 16743 16739
f 16739 16743 16744
f 16745 16744 16743
f 16746 16747 16428
f 16747 16746 16609
f 16748 16643 16644
f 16749 16750 16746
f 16751 16748 16703
f 16752 16753 16754
f 16753 16752 16693
f 16609 16701 16747
f 16755 16756 16757
f 16758 16759 16711
f 16710 16711 16760
f 16711 16710 16761
f 16711 16759 16762
f 16748 16753 16694
f 16753 16748 16763
f 16694 16596 16748
f 16761 16758 16711
f 16761 16710 16764
f 16710 16760 16765
f 16760 16711 16762
f 16765 16760 16766
f 16767 16768 16769
f 16760 16762 16770
f 16771 16770 16772
f 16770 16762 16772
f 16771 16772 16773
f 16774 16775 16756
f 16774 16763 16751
f 16748 16644 16703
f 16776 16777 16778
f 16776 16778 16779
f 16703 16750 16751
f 16751 16750 16780
f 16773 16779 16781
f 16771 16773 16782
f 16780 16783 16784
f 16785 16749 16765
f 16749 16785 16783
f 16775 16780 16784
f 16786 16779 16778
f 16773 16781 16782
f 16764 16749 16746
f 16749 16764 16765
f 16782 16781 16787
f 16746 16428 16764
f 16766 16785 16765
f 16788 16789 16790
f 16791 16694 16792
f 16793 16703 16794
f 16792 16694 16795
f 16796 16797 16798
f 16799 16800 16801
f 16800 16799 16802
f 16803 16804 16805
f 16806 16805 16807
f 16807 16805 16804
f 16796 16798 16808
f 16809 16810 16811
f 16803 16812 16813
f 16812 16803 16814
f 16815 16814 16816
f 16806 16807 16817
f 16818 16801 16814
f 16801 16818 16819
f 16801 16819 16799
f 16820 16821 16822
f 16821 16820 16823
f 16814 16800 16816
f 16824 16816 16800
f 16809 16794 16703
f 16822 16825 16811
f 16800 16802 16824
f 16799 16826 16827
f 16802 16799 16827
f 16824 16802 16828
f 16828 16827 16829
f 16827 16828 16802
f 16826 16769 16830
f 16827 16826 16830
f 16831 16828 16829
f 16644 16793 16797
f 16832 16833 16834
f 16833 16832 16835
f 16811 16810 16836
f 16822 16811 16836
f 16810 16837 16836
f 16822 16836 16837
f 16830 16838 16839
f 16839 16840 16831
f 16810 16841 16808
f 16808 16842 16832
f 16843 16834 16833
f 16834 16843 16810
f 16834 16810 16808
f 16834 16808 16832
f 16803 16833 16835
f 16832 16844 16835
f 16845 16846 16847
f 16846 16845 16848
f 16849 16850 16851
f 16850 16849 16848
f 16852 16853 16854
f 16855 16856 16857
f 16856 16855 16853
f 16858 16859 16860
f 16856 16853 16861
f 16862 16863 16864
f 16861 16853 16804
f 16804 16853 16865
f 16855 16857 16819
f 16855 16854 16853
f 16864 16866 16867
f 16850 16855 16819
f 16852 16854 16868
f 16854 16850 16868
f 16868 16850 16869
f 16849 16851 16870
f 16869 16850 16848
f 16851 16769 16870
f 16871 16858 16860
f 16858 16871 16791
f 16872 16871 16860
f 16830 16873 16874
f 16847 16870 16830
f 16870 16847 16846
f 16875 16876 16845
f 16876 16875 16877
f 16847 16830 16877
f 16847 16877 16875
f 16858 16791 16878
f 16860 16859 16863
f 16879 16880 16881
f 16864 16882 16883
f 16876 16877 16884
f 16885 16881 16880
f 16864 16883 16862
f 16886 16862 16883
f 16865 16852 16887
f 16888 16889 16866
f 16882 16890 16891
f 16867 16866 16889
f 16891 16890 16892
f 16893 16891 16887
f 16892 16890 16894
f 16804 16865 16892
f 16887 16892 16865
f 16892 16887 16891
f 16894 16804 16892
f 16895 16896 16897
f 16898 16899 16900
f 16899 16898 16901
f 16902 16903 16904
f 16903 16905 16906
f 16901 16907 16899
f 16901 16908 16909
f 16908 16901 16898
f 16910 16911 16912
f 16908 16913 16914
f 16913 16908 16898
f 16915 16898 16900
f 16898 16915 16913
f 16916 16917 16918
f 16899 16919 16920
f 16921 16915 16900
f 16922 16895 16897
f 16920 16919 16923
f 16921 16900 16924
f 16920 16925 16924
f 16925 16920 16923
f 16926 16927 16928
f 16927 16926 16929
f 16920 16924 16900
f 16925 16930 16931
f 16932 16933 16934
f 16925 16935 16924
f 16935 16925 16936
f 16934 16937 16938
f 16929 16926 16938
f 16939 16934 16933
f 16933 16926 16928
f 16934 16938 16932
f 16940 16918 16927
f 16935 16936 16941
f 16942 16935 16941
f 16938 16943 16929
f 16929 16943 16944
f 16927 16944 16940
f 16916 16918 16945
f 16928 16946 16933
f 16942 16941 16947
f 16917 16928 16918
f 16904 16909 16945
f 16909 16904 16906
f 16908 16914 16909
f 16916 16945 16909
f 16940 16904 16945
f 16948 16949 16950
f 16951 16952 16905
f 16907 16952 16953
f 16907 16899 16954
f 16899 16907 16953
f 16922 16895 16955
f 16956 16899 16953
f 16899 16956 16957
f 16958 16959 16960
f 16961 16962 16959
f 16960 16956 16963
f 16956 16960 16964
f 16957 16956 16964
f 16960 16963 16958
f 16965 16961 16958
f 16958 16963 16965
f 16960 16959 16966
f 16964 16960 16966
f 16967 16968 16969
f 16966 16970 16971
f 16972 16966 16971
f 16969 16968 16973
f 16972 16971 16974
f 16971 16975 16974
f 16976 16954 16977
f 16975 16978 16974
f 16979 16980 16981
f 16982 16948 16983
f 16982 16983 16984
f 16985 16986 16987
f 16988 16989 16983
f 16990 16991 16992
f 16991 16990 16993
f 16983 16989 16984
f 16984 16989 16982
f 16994 16995 16996
f 16997 16994 16996
f 16981 16998 16999
f 16998 16981 17000
f 17001 16981 16980
f 16995 17002 16996
f 16996 17003 17004
f 17003 16996 17002
f 17005 17006 17007
f 17008 16990 16992
f 17003 17002 17009
f 17010 16985 17011
f 17009 17002 17012
f 17011 16985 17012
f 17012 17002 17011
f 17013 17014 17015
f 17008 16992 17016
f 16992 16991 17016
f 17012 16985 17013
f 16990 16988 16993
f 17017 17018 16979
f 17018 17017 17019
f 17015 17014 17020
f 17014 17021 17022
f 17020 17014 17022
f 16999 16998 17023
f 16979 17024 17017
f 17017 17024 17025
f 17026 17001 16980
f 17027 16999 17023
f 16981 17028 17000
f 16996 17004 16997
f 17029 17023 17004
f 16998 17000 17030
f 17004 17023 16997
f 17003 17029 17004
f 16984 16982 16983
f 16982 16984 16989
f 17031 16989 17032
f 17032 16989 16983
f 17032 16983 16988
f 16948 17033 17034
f 17035 17036 17037
f 17036 17038 17039
f 17040 17038 17041
f 17041 17042 17043
f 17044 17043 17045
f 17043 17044 17041
f 17046 17047 17048
f 17043 17049 17045
f 17050 17045 17051
f 17052 17053 17054
f 17045 17049 17055
f 17056 17057 17058
f 17059 17060 17061
f 17062 17063 17064
f 17063 17062 17065
f 17045 17055 17051
f 17057 17031 17032
f 16988 17057 17032
f 17066 17054 17067
f 17059 17068 17069
f 17065 17059 17063
f 17064 17063 17069
f 17051 17066 17070
f 17070 17071 17072
f 17064 17069 17001
f 17064 17046 17073
f 17046 17064 17001
f 17066 17074 17070
f 17073 17046 17048
f 17075 17073 17076
f 17073 17075 17064
f 17062 17064 17077
f 17078 17075 17076
f 17078 17076 17039
f 17071 17079 17072
f 17076 17037 17036
f 16984 16982 17080
f 17031 16989 17081
f 17031 17081 17032
f 17032 17081 16988
f 16984 17081 16989
f 17081 16984 17080
f 17058 17082 17083
f 17084 17031 17032
f 17085 17086 17087
f 17088 17089 17090
f 17089 17088 17091
f 17087 17086 17092
f 17093 17094 17089
f 17095 17096 17097
f 17085 17098 17099
f 17095 17085 17100
f 17085 17099 17100
f 17101 17100 17102
f 17100 17101 17095
f 17099 17098 17103
f 17104 17103 17105
f 17104 17106 17102
f 17107 17083 17082
f 17108 17109 17105
f 17103 17098 17108
f 17110 17111 17112
f 17103 17108 17105
f 17113 17105 17114
f 17105 17113 17115
f 17101 17102 17116
f 17114 17105 17109
f 17107 17082 17117
f 17107 17118 17119
f 17118 17107 17117
f 17114 17109 17120
f 17106 17115 17113
f 17116 17113 17121
f 17120 17122 17123
f 17112 17119 17124
f 17113 17125 17126
f 17093 17089 17091
f 17124 17119 17093
f 17127 17093 17091
f 17093 17127 17124
f 17128 17124 17127
f 17113 17126 17121
f 17129 17091 17130
f 17126 17125 17131
f 17121 17126 17132
f 17094 17090 17089
f 17090 16948 17088
f 17129 17130 17133
f 17088 17134 17135
f 17134 17088 17136
f 17134 17092 17137
f 17092 17134 17136
f 17137 17092 17086
f 17138 17134 17137
f 17031 17139 17032
f 17140 17141 17142
f 16989 16984 17143
f 17139 16989 17143
f 17144 17145 17146
f 17031 17032 17147
f 16984 17080 17143
f 17087 17148 17092
f 17149 17103 17150
f 17032 17139 17151
f 17152 17153 17154
f 17155 17156 17157
f 17158 17159 17160
f 17154 17153 17161
f 17154 17161 17162
f 17085 17162 17158
f 17103 17153 17163
f 17151 17164 17032
f 17161 17103 17165
f 17162 17161 17165
f 17165 17149 17159
f 17147 17032 17164
f 17103 17166 17150
f 17167 17168 17169
f 17166 17170 17171
f 17172 17150 17173
f 17155 17174 17175
f 17167 17169 17176
f 17177 17167 17176
f 17150 17171 17173
f 17178 17179 17180
f 17179 17178 17181
f 17171 17182 17173
f 17183 17182 17184
f 17182 17183 17173
f 17177 17185 17186
f 17174 17187 17188
f 17189 17188 17187
f 17190 17191 17092
f 17191 17190 17192
f 17178 17193 17181
f 17187 17139 17143
f 17194 17195 17180
f 17195 17194 17189
f 17195 17189 17196
f 17182 17197 17184
f 17181 17194 17179
f 17179 17194 17180
f 17196 17191 17195
f 17191 17196 17198
f 17195 17191 17192
f 17199 17200 17201
f 17202 17203 17204
f 16984 16982 17205
f 17206 17207 17208
f 17080 17209 17210
f 17204 17203 17211
f 17212 17213 17214
f 17212 17215 17216
f 17215 17212 17217
f 17218 17219 17220
f 17221 17222 17223
f 17222 17224 17225
f 17226 17223 17219
f 17223 17222 17225
f 17223 17225 17227
f 17203 17228 17206
f 17203 17208 17211
f 17208 17203 17206
f 17211 17214 17213
f 17223 17227 17219
f 17225 17229 17220
f 17229 17225 17230
f 17212 17214 17217
f 17230 17231 17229
f 17220 17232 17218
f 17232 17220 17233
f 17217 17214 17234
f 17234 17207 17235
f 17236 17237 17238
f 17237 17236 17239
f 17240 17241 17242
f 17243 17244 17245
f 17244 17239 17236
f 17246 17247 17248
f 17249 17250 17251
f 17252 17253 17254
f 17238 17251 17253
f 17253 17251 17254
f 17237 17239 17255
f 17256 17240 17242
f 17240 17256 17257
f 17258 17259 17260
f 17235 17261 17080
f 17262 17242 17241
f 17263 17257 17256
f 17209 17248 17247
f 17253 17264 17238
f 17145 17243 17199
f 17250 17254 17251
f 17254 17250 17252
f 17265 17266 17267
f 17268 17269 17270
f 17211 17208 17271
f 17208 17211 17272
f 17273 17208 17268
f 17208 17273 17271
f 17274 17210 17256
f 17256 17210 17263
f 17209 17247 17275
f 17276 17277 17209
f 17251 17237 17249
f 17237 17278 17249
f 17279 17280 17250
f 17280 17281 17267
f 17278 17281 17279
f 17280 17267 17266
f 17265 17282 17283
f 17284 17285 17286
f 17287 16982 17261
f 17288 17243 17289
f 17290 17276 17291
f 17276 17290 17292
f 17293 17294 17295
f 17296 17297 17298
f 17299 17300 17301
f 17300 17299 17288
f 17302 17303 17304
f 17305 17306 17300
f 17288 17307 17308
f 17307 17288 17289
f 17307 17309 17308
f 17310 17309 17311
f 17294 17312 17313
f 17298 17314 17312
f 17314 17298 17315
f 17310 17311 17316
f 17317 17318 17319
f 17319 17320 17321
f 17310 17316 17320
f 17316 17322 17323
f 17320 17316 17321
f 17316 17323 17321
f 17317 17319 17321
f 17324 16982 17325
f 16982 17324 17326
f 17295 17294 17313
f 17327 17315 17298
f 17315 17327 17242
f 17317 17321 17328
f 17312 17324 17325
f 17298 17312 17325
f 17329 17330 17331
f 17242 17327 17332
f 17331 17330 17333
f 17332 17327 17334
f 17328 17331 17335
f 17336 17337 17338
f 17331 17333 17335
f 17330 17338 17339
f 17339 17338 17337
f 17333 17330 17339
f 17296 17276 17292
f 17296 17292 17340
f 17292 17341 17340
f 17341 17292 17290
f 17342 17343 17302
f 17300 17306 17301
f 17344 17341 17345
f 17341 17346 17345
f 17345 17346 17347
f 17347 17346 17305
f 17348 17349 17350
f 17351 17352 17353
f 17352 17351 17354
f 17336 17355 17356
f 17355 17357 17358
f 17359 17351 17243
f 17351 17359 17354
f 17360 17361 17348
f 17361 17360 17362
f 17350 17354 17307
f 17354 17350 17363
f 17360 17350 17307
f 17350 17360 17348
f 17364 17365 17336
f 17304 17302 17343
f 17366 17367 17368
f 17367 17366 17276
f 17276 17366 17369
f 17243 17351 17370
f 17371 17352 17363
f 17354 17363 17352
f 17372 17362 17359
f 17350 17373 17363
f 17360 17359 17362
f 17374 17375 17376
f 17361 17365 17375
f 17350 17349 17377
f 17378 17379 17380
f 17365 17376 17375
f 17349 17381 17377
f 17381 17349 17374
f 17373 17377 17381
f 17381 17374 17382
f 17378 17383 17384
f 17385 17386 17383
f 17376 17387 17388
f 17389 17390 17391
f 17382 17376 17388
f 17388 17387 17392
f 17393 17388 17394
f 17395 17385 17390
f 17385 17383 17396
f 17396 17390 17385
f 17388 17397 17394
f 17396 17367 17276
f 17398 17399 17369
f 17389 17391 17399
f 17398 17369 17400
f 17367 17343 17368
f 17369 17366 17400
f 17353 17301 17370
f 17353 17352 17401
f 17402 17403 17404
f 17403 17402 17405
f 17406 17407 17408
f 17409 17410 17411
f 17357 17412 17413
f 17412 17357 17414
f 17402 17415 17416
f 17342 17407 17243
f 17403 17417 17418
f 17302 17342 17419
f 17420 17421 17422
f 17423 17396 17424
f 17404 17425 17396
f 17302 17419 17426
f 17427 17428 17429
f 17243 17430 17420
f 17430 17243 17429
f 17406 17431 17410
f 17425 17432 17433
f 17432 17425 17418
f 17430 17428 17420
f 17406 17429 17243
f 17429 17406 17410
f 17418 17404 17403
f 17402 17416 17405
f 17424 17396 17425
f 17427 17429 17410
f 17411 17431 17434
f 17431 17411 17410
f 17425 17435 17424
f 17418 17417 17343
f 17426 17436 17302
f 17421 17437 17301
f 17438 17439 17301
f 17433 17432 17438
f 17440 17438 17301
f 17438 17440 17433
f 17343 17426 17419
f 17411 17441 17442
f 17441 17434 17413
f 17443 17444 17445
f 17441 17446 17442
f 17446 17441 17413
f 17411 17442 17447
f 17447 17442 17443
f 17422 17243 17420
f 17448 17445 17444
f 17449 17450 17451
f 17452 17453 17454
f 17406 17455 17456
f 17419 17457 17302
f 17457 17419 17343
f 17458 17456 17459
f 17456 17458 17406
f 17460 17406 17461
f 17457 17462 17302
f 17462 17457 17436
f 17419 17302 17463
f 17464 17459 17465
f 17419 17463 17464
f 17466 17467 17468
f 17469 17464 17470
f 17471 17456 17455
f 17472 17473 17474
f 17475 17472 17476
f 17477 17472 17478
f 17479 17480 17481
f 17482 17479 17481
f 17472 17474 17478
f 17483 17477 17478
f 17474 17484 17485
f 17478 17474 17485
f 17483 17478 17485
f 17343 17419 17469
f 17470 17486 17487
f 17470 17465 17488
f 17465 17470 17464
f 17485 17484 17489
f 17459 17490 17465
f 17488 17465 17491
f 17483 17489 17492
f 17490 17471 17491
f 17493 17494 17495
f 17358 17461 17496
f 17497 17498 17499
f 17500 17501 17343
f 17502 17503 17504
f 17505 17419 17506
f 17419 17505 17507
f 17499 17508 17509
f 17510 17498 17511
f 17497 17509 17459
f 17509 17497 17499
f 17512 17461 17513
f 17508 17512 17514
f 17500 17515 17516
f 17515 17500 17517
f 17512 17513 17514
f 17518 17513 17519
f 17513 17518 17520
f 17514 17513 17520
f 17515 17507 17521
f 17522 17514 17520
f 17509 17515 17521
f 17520 17518 17523
f 17524 17525 17523
f 17526 17519 17527
f 17507 17505 17521
f 17521 17505 17459
f 17524 17523 17528
f 17524 17528 17529
f 17528 17530 17531
f 17463 17511 17532
f 17463 17532 17505
f 17533 17463 17534
f 17535 17511 17510
f 17535 17510 17536
f 17533 17510 17511
f 17537 17538 17358
f 17510 17496 17538
f 17539 17537 17358
f 17537 17539 17540
f 17538 17541 17358
f 17463 17542 17543
f 17542 17463 17505
f 17540 17539 17519
f 17519 17544 17545
f 17546 17547 17548
f 17505 17521 17549
f 17511 17550 17532
f 17534 17551 17533
f 17552 17553 17554
f 17535 17536 17555
f 17556 17536 17557
f 17536 17556 17555
f 17558 17559 17549
f 17559 17558 17560
f 17561 17558 17562
f 17558 17561 17560
f 17545 17544 17518
f 17549 17562 17558
f 17562 17549 17563
f 17564 17565 17559
f 17566 17547 17567
f 17568 17534 17463
f 17534 17568 17569
f 17570 17571 17572
f 17534 17573 17463
f 17573 17534 17551
f 17573 17551 17574
f 17573 17574 17575
f 17576 17577 17559
f 17541 17496 17578
f 17579 17553 17554
f 17569 17551 17534
f 17580 17559 17577
f 17581 17582 17583
f 17584 17574 17585
f 17496 17586 17587
f 17587 17588 17589
f 17588 17587 17590
f 17584 17585 17591
f 17583 17561 17581
f 17592 17593 17594
f 17559 17595 17576
f 17463 17596 17597
f 17593 17590 17598
f 17593 17598 17594
f 17599 17592 17600
f 17601 17599 17602
f 17603 17604 17568
f 17605 17594 17606
f 17606 17594 17607
f 17580 17596 17608
f 17582 17580 17608
f 17605 17601 17602
f 17605 17606 17609
f 17609 17610 17601
f 17568 17463 17597
f 17547 17611 17571
f 17546 17612 17611
f 17612 17546 17613
f 17614 17615 17616
f 17541 17551 17617
f 17618 17619 17559
f 17619 17618 17620
f 17621 17622 17623
f 17624 17625 17626
f 17627 17496 17621
f 17496 17627 17551
f 17628 17629 17630
f 17627 17621 17623
f 17631 17621 17496
f 17496 17587 17631
f 17588 17614 17587
f 17622 17631 17632
f 17631 17614 17632
f 17616 17632 17614
f 17633 17634 17576
f 17593 17635 17636
f 17616 17615 17636
f 17637 17638 17639
f 17638 17637 17640
f 17618 17559 17628
f 17616 17636 17640
f 17636 17635 17638
f 17641 17624 17642
f 17643 17630 17629
f 17630 17643 17644
f 17638 17635 17639
f 17644 17643 17641
f 17626 17642 17624
f 17641 17642 17627
f 17641 17627 17644
f 17541 17496 17645
f 17496 17541 17646
f 17647 17648 17649
f 17650 17651 17652
f 17653 17576 17654
f 17651 17655 17656
f 17655 17651 17657
f 17658 17496 17659
f 17660 17661 17662
f 17661 17660 17663
f 17662 17661 17629
f 17658 17659 17650
f 17664 17665 17621
f 17665 17664 17666
f 17646 17667 17664
f 17666 17664 17667
f 17668 17669 17670
f 17666 17667 17671
f 17672 17671 17673
f 17671 17674 17673
f 17666 17672 17669
f 17674 17675 17676
f 17676 17675 17677
f 17673 17674 17676
f 17670 17678 17679
f 17668 17670 17680
f 17679 17680 17670
f 17678 17676 17681
f 17681 17676 17677
f 17679 17678 17639
f 17682 17680 17639
f 17654 17683 17684
f 17683 17654 17685
f 17686 17687 17576
f 17629 17685 17688
f 17629 17688 17662
f 17651 17660 17657
f 17663 17660 17650
f 17651 17626 17652
f 17650 17659 17663
f 17652 17658 17650
f 17689 17690 17691
f 17692 17693 17694
f 17695 17696 17647
f 17697 17698 17699
f 17700 17696 17690
f 17701 17702 17690
f 17702 17701 17667
f 17689 17703 17704
f 17702 17691 17690
f 17705 17706 17707
f 17701 17696 17708
f 17709 17678 17710
f 17709 17711 17712
f 17711 17709 17713
f 17697 17714 17692
f 17715 17716 17710
f 17716 17715 17717
f 17713 17709 17716
f 17718 17719 17651
f 17719 17718 17720
f 17694 17693 17721
f 17718 17722 17723
f 17722 17718 17724
f 17693 17719 17720
f 17721 17693 17720
f 17721 17723 17725
f 17700 17722 17724
f 17726 17727 17728
f 17689 17704 17722
f 17723 17722 17704
f 17729 17711 17713
f 17713 17730 17709
f 17713 17731 17729
f 17731 17713 17732
f 17712 17709 17730
f 17713 17709 17733
f 17733 17734 17735
f 17736 17699 17737
f 17738 17739 17740
f 17674 17712 17741
f 17742 17743 17741
f 17744 17745 17746
f 17745 17747 17746
f 17747 17745 17696
f 17746 17747 17748
f 17739 17749 17750
f 17749 17739 17751
f 17752 17749 17751
f 17731 17747 17696
f 17747 17731 17748
f 17753 17752 17751
f 17729 17731 17696
f 17754 17739 17750
f 17739 17754 17740
f 17748 17731 17732
f 17732 17733 17735
f 17755 17756 17757
f 17756 17755 17758
f 17750 17759 17754
f 17760 17674 17741
f 17761 17760 17762
f 17760 17761 17735
f 17742 17763 17764
f 17762 17741 17743
f 17765 17766 17767
f 17767 17766 17768
f 17749 17765 17767
f 17769 17770 17768
f 17771 17768 17772
f 17768 17771 17769
f 17766 17773 17774
f 17768 17766 17774
f 17768 17775 17772
f 17775 17768 17774
f 17772 17758 17771
f 17774 17756 17775
f 17756 17774 17773
f 17758 17775 17756
f 17744 17756 17773
f 17773 17776 17744
f 17757 17748 17755
f 17777 17695 17778
f 17777 17779 17780
f 17781 17782 17713
f 17711 17777 17780
f 17709 17730 17674
f 17713 17709 17781
f 17742 17783 17741
f 17783 17742 17764
f 17784 17742 17741
f 17763 17780 17785
f 17763 17785 17764
f 17741 17783 17786
f 17787 17788 17744
f 17744 17788 17789
f 17789 17790 17744
f 17788 17791 17789
f 17792 17793 17782
f 17793 17729 17782
f 17794 17795 17796
f 17797 17798 17799
f 17779 17785 17780
f 17800 17799 17801
f 17794 17802 17781
f 17798 17803 17799
f 17799 17803 17801
f 17804 17790 17805
f 17801 17806 17800
f 17807 17808 17809
f 17803 17807 17809
f 17810 17809 17808
f 17809 17810 17811
f 17801 17803 17811
f 17801 17811 17812
f 17803 17809 17811
f 17811 17813 17814
f 17813 17811 17810
f 17815 17816 17817
f 17744 17813 17816
f 17813 17744 17804
f 17787 17815 17818
f 17818 17819 17787
f 17789 17791 17820
f 17821 17822 17823
f 17695 17824 17823
f 17778 17825 17695
f 17825 17780 17711
f 17826 17827 17828
f 17829 17695 17825
f 17695 17829 17729
f 17763 17830 17831
f 17824 17832 17833
f 17832 17829 17711
f 17830 17834 17742
f 17742 17783 17835
f 17783 17742 17834
f 17778 17695 17823
f 17836 17837 17822
f 17823 17822 17837
f 17824 17833 17821
f 17838 17839 17840
f 17839 17838 17841
f 17841 17842 17843
f 17844 17833 17845
f 17846 17827 17847
f 17827 17846 17832
f 17825 17711 17829
f 17848 17839 17843
f 17839 17848 17849
f 17850 17851 17847
f 17851 17850 17835
f 17852 17853 17854
f 17855 17856 17857
f 17856 17855 17858
f 17830 17742 17831
f 17859 17835 17860
f 17783 17834 17861
f 17862 17863 17854
f 17854 17863 17852
f 17854 17864 17865
f 17864 17854 17853
f 17866 17865 17858
f 17853 17867 17836
f 17845 17868 17869
f 17845 17869 17870
f 17871 17872 17873
f 17872 17871 17874
f 17875 17876 17778
f 17877 17875 17878
f 17778 17879 17880
f 17881 17882 17883
f 17882 17881 17879
f 17778 17884 17875
f 17884 17778 17885
f 17886 17887 17888
f 17885 17778 17880
f 17885 17889 17890
f 17889 17885 17891
f 17879 17876 17882
f 17877 17780 17892
f 17873 17893 17894
f 17871 17873 17895
f 17895 17873 17896
f 17871 17897 17874
f 17872 17898 17893
f 17899 17900 17901
f 17899 17901 17902
f 17903 17904 17905
f 17904 17903 17902
f 17906 17907 17889
f 17902 17901 17908
f 17893 17898 17909
f 17894 17893 17910
f 17904 17902 17911
f 17905 17904 17911
f 17912 17913 17914
f 17915 17916 17917
f 17898 17918 17919
f 17911 17908 17920
f 17908 17912 17920
f 17905 17911 17921
f 17891 17922 17923
f 17924 17919 17925
f 17919 17926 17925
f 17925 17926 17889
f 17924 17925 17927
f 17923 17927 17891
f 17927 17923 17924
f 17890 17889 17907
f 17890 17884 17885
# Vertices: 17927, normals: 0, texture coordinates: 0, faces: 13865

